time,power_5m,power_10m,power_15m
0,0,0,0
0.19999999,0,0,0
0.39999998,0,0,0
0.59999996,0,0,0
0.79999995,0,0,0
0.99999994,0,0,0
1.1999999,0,0,0
1.4,0,0,0
1.5999999,0,0,0
1.8,0,0,0
1.9999999,0,0,0
2.2,0.00000000000024519978,0,0
2.3999999,0.0000000000037576283,0,0
2.6,0.000000000039279847,0,0
2.8,0.00000000031221992,0,0
2.9999998,0.0000000020475663,0,0
3.1999998,0.000000011394414,0,0
3.4,0.00000005467,0,0
3.6,0.00000022822394,0,0
3.8,0.00000082970473,0,0
3.9999998,0.0000026399675,0,0
4.2,0.000007382093,0,0
4.4,0.000018176419,0,0
4.6,0.000039428804,0,0
4.7999997,0.00007531636,0,0
5,0.00012638979,0,0
5.2,0.0001851385,0,0
5.3999996,0.00023345982,0,0
5.6,0.00024640554,0,0
5.7999997,0.00020552328,0,0
5.9999995,0.00011812453,0,0
6.2,0.000028535578,0,0
6.3999996,0.0000044654453,0,0
6.5999994,0.0000978771,0.0000000000001330136,0
6.8,0.00030530247,0.0000000000013541524,0
7,0.0005603938,0.000000000009051296,0
7.2,0.00076752866,0.000000000041127213,0
7.4,0.00085156393,0.00000000018092458,0
7.6,0.00079047936,0.00000000067549605,0
7.7999997,0.0006164625,0.0000000023586306,0
7.9999995,0.0003944807,0.000000007698299,0
8.2,0.00019354442,0.000000023326326,0
8.4,0.00006052627,0.00000006594131,0
8.599999,0.0000065758113,0.00000017398085,0
8.8,0.000016116323,0.00000042686793,0
9,0.000073006726,0.0000009738892,0
9.2,0.00017941538,0.000002063395,0
9.4,0.0003474155,0.0000040513196,0
9.599999,0.0005612602,0.000007357133,0
9.799999,0.0007438831,0.000012302215,0
10,0.00079434586,0.000018831097,0
10.2,0.00068454834,0.000026166043,0
10.4,0.0004869575,0.000032577613,0
10.599999,0.0002933864,0.000035569006,0
10.799999,0.00014544994,0.00003276754,0
11,0.0000462653,0.000023524251,0
11.2,0.0000022296392,0.000010622123,0.0000000000000035527137
11.4,0.000037996702,0.0000009131911,0.0000000000004986589
11.599999,0.00016994274,0.0000038101139,0.000000000003502123
11.799999,0.0003641309,0.000027301994,0.000000000017212778
11.999999,0.000536833,0.00007271314,0.000000000061982655
12.200001,0.0006204664,0.00013114439,0.00000000018763548
12.4,0.00062280154,0.00018469614,0.0000000005276817
12.6,0.00059809803,0.00021332821,0.0000000014321144
12.799999,0.0005699969,0.00020444795,0.00000000384977
13,0.0004962627,0.00016008486,0.000000009958114
13.199999,0.0003241378,0.000096941076,0.000000024317023
13.4,0.00011215181,0.00003874611,0.00000005573436
13.6,0.000008114451,0.0000050970566,0.00000012153423
13.8,0.000045420657,0.0000032648934,0.00000025342166
14,0.00012758872,0.000027314029,0.0000005012864
14.2,0.0002093529,0.00006386866,0.0000009352683
14.4,0.00032709353,0.000099746,0.0000016412544
14.599999,0.0005058635,0.00012676942,0.000002708501
14.8,0.00068821106,0.00014224337,0.000004192023
15,0.0007621638,0.00014653069,0.0000060491584
15.2,0.00068883254,0.00014028334,0.000008061828
15.4,0.0005253743,0.00012334218,0.000009801435
15.599999,0.0003338241,0.000095863754,0.000010684231
15.799999,0.0001550875,0.000060878872,0.00001013687
15.999999,0.000035858306,0.000026227977,0.000007887772
16.2,0.0000053345807,0.0000034619547,0.0000043674513
16.4,0.000047383102,0.0000031706895,0.0000010097347
16.6,0.00014143603,0.000029020483,0.00000018298498
16.8,0.00029232755,0.000074393,0.000004564702
17,0.0004886391,0.00012439495,0.000015984391
17.199999,0.0006570368,0.00016243945,0.00003410077
17.4,0.0007190709,0.00017753972,0.000055572127
17.6,0.0006794953,0.00016802095,0.00007444779
17.8,0.0005840687,0.00014007412,0.000084091895
18,0.00044089922,0.00010311541,0.000080050886
18.199999,0.00025227855,0.00006545579,0.00006256245
18.4,0.00008415659,0.000032726424,0.00003731263
18.6,0.000009419916,0.0000092266,0.000013678375
18.8,0.00001796773,0.000000037222847,0.00000086490934
19,0.00007585681,0.000010822079,0.0000037360142
19.199999,0.00019547273,0.000043571665,0.000020679603
19.4,0.00039847498,0.0000913609,0.000044688655
19.599998,0.00062478334,0.00013875755,0.00006675856
19.8,0.00074297574,0.00016995952,0.00007973358
20,0.0007109005,0.00017737187,0.000080781436
20.2,0.00060283695,0.00016277928,0.00007147339
20.4,0.00047637132,0.00013237073,0.000055952536
20.599998,0.00033022097,0.00009274128,0.000038633734
20.8,0.0001698286,0.000051263538,0.000022757959
21,0.000045402423,0.000017535402,0.000010263288
21.199999,0.0000029537453,0.0000010011208,0.0000023481853
21.399998,0.000045042754,0.000005463752,0.00000006999191
21.599998,0.00015641157,0.000027220569,0.0000045170364
21.800001,0.0003198889,0.00005981383,0.000016355358
22,0.0005004221,0.00009910934,0.000034767436
22.2,0.0006466595,0.00014172232,0.000056385587
22.4,0.0007171076,0.00017827962,0.00007529522
22.6,0.0006916116,0.00019151566,0.000084999396
22.8,0.00057298265,0.00016849775,0.000081534716
23,0.00039851334,0.00011716927,0.00006571217
23.199999,0.00022667999,0.00006265887,0.00004290763
23.4,0.00009567925,0.000024527524,0.000020613055
23.599998,0.000016941045,0.000005313353,0.0000052773594
23.8,0.000008065834,0.00000010723921,0.000000058331118
23.999998,0.00009672034,0.000008455885,0.000004458215
24.199999,0.0002659349,0.000036409205,0.000015645735
24.400002,0.0004398991,0.00008679106,0.000030310603
24.6,0.00056632224,0.00014501499,0.000045732944
24.8,0.0006499686,0.00018249177,0.000059651262
25,0.0006905019,0.00018220843,0.000069640504
25.2,0.0006505407,0.00015380772,0.000073038085
25.4,0.0005109613,0.000118274766,0.00006785868
25.599998,0.0003225024,0.000086541346,0.000054162934
25.8,0.00015667042,0.000056599372,0.00003493565
26,0.0000460788,0.000025394227,0.000015725456
26.199999,0.0000019597555,0.0000025327113,0.0000028247841
26.399998,0.000041931227,0.000006049254,0.0000005813192
26.599998,0.0001685711,0.000037329304,0.000009374386
26.8,0.00034245366,0.000075687916,0.000025639765
27,0.000508681,0.000105557585,0.000043897155
27.2,0.00063158805,0.00012994224,0.00005923721
27.4,0.00068943686,0.00015483011,0.000068702546
27.6,0.00066691625,0.0001730475,0.00007125297
27.8,0.0005684241,0.00016672314,0.00006699559
28,0.00041964295,0.00012880817,0.000056585464
28.199999,0.00025202692,0.00007570507,0.000041330495
28.4,0.00010149267,0.00003069333,0.000023886729
28.599998,0.000013143232,0.0000054461343,0.00000860335
28.8,0.00001669255,0.0000010398671,0.0000004751597
28.999998,0.00010141863,0.00001495979,0.000002798816
29.199999,0.0002383313,0.000043056534,0.000015249176
29.399998,0.00040632178,0.0000804521,0.000033940443
29.6,0.00057519635,0.00012244986,0.00005327945
29.8,0.0006887322,0.00016109803,0.00006813576
30,0.0007016149,0.00018194795,0.000075163465
30.2,0.0006231213,0.00017277525,0.00007316658
30.4,0.00049245666,0.0001376161,0.000062981504
30.599998,0.0003352334,0.00009299362,0.000047201633
30.8,0.0001722533,0.000051438932,0.00002952378
31,0.00004649267,0.000018396753,0.000013767212
31.199999,0.0000032546914,0.000001046561,0.0000031394306
31.399998,0.000050050425,0.0000066619195,0.0000001120299
31.599998,0.00016476182,0.0000304051,0.0000064170454
31.8,0.0003230094,0.000060403967,0.000022113883
31.999998,0.0004943032,0.00009479614,0.00004383088
32.2,0.0006331329,0.00013844765,0.00006445266
32.4,0.00069908565,0.00018224116,0.00007644801
32.6,0.0006789961,0.00019598274,0.000076619486
32.8,0.00058019604,0.00016276233,0.00006736969
33,0.0004217277,0.00010716471,0.000053393218
33.2,0.00024231196,0.000060948598,0.000037982212
33.399998,0.00009379262,0.000030267383,0.000022535774
33.6,0.000013024384,0.000009078321,0.000008809393
33.8,0.0000127862895,0.000000031930853,0.00000080199675
34,0.00009437324,0.000013560405,0.0000030816252
34.199997,0.000244532,0.000047829686,0.000016187245
34.399998,0.00042179017,0.00008837394,0.000034839402
34.6,0.00057325163,0.00012723045,0.000052231168
34.8,0.0006682018,0.00016171923,0.00006507097
35,0.0006959513,0.00018069558,0.000073286305
35.2,0.00064426457,0.00016997801,0.000076152144
35.4,0.0005101804,0.00013292205,0.00007050604
35.6,0.00032840006,0.00008845154,0.000054189415
35.8,0.0001585201,0.0000495817,0.000031401796
36,0.000043766348,0.000019275101,0.000011610789
36.199997,0.000002440827,0.0000017121938,0.0000015321381
36.399998,0.00004340856,0.000004420299,0.0000009196513
36.6,0.00016268555,0.000028195333,0.000006914504
36.8,0.00033009902,0.00006560693,0.000019238749
37,0.0005004275,0.00010944516,0.000039857565
37.2,0.0006351643,0.00015156364,0.000067354726
37.4,0.0007037928,0.00017694727,0.000091722155
37.6,0.00068285235,0.00017307025,0.00009926609
37.8,0.0005737635,0.00014511707,0.000085969725
38,0.0004111809,0.00010881458,0.000061585146
38.2,0.00024039779,0.0000725711,0.000038563405
38.399998,0.00009763698,0.000037395355,0.00002178744
38.6,0.000013804054,0.000009286547,0.000009715067
38.8,0.0000136952185,0.0000007820131,0.0000014399402
39,0.00009818249,0.00001663938,0.0000016991291
39.199997,0.00024163809,0.000049101123,0.00001737069
39.399998,0.0004116912,0.00008888122,0.000046344845
39.6,0.0005749846,0.00012921168,0.00007491526
39.8,0.0006875816,0.00016084472,0.00009092052
40,0.0007082592,0.00017348552,0.000093904535
40.2,0.00063177804,0.00016367031,0.00008949868
40.4,0.0004908603,0.00013569203,0.000079879246
40.6,0.00032476446,0.00009615411,0.0000628895
40.8,0.00016532984,0.00005334738,0.000038897953
41,0.000046709647,0.000018562274,0.000015503658
41.199997,0.0000024047954,0.0000013115723,0.0000024269912
41.399998,0.00004546007,0.00000483192,0.000003448848
41.6,0.00016362246,0.000028847528,0.000015858277
41.8,0.00033005257,0.00007031394,0.000035061817
42,0.0005055793,0.00011760925,0.000056830453
42.199997,0.0006411,0.00015310824,0.000076725024
42.399998,0.00069890136,0.00016881632,0.000090067326
42.6,0.0006710284,0.0001699653,0.00009312916
42.799995,0.00057043997,0.00015972713,0.000084448286
42.999996,0.00041746203,0.00013167385,0.00006590241
43.199997,0.0002444539,0.00008457521,0.000042823944
43.399998,0.0000970795,0.000036047742,0.000021640397
43.600002,0.000014371922,0.000006653667,0.000006820811
43.800003,0.000013533589,0.0000004865244,0.0000006621482
44,0.00009554751,0.000013280462,0.000004927305
44.2,0.00024673267,0.0000448014,0.000019866622
44.4,0.00042816333,0.00009310224,0.00004118019
44.6,0.00058408896,0.00014365738,0.000061790284
44.8,0.00067470403,0.00017753373,0.00007812155
45,0.0006892788,0.00018824318,0.00009057895
45.2,0.0006292813,0.00017929054,0.00009673614
45.4,0.0005013249,0.00015245398,0.00008885137
45.6,0.00033097656,0.00010927569,0.000063839645
45.8,0.00016422637,0.00005974379,0.000032801683
46,0.000045491408,0.000019817526,0.000010800104
46.199997,0.0000022072186,0.0000009793332,0.0000017847163
46.399998,0.00004572237,0.000006500823,0.0000020391121
46.6,0.00016807926,0.000033507957,0.000010691894
46.8,0.00033637194,0.0000744875,0.000030102661
47,0.00050481776,0.00012019082,0.00005721974
47.199997,0.0006346181,0.00016251157,0.000080892
47.399998,0.0006977734,0.00019176005,0.00009262358
47.6,0.0006756269,0.00019501583,0.00009279872
47.799995,0.0005701227,0.00016655144,0.0000838929
47.999996,0.0004109546,0.000118403055,0.00006620765
48.199997,0.00024015275,0.00007016867,0.000042658015
48.399998,0.00009540969,0.000032305543,0.000020824777
48.6,0.000010770365,0.000007457811,0.0000065038726
48.800003,0.000014471258,0.0000009134448,0.0000006072546
49,0.00010955009,0.000018913655,0.000003926006
49.2,0.0002665279,0.000057073023,0.000019136338
49.4,0.00044497693,0.000102333855,0.00004457159
49.6,0.00060995785,0.00014615657,0.000070795315
49.8,0.00072603824,0.0001842728,0.00008934226
50,0.00075844454,0.00020674664,0.000098879864
50.2,0.0006946415,0.00020080546,0.000098914345
50.4,0.000554932,0.00016626436,0.00008586123
50.6,0.00037612603,0.00011779448,0.000060856073
50.8,0.00019689494,0.0000702303,0.000034352324
51,0.00005890427,0.000031063842,0.000015601567
51.199997,0.00000064429014,0.000005846849,0.000005017944
51.399998,0.000038281356,0.000001072144,0.00000078488176
51.6,0.00015954813,0.00001947,0.000005893894
51.8,0.00033521274,0.000057134952,0.000023111155
52,0.00052605197,0.00010518909,0.000044629804
52.199997,0.0006857215,0.00015054304,0.00005861053
52.399998,0.0007752223,0.00017901462,0.000063662475
52.6,0.00077799393,0.00018405123,0.000065028806
52.799995,0.00069624215,0.00016983986,0.000062972606
52.999996,0.0005430464,0.00014304239,0.000052761745
53.199997,0.00034901965,0.000106862615,0.000034520337
53.399998,0.00016503107,0.00006572318,0.000016319558
53.6,0.00004038839,0.0000294352,0.000004973519
53.800003,0.000000572582,0.000007215679,0.000001345352
54,0.000049579554,0.0000016791506,0.000004711884
54.2,0.00017807314,0.000012028917,0.000014627006
54.4,0.00035838474,0.00003706733,0.000027726051
54.6,0.00054446486,0.0000710634,0.000037720332
54.8,0.00069169817,0.00010233207,0.000040795563
55,0.00077259634,0.00012219707,0.000037611528
55.2,0.00077162276,0.00013068265,0.000030273306
55.4,0.00068166904,0.0001299719,0.000020722855
55.6,0.0005172618,0.00011842886,0.000011328827
55.8,0.00032115207,0.0000946299,0.000004516086
56,0.00014600734,0.000063405176,0.0000019683716
56.199997,0.00003337645,0.00003344671,0.000004901427
56.399998,0.000008749923,0.000011779339,0.000013344901
56.6,0.00008017248,0.000003358535,0.000024009167
56.8,0.00023294536,0.0000112263915,0.00003162203
57,0.00043249663,0.00003337637,0.000033888253
57.199997,0.00063535094,0.00006314571,0.00003217763
57.399998,0.0007941028,0.00009456456,0.000027638656
57.6,0.0008627601,0.00012352457,0.000020103624
57.799995,0.0008172245,0.00014394659,0.000011046221
57.999996,0.0006728743,0.00014811326,0.000004432135
58.199997,0.0004731255,0.0001333633,0.0000027563074
58.399998,0.00026609586,0.000104550985,0.000005260692
58.6,0.000098061646,0.00006888044,0.000010383048
58.799995,0.000012255128,0.000033652006,0.000016876435
59,0.000032214542,0.0000090316,0.000022682643
59.2,0.00014805453,0.000005219747,0.00002536771
59.4,0.00032757892,0.000023835919,0.000024563742
59.6,0.0005315759,0.000057690166,0.000022031994
59.8,0.0007131604,0.000098475284,0.000019158782
60,0.00082068297,0.00013862194,0.000015881797
60.2,0.0008213719,0.00016795813,0.000012237296
60.4,0.0007202295,0.00017635299,0.000009451198
60.6,0.00054983207,0.00016111501,0.000008335215
60.8,0.000351282,0.00012782446,0.000008177649
61,0.00016820514,0.00008512469,0.000008084997
61.199997,0.000042986772,0.000043098524,0.000008132749
61.399998,0.000004782813,0.000013087281,0.000008453397
61.6,0.0000614413,0.000002632705,0.000008691968
61.8,0.00020104005,0.000011587891,0.0000092204
62,0.00039264944,0.000035653222,0.000011304297
62.199997,0.0005881368,0.00007000005,0.000015281756
62.399998,0.0007373934,0.00010738541,0.000018954644
62.6,0.0008071143,0.00013757958,0.000019833942
62.799995,0.0007836172,0.00015295754,0.00001857951
62.999996,0.00066867657,0.00015179667,0.000017467328
63.199997,0.00048565632,0.0001345141,0.000017227761
63.399998,0.0002826467,0.00010214328,0.000017136521
63.6,0.00011409157,0.00006136831,0.00001688083
63.799995,0.000018849885,0.000025145877,0.000016842097
63.999996,0.000018060236,0.0000040384675,0.000016809263
64.2,0.00011858717,0.0000009795765,0.000015993352
64.4,0.00030266138,0.0000152091,0.00001422679
64.6,0.0005212141,0.000045039327,0.00001238518
64.8,0.00071391737,0.00008483109,0.000011817108
65,0.00083548774,0.00012383223,0.000013911281
65.2,0.0008605505,0.00015119652,0.000019618277
65.4,0.0007806526,0.0001601556,0.000028277396
65.6,0.00061182823,0.00014785926,0.00003723947
65.8,0.00039824352,0.00011655093,0.000043548873
66,0.0001963528,0.0000756847,0.000045458975
66.2,0.000054968343,0.00003824984,0.000041935113
66.4,0.000007017052,0.000014198595,0.000032627835
66.6,0.00006418532,0.000008989083,0.00002024815
66.799995,0.00021030192,0.000024518979,0.000010855323
67,0.0004054589,0.000057004265,0.000008382284
67.2,0.00060032407,0.000096815056,0.000011469227
67.399994,0.000746686,0.00013431106,0.000017755341
67.6,0.0008057519,0.00016297691,0.000026745372
67.799995,0.0007625937,0.0001758658,0.00003704583
68,0.0006341303,0.00016593069,0.00004427067
68.2,0.00045650487,0.00013458147,0.00004473091
68.399994,0.00026829756,0.000094386385,0.000039560837
68.6,0.00010864351,0.00005873001,0.00003210141
68.799995,0.00001789627,0.00003423012,0.00002396774
69,0.000022684037,0.000024428817,0.000015796108
69.2,0.00011991017,0.000032912438,0.000009342935
69.4,0.00028207526,0.000058826598,0.00000632666
69.6,0.00047146162,0.00009435585,0.0000064087435
69.8,0.00064433727,0.00013023538,0.000008552844
70,0.00075538934,0.00015980132,0.0000129380505
70.2,0.0007746782,0.0001769106,0.000020220821
70.4,0.0007010517,0.00017600867,0.000029945028
70.6,0.00055648864,0.00015673868,0.000040095696
70.8,0.00037434616,0.00012485303,0.000047530717
71,0.00019536991,0.000087857494,0.00004892742
71.2,0.000063436404,0.00005262126,0.000042849504
71.4,0.000012582384,0.000026085425,0.000031575575
71.6,0.000054955173,0.00001423178,0.00001950001
71.799995,0.00017877243,0.000019884614,0.000009683116
72,0.00035207652,0.00004284175,0.0000032749904
72.2,0.0005301406,0.0000796793,0.0000011532015
72.399994,0.0006696692,0.000120897836,0.0000038484927
72.6,0.00074212847,0.00015208515,0.000009961524
72.799995,0.00073525705,0.00016348681,0.000017071747
73,0.00064947293,0.00015630125,0.00002428272
73.2,0.0005013724,0.00013661914,0.000031627398
73.399994,0.00032746035,0.00010829087,0.000037488815
73.6,0.0001726772,0.00007484118,0.00003888011
73.799995,0.00007264459,0.00004338271,0.00003496966
74,0.00004826948,0.000021298663,0.000028039527
74.2,0.00010827474,0.000011368127,0.000020338335
74.4,0.0002445149,0.000013464029,0.000012662527
74.6,0.0004265538,0.000027611713,0.000005775306
74.8,0.00061149255,0.000052225725,0.0000012411875
75,0.00075987086,0.00008171758,0.00000031032857
75.2,0.00083986286,0.00010907398,0.000002845837
75.4,0.00082752085,0.00012950815,0.000007931127
75.6,0.00071766635,0.0001397634,0.000014549891
75.8,0.0005353781,0.00013645695,0.000021367163
76,0.00032950786,0.00011800477,0.000026928159
76.2,0.00015457245,0.000087349814,0.00003047139
76.4,0.00005693416,0.00005186972,0.000031828407
76.6,0.0000649163,0.000021404016,0.00003056693
76.799995,0.00018019186,0.000005711746,0.00002610018
77,0.0003781314,0.000010150117,0.000018825427
77.2,0.0006170802,0.000032298187,0.00001060224
77.399994,0.0008456427,0.00006464721,0.000003920718
77.6,0.0010086807,0.00009955483,0.000001004168
77.799995,0.0010626948,0.00012924483,0.0000032822059
78,0.0009935726,0.00014439697,0.000010479726
78.2,0.00081846723,0.00013862738,0.000019808807
78.399994,0.0005759641,0.00011457595,0.00002745883
78.6,0.00032241482,0.000081251615,0.000031282758
78.799995,0.00012789485,0.000047165275,0.000031273863
79,0.000053190568,0.000019632542,0.000028034625
79.2,0.000121796096,0.000006937029,0.000021889333
79.4,0.00031565814,0.000014589209,0.000013923536
79.6,0.00058863254,0.00003951792,0.0000064692367
79.8,0.0008754423,0.00007246292,0.0000015937985
80,0.001100526,0.00010479528,0.00000006830395
80.2,0.0012011435,0.0001298427,0.0000015450569
80.4,0.0011517608,0.00014122567,0.0000047702347
80.59999,0.0009683925,0.00013463407,0.000008226099
80.8,0.00069847156,0.00011109853,0.000011172244
80.99999,0.00041013493,0.00007677218,0.000013463755
81.2,0.00017808127,0.00004060413,0.000014688658
81.399994,0.00006192303,0.000012735336,0.000014331098
81.6,0.000088984736,0.000001963845,0.000012672533
81.799995,0.0002500399,0.000012316025,0.000010656491
82,0.00050190877,0.00004221334,0.000008669681
82.200005,0.0007763597,0.00008556889,0.000006513587
82.399994,0.0010009612,0.00013142412,0.000004255024
82.600006,0.001121734,0.00016520894,0.0000023449927
82.799995,0.001111944,0.00017591017,0.00000134282
83,0.00097269594,0.00016247873,0.000001739603
83.2,0.0007369426,0.00013119011,0.0000038723983
83.4,0.00046643493,0.00008975074,0.00000769787
83.6,0.00022934633,0.00004710746,0.000012623693
83.8,0.00007653406,0.000014934196,0.000017431868
84,0.000037183978,0.0000025151876,0.00002043103
84.2,0.00012292815,0.000010377901,0.000020358224
84.399994,0.00032172177,0.000032635668,0.000017568367
84.6,0.00059003197,0.000063139174,0.000013698171
84.799995,0.0008625076,0.0000963737,0.000010293979
85,0.001072315,0.00012542799,0.000008572337
85.2,0.0011647487,0.00014327752,0.000009533588
85.4,0.0011086417,0.0001460129,0.000013336471
85.59999,0.00091264996,0.00013309505,0.000018756678
85.8,0.0006301249,0.00010637622,0.000023859542
85.99999,0.00033962444,0.00007116797,0.000027231934
86.2,0.00011708214,0.000036650235,0.000028226565
86.399994,0.000017556584,0.000012353039,0.00002670175
86.6,0.000063973544,0.0000041663075,0.00002317556
86.799995,0.00024073487,0.0000134081065,0.000018778312
87,0.0004996546,0.000037208476,0.000014784003
87.200005,0.0007755462,0.000069191316,0.00001241007
87.399994,0.0009999543,0.000102208476,0.000012979354
87.600006,0.0011145666,0.00013081265,0.000017986602
87.799995,0.0010899178,0.00014964878,0.000027051967
88,0.0009368833,0.00015170171,0.00003628469
88.2,0.00069726625,0.00013268407,0.000041795116
88.4,0.00042655919,0.00009728392,0.000043133652
88.6,0.00018569626,0.000057167472,0.000041496303
88.8,0.00003472621,0.000023521538,0.000037532736
89,0.000015771348,0.000004447012,0.000032127507
89.2,0.00013642813,0.0000059516697,0.000027232998
89.399994,0.00036964865,0.000029015382,0.000024738667
89.6,0.00066291733,0.00006573439,0.000025302494
89.799995,0.00094572955,0.000103512786,0.000028448078
90,0.0011434475,0.00013313454,0.000032782387
90.2,0.0012033724,0.00015019285,0.000036413207
90.4,0.0011143506,0.0001517739,0.00003802005
90.59999,0.00090389745,0.00013640545,0.00003728879
90.8,0.00062378356,0.00010701192,0.000034416862
90.99999,0.00033926053,0.00007090997,0.000030041803
91.2,0.000118237804,0.000036740334,0.000025682808
91.399994,0.00001569783,0.000012162423,0.000022999091
91.6,0.00006071303,0.0000024411243,0.000022069396
91.799995,0.00025054524,0.000009146627,0.000021567987
92,0.00054770766,0.00003054281,0.000020721714
92.200005,0.0008835993,0.00006291008,0.000019947773
92.399994,0.0011766115,0.0000997537,0.000019816365
92.600006,0.0013561053,0.00013053679,0.000020649624
92.799995,0.0013771073,0.00014450331,0.000023111887
93,0.0012286638,0.00013758385,0.000027570397
93.2,0.0009432697,0.000113584596,0.000032736163
93.4,0.0005953898,0.00007969381,0.000035965546
93.6,0.00027699227,0.000044307097,0.00003535106
93.8,0.00006764445,0.000017310429,0.000031426156
94,0.000019745326,0.0000065995127,0.000026490494
94.2,0.00015210107,0.000013214124,0.000022759445
94.399994,0.000439435,0.000032549506,0.000021498148
94.6,0.0008105121,0.000058845093,0.000022684748
94.799995,0.0011697747,0.00008576431,0.000025033998
95,0.0014277956,0.00010525009,0.000027180335
95.2,0.0015202127,0.00011082008,0.000028798295
95.4,0.0014195456,0.00010212337,0.00003003027
95.59999,0.0011479273,0.00008367431,0.000030653497
95.8,0.0007771931,0.00006037729,0.000030366695
95.99999,0.000406323,0.00003656323,0.000029221897
96.2,0.00013010297,0.000017928127,0.000027441616
96.399994,0.000015050676,0.000011226653,0.000025379022
96.6,0.0000842976,0.00002046119,0.000023778515
96.799995,0.00031299493,0.00004313486,0.000023401852
97,0.00063915836,0.00007013662,0.00002424377
97.2,0.0009831231,0.00009034823,0.000025892747
97.399994,0.001263896,0.00009739472,0.000028497696
97.600006,0.0014141337,0.00009234762,0.000032213422
97.799995,0.001398054,0.00007983345,0.000035755806
98,0.0012219689,0.00006337071,0.0000369391
98.2,0.00092800905,0.0000454502,0.0000352838
98.4,0.00058187125,0.00002968497,0.000032437252
98.6,0.00026484445,0.00001959378,0.000029909213
98.8,0.000060348917,0.000015993786,0.000028401404
99,0.00002665397,0.000018023098,0.000029156057
99.2,0.00017419612,0.000025463964,0.000033958822
99.399994,0.0004661234,0.000038568618,0.00004272747
99.6,0.00083221577,0.000056006542,0.000052421972
99.799995,0.0011823382,0.00007398578,0.000059441532
100,0.0014254744,0.00008771945,0.00006169338
100.2,0.0014982355,0.000093238734,0.000058477726
100.4,0.0013855146,0.00008858834,0.000050547696
100.59999,0.0011195232,0.000075040414,0.000040465697
100.8,0.00076664874,0.00005696691,0.000031598694
100.99999,0.00041279732,0.00003943412,0.000026572721
101.2,0.00014383225,0.000026109406,0.000026738138
101.399994,0.000022968245,0.000019445606,0.00003205999
101.6,0.000076757846,0.00002137124,0.000040996667
101.799995,0.00029264946,0.000032403434,0.000051371993
102,0.0006213121,0.00005038888,0.00006144098
102.2,0.0009845706,0.000070614566,0.00006913233
102.399994,0.0012943336,0.00008687556,0.000070985836
102.600006,0.0014752846,0.00009353124,0.00006447552
102.799995,0.0014806758,0.00008871279,0.00005178831
103,0.0013039418,0.0000754964,0.000038395043
103.2,0.0009879444,0.00005875495,0.00002807562
103.4,0.0006175231,0.000041770516,0.000021983175
103.6,0.00028919466,0.00002681859,0.000020622667
103.8,0.000079902566,0.000016860204,0.000024016974
104,0.000033796332,0.000014091158,0.000030882544
104.2,0.00015926475,0.000018058086,0.00003943433
104.399994,0.00042499517,0.000027181224,0.000048803806
104.6,0.0007638404,0.000040494888,0.00005852231
104.799995,0.0010930112,0.000056140547,0.000067019704
105,0.0013370095,0.00006935498,0.00007164416
105.2,0.0014395958,0.00007444309,0.000070104914
105.4,0.0013722111,0.00006909373,0.00006180499
105.59999,0.0011458199,0.000055385965,0.00004852635
105.8,0.00081534905,0.000037593356,0.000034499717
105.99999,0.00046595035,0.00002071922,0.000025023766
106.2,0.00018748557,0.0000095699,0.00002373255
106.399994,0.000049014332,0.000006653444,0.000030895953
106.6,0.000080062615,0.00001088481,0.00004411286
106.799995,0.00026532833,0.000019197269,0.00005970667
107,0.00055532367,0.000028781837,0.00007327022
107.2,0.00088216295,0.000037824415,0.00008097315
107.399994,0.0011703896,0.000045303175,0.000081703554
107.600006,0.0013489166,0.00005039948,0.00007702591
107.799995,0.001371115,0.000051484774,0.000068641704
108,0.0012313721,0.0000461388,0.00005710504
108.2,0.00096448814,0.000033855515,0.00004385766
108.4,0.00063415035,0.000018856117,0.00003254296
108.6,0.00032082343,0.0000075844728,0.000026561058
108.8,0.0001041319,0.00000345313,0.000027067283
109,0.000038025602,0.00000609965,0.000034357032
109.2,0.00013445792,0.000013871234,0.00004880786
109.399994,0.00036655302,0.000024483226,0.00006847003
109.6,0.00067963544,0.000034561293,0.000088096225
109.799995,0.0009999458,0.00004111998,0.00010267149
110,0.0012489686,0.000043461834,0.00010947928
110.2,0.0013662294,0.00004239528,0.000106425854
110.4,0.0013261826,0.00003839434,0.00009237534
110.59999,0.0011395249,0.00003153196,0.00007054311
110.8,0.00084766047,0.000022642273,0.000047918125
110.99999,0.0005174867,0.000013775829,0.000030637442
111.2,0.00022974046,0.0000076696215,0.00002251415
111.399994,0.000057348232,0.0000066625257,0.000026663236
111.6,0.00004381207,0.0000110501405,0.000044710418
111.799995,0.00019137084,0.000018288238,0.00007338401
112,0.000460707,0.000024975692,0.00010529418
112.2,0.00078290625,0.000029561215,0.00013346104
112.399994,0.0010803913,0.00003228167,0.00015214735
112.59999,0.0012850777,0.000033541717,0.00015545783
112.799995,0.0013477933,0.000033405984,0.00014033803
113,0.0012475334,0.00003176234,0.00011105902
113.2,0.0010043626,0.000028169292,0.00007728368
113.4,0.00068078085,0.000022427923,0.000047869704
113.6,0.00036079937,0.000016040469,0.000028990735
113.8,0.00012299416,0.000012414224,0.000025755464
114,0.000025226276,0.000014321587,0.000040780327
114.2,0.00009516532,0.00002100033,0.00007065038
114.399994,0.00031838802,0.00002893148,0.00010695937
114.6,0.0006356197,0.00003495727,0.00014094783
114.799995,0.0009617433,0.000037538062,0.0001650555
115,0.0012145782,0.000036422884,0.00017234539
115.2,0.00133454,0.00003251667,0.00015917937
115.4,0.0012940234,0.00002725298,0.00012942268
115.59999,0.0011024019,0.000021625026,0.000093345545
115.8,0.0008051187,0.000016831149,0.000061436636
115.99999,0.0004739741,0.000015906568,0.000040438565
116.2,0.00019152366,0.000023044488,0.000033756034
116.399994,0.00003155712,0.000039366158,0.0000418633
116.6,0.000037322974,0.000059586997,0.00006106113
116.799995,0.00020638182,0.000074609925,0.00008389975
117,0.0004920204,0.00007756282,0.00010284674
117.2,0.000818974,0.000067452595,0.00011409194
117.399994,0.0011042475,0.00004896234,0.00011786942
117.59999,0.0012787408,0.00002945062,0.00011565417
117.799995,0.0013048527,0.000015409405,0.000107672786
118,0.0011816777,0.000011038399,0.00009336804
118.2,0.00093820086,0.000018584346,0.00007397273
118.4,0.0006266192,0.00003778137,0.00005334434
118.6,0.00031894242,0.00006444697,0.00003598079
118.8,0.000094145595,0.00009119932,0.000025026991
119,0.00001150566,0.00011027193,0.000022010745
119.2,0.00008831469,0.00011554966,0.000027235372
119.399994,0.00029870745,0.000103997474,0.00003985682
119.6,0.0005873014,0.000078295176,0.000057996658
119.799995,0.00088437507,0.000047491154,0.000079342935
120,0.001120632,0.000022022174,0.00010117428
120.2,0.0012419038,0.000007942705,0.0001194763
120.4,0.0012191213,0.0000064801893,0.00012921117
120.59999,0.0010534993,0.000016784084,0.00012681886
120.8,0.0007803921,0.000037095713,0.00011251769
120.99999,0.00046710976,0.00006453128,0.00008996211
121.2,0.00019557499,0.0000952369,0.00006449359
121.399994,0.00003486141,0.00012400521,0.000042015163
121.6,0.000021128584,0.0001435981,0.000028119859
121.799995,0.0001525608,0.0001470574,0.000027132095
122,0.00039395626,0.00013268921,0.000041642463
122.2,0.00068647193,0.00010518344,0.00007138949
122.399994,0.0009608673,0.000071417984,0.00011090055
122.59999,0.0011509259,0.00003809345,0.00014978639
122.799995,0.0012067703,0.000013488712,0.000177949
123,0.0011109256,0.0000063525213,0.00018964245
123.2,0.0008893626,0.000020172982,0.00018170607
123.4,0.0006033005,0.00005145609,0.00015243613
123.6,0.00032432837,0.000093947085,0.00010718581
123.8,0.00011412074,0.00013970559,0.00006167633
124,0.000017953163,0.0001759498,0.000033494896
124.2,0.00006059926,0.0001882652,0.000031182
124.399994,0.00023672775,0.00017184837,0.000053602584
124.6,0.0005064471,0.0001355833,0.00009448468
124.799995,0.000806101,0.00009276544,0.00014325499
125,0.0010664609,0.000052979503,0.00018565153
125.2,0.0012281984,0.000023181594,0.00020910068
125.4,0.001254079,0.000009728136,0.00020749109
125.59999,0.0011382973,0.000015260623,0.00018089394
125.8,0.00090749445,0.000036550053,0.00013540646
125.99999,0.00061368383,0.00006797965,0.000084943975
126.2,0.00032451408,0.00010469226,0.000047274058
126.399994,0.00011126673,0.00014057045,0.000033915276
126.6,0.000031098636,0.00016617455,0.000045677916
126.799995,0.000108893175,0.0001727087,0.00007658561
127,0.00032911036,0.0001580768,0.00011665703
127.2,0.0006392908,0.00012728227,0.00015215248
127.399994,0.00096277567,0.00008826078,0.00017095613
127.59999,0.0012210683,0.000050024013,0.00016977846
127.799995,0.001358371,0.000023956678,0.0001527779
127.99999,0.0013514712,0.000022285401,0.00012514062
128.2,0.0012038585,0.0000508124,0.00009174412
128.4,0.00094164076,0.00010242669,0.000059756574
128.59999,0.00061884616,0.00015969033,0.00003713257
128.8,0.0003147747,0.00020411327,0.000027853079
129,0.0001087092,0.00022303173,0.000031142892
129.2,0.000049390936,0.00021164097,0.000044145683
129.4,0.00014551831,0.00017387279,0.00006314629
129.6,0.00037536703,0.00012197309,0.00008378447
129.79999,0.0006967035,0.000072381066,0.00010254201
130,0.0010491678,0.000040088777,0.00011750817
130.2,0.0013558507,0.000034513145,0.00012627346
130.4,0.0015349339,0.000056108984,0.00012435461
130.59999,0.0015265397,0.00009418975,0.00010869734
130.8,0.0013237363,0.00013205258,0.00008263595
131,0.0009818948,0.00015869571,0.00005504622
131.2,0.0005952009,0.00017366293,0.000035249017
131.4,0.00026312834,0.00017930803,0.000029886993
131.6,0.000070792834,0.00017291949,0.000041518415
131.79999,0.00007573331,0.00015051838,0.00006709271
132,0.00028583364,0.00011629684,0.000098944234
132.2,0.0006433175,0.00008199951,0.00012856688
132.4,0.0010414886,0.000057252146,0.00014805631
132.59999,0.001366733,0.000045811103,0.00014963973
132.8,0.001534693,0.000049827653,0.00012965512
133,0.0015083515,0.00007177604,0.00009480564
133.2,0.001302967,0.00011069267,0.0000595944
133.4,0.0009776332,0.00015938157,0.000035962323
133.59999,0.00061427976,0.0002058986,0.000028466799
133.8,0.00029553694,0.00023601098,0.00003805853
134,0.00008965182,0.00023765345,0.0000646829
134.2,0.000038615028,0.00020946203,0.00010314578
134.4,0.00014797649,0.00016426109,0.00013997375
134.6,0.0003874147,0.000119885866,0.00015990503
134.79999,0.0007038964,0.000088499604,0.00015573017
135,0.0010341334,0.00007636626,0.00013089598
135.2,0.0013091087,0.000087227156,0.00009537119
135.4,0.0014609713,0.000118847354,0.000060314538
135.59999,0.0014421932,0.00015839588,0.000034446373
135.8,0.0012482118,0.00018800874,0.000022948994
136,0.0009251583,0.00019676592,0.000027800232
136.2,0.000557176,0.00018593894,0.00004723344
136.4,0.00024157831,0.00016488566,0.00007471895
136.6,0.000062218496,0.0001435823,0.00010072166
136.79999,0.00006749906,0.00012713754,0.000117516975
137,0.00025740135,0.000115293005,0.00012231716
137.2,0.0005812396,0.00010648072,0.00011622227
137.4,0.0009496078,0.000101316225,0.00010180846
137.59999,0.0012623006,0.00010095795,0.00008217339
137.8,0.0014411012,0.00010359028,0.00006109188
138,0.0014486687,0.00010595242,0.000042955464
138.2,0.0012894141,0.00010797939,0.000032161104
138.4,0.0010038053,0.00011265584,0.00003196854
138.59999,0.00066043093,0.00012117836,0.000042930646
138.8,0.00034075533,0.00013090232,0.000062025756
139,0.000117810196,0.00013810307,0.000083876075
139.2,0.00004141019,0.00014038061,0.00010327276
139.4,0.0001333068,0.00013648225,0.00011651796
139.6,0.0003831998,0.0001268418,0.00012107186
139.79999,0.00074278674,0.00011468523,0.00011526018
140,0.0011288414,0.000103889375,0.00009887112
140.2,0.0014413875,0.00009529478,0.000074161224
140.4,0.0015902917,0.000087655,0.000046771835
140.59999,0.0015247408,0.00008163176,0.000025399615
140.8,0.0012587986,0.00007989118,0.000018782659
141,0.000872656,0.00008342002,0.000031390886
141.2,0.00047831744,0.00008986337,0.00006167287
141.4,0.00017570895,0.00009618856,0.000103659826
141.6,0.000029649851,0.000101521815,0.00014873446
141.79999,0.00006562011,0.000106651576,0.00018608062
142,0.00026753082,0.00011149459,0.00020425621
142.2,0.00057849917,0.0001137821,0.00019575923
142.4,0.0009157882,0.000110470435,0.00016175315
142.59999,0.0011959667,0.00010065065,0.00011244406
142.8,0.0013560104,0.000087445485,0.000062666535
143,0.0013653702,0.000077365956,0.000026751273
143.2,0.001229485,0.00007713291,0.00001572884
143.4,0.0009824065,0.00008925964,0.000035287365
143.59999,0.00067380676,0.00010959318,0.00008223507
143.8,0.00036301877,0.00013040644,0.00014246145
144,0.00012140043,0.00014648554,0.00019658753
144.2,0.000025524001,0.0001566631,0.00023050222
144.4,0.0001263701,0.00015970296,0.00023962707
144.6,0.00041285722,0.00015246823,0.00022442368
144.79999,0.0008052714,0.000134754,0.0001869527
145,0.0011860603,0.00011411306,0.0001339655
145.2,0.0014447472,0.00010160208,0.000079202015
145.4,0.0015144129,0.00010208494,0.00003768732
145.59999,0.0013880595,0.00011232632,0.000018210438
145.8,0.0011108697,0.00012829194,0.00002305586
146,0.00075789937,0.00014936895,0.000052043517
146.2,0.0004121624,0.00017452946,0.00010289629
146.4,0.00014886976,0.000198201,0.00016791651
146.6,0.000022410952,0.00021250642,0.00023245586
146.79999,0.000054934484,0.00021283193,0.0002770449
147,0.00023152545,0.00020024195,0.00028304296
147.2,0.00050593086,0.00017947407,0.00024273219
147.4,0.00081496756,0.00015551217,0.0001685171
147.59999,0.0010949683,0.00013217663,0.00008882139
147.8,0.0012919544,0.00011374991,0.000031064745
148,0.001362804,0.0001065041,0.000008703416
148.2,0.0012781186,0.00011621823,0.000021215685
148.4,0.0010389136,0.00014373829,0.00005968597
148.59999,0.00069701567,0.0001832791,0.00011117416
148.8,0.00035052278,0.00022460046,0.00016262155
149,0.000105073326,0.00025643458,0.00020415151
149.2,0.00002770332,0.00026991373,0.00022901603
149.4,0.00012575617,0.00026229187,0.00023199867
149.6,0.0003577238,0.00023799471,0.00021090977
149.79999,0.00065878686,0.00020443549,0.00017012675
150,0.00096075283,0.00016813174,0.0001198204
150.2,0.0011993878,0.00013792404,0.00007080555
150.4,0.0013190606,0.00012878285,0.00003230532
150.59999,0.0012867351,0.00015391833,0.000014560163
150.8,0.0011098732,0.00020967465,0.000029399598
151,0.00083704595,0.00027489755,0.000083578925
151.2,0.0005353497,0.0003284264,0.00016940464
151.4,0.00026775352,0.00036019145,0.00026240828
151.6,0.00008880903,0.00036588532,0.00033139385
151.79999,0.000046665176,0.00034181357,0.00035538586
152,0.00017042471,0.00028953177,0.00033298304
152.2,0.0004457055,0.00022105782,0.00027642775
152.4,0.00080455194,0.00015621053,0.00020038162
152.59999,0.001145471,0.00011438027,0.00011921223
152.8,0.0013710831,0.000106197316,0.000050912022
153,0.0014211376,0.00012945183,0.000015002683
153.2,0.0012878089,0.00017278708,0.000022614586
153.4,0.0010117991,0.0002238553,0.000070873684
153.59999,0.00066673907,0.0002722805,0.00014686037
153.8,0.00033942226,0.0003069042,0.00023309933
154,0.00010897615,0.0003168825,0.00031038607
154.2,0.000028580473,0.0002991036,0.0003609895
154.4,0.00011538889,0.00026131916,0.00037176706
154.6,0.00034973345,0.00021498172,0.00033543998
154.79999,0.0006781212,0.00016785714,0.0002551402
155,0.0010187374,0.00012533004,0.000152653
155.2,0.0012777788,0.000094000985,0.000064865715
155.4,0.0013811367,0.000080371436,0.000020586851
155.59999,0.001302978,0.00008827291,0.000022134787
155.8,0.0010689651,0.0001184231,0.00005310413
156,0.0007407818,0.00016647652,0.000096089556
156.2,0.00040081213,0.00021982157,0.00013933063
156.4,0.00013759443,0.00026098377,0.0001755875
156.6,0.000022770844,0.00027862936,0.0002021274
156.79999,0.000084912885,0.0002729017,0.00021915045
157,0.00029947716,0.0002490496,0.0002238971
157.2,0.00060094055,0.00021170585,0.00020851223
157.4,0.00090623106,0.00016736973,0.0001688544
157.59999,0.001139448,0.00012690059,0.00011441627
157.8,0.0012494966,0.00010142272,0.000063304135
158,0.0012149955,0.00009792493,0.00002884875
158.2,0.0010430887,0.00011936666,0.000017040502
158.4,0.00076983345,0.00016369505,0.000032416734
158.59999,0.00045886607,0.00022016442,0.00007649402
158.8,0.00018918168,0.00027132942,0.00013888995
159,0.000032906715,0.0003023312,0.00019723798
159.2,0.000035235513,0.00030701605,0.0002304512
159.4,0.00020103523,0.000286001,0.00023075698
159.6,0.00048731396,0.0002441418,0.00020423511
159.79999,0.0008112234,0.00019252273,0.00016355066
160,0.0010809946,0.0001485381,0.00011974666
160.20001,0.0012312453,0.00012971682,0.000078352285
160.4,0.0012354528,0.00014667505,0.000042406362
160.59999,0.0010978896,0.00019986914,0.0000184032
160.8,0.0008480998,0.00027801897,0.000016640972
161,0.00054244447,0.00035894458,0.00004393615
161.19998,0.00025706957,0.00041782728,0.000098479075
161.4,0.00006608631,0.00043952002,0.00017217975
161.6,0.000019706586,0.0004231429,0.00025160407
161.8,0.00013386787,0.00037674737,0.00031416267
161.99998,0.00038488355,0.0003108341,0.0003332314
162.2,0.000706991,0.00023794886,0.00029764688
162.4,0.0010072438,0.00017698352,0.00022354908
162.6,0.0012004565,0.00015263123,0.00014079119
162.79999,0.0012405026,0.00018255578,0.0000719298
163,0.0011275469,0.00026009054,0.000027422684
163.2,0.0008965122,0.00035457566,0.000014325881
163.4,0.00060390175,0.0004346359,0.000042446976
163.59999,0.0003176685,0.00048626657,0.00011888852
163.79999,0.000103822174,0.00050604343,0.00023528757
164,0.000008284109,0.00048809723,0.00036225384
164.2,0.000044935987,0.00042940036,0.00046123954
164.40001,0.0001994975,0.00034519273,0.00050400523
164.59999,0.00044180176,0.00026555808,0.00048083084
164.79999,0.000730205,0.00021419939,0.0003967224
165,0.0010059852,0.00019993841,0.00027044083
165.20001,0.0011964907,0.00022566882,0.00013774716
165.4,0.0012421791,0.0002907101,0.00004294199
165.59999,0.0011292014,0.0003802753,0.000016239599
165.8,0.00089354673,0.00046404992,0.00005948096
166,0.0005962628,0.0005138131,0.00015325678
166.19998,0.0003035048,0.0005182267,0.00027114758
166.4,0.000085647844,0.00047983532,0.0003868288
166.6,0.000010160873,0.00040852994,0.00047644653
166.8,0.000109499146,0.0003228976,0.0005215355
166.99998,0.00035464182,0.00024792357,0.0005110953
167.2,0.00067231955,0.00020110654,0.00044286618
167.4,0.0009852145,0.00018340071,0.0003273742
167.6,0.0012288024,0.00018749567,0.000191806
167.79999,0.0013452771,0.00020985844,0.00007596092
168,0.001291336,0.00025124755,0.000019023504
168.2,0.0010700761,0.00030894624,0.00004520244
168.4,0.0007464325,0.00037274053,0.00015380367
168.59999,0.00041544513,0.0004278498,0.00031545304
168.79999,0.00015753141,0.0004584542,0.00047973022
169,0.000023984134,0.00045075483,0.0005958652
169.2,0.000041450287,0.00040027808,0.0006332054
169.40001,0.00020538237,0.00031929734,0.0005875438
169.59999,0.00047134058,0.00023352937,0.00047548197
169.79999,0.0007719528,0.00016934754,0.00032633764
170,0.0010469884,0.00014392856,0.00017561787
170.20001,0.0012497759,0.00016139276,0.00006027043
170.4,0.0013336984,0.00021039651,0.000013476809
170.59999,0.0012578813,0.00026809177,0.000053965457
170.8,0.001022478,0.0003164905,0.00017121834
171,0.00068900594,0.0003559287,0.00032341303
171.19998,0.00035430267,0.00039651743,0.00045909575
171.4,0.000110124274,0.0004370396,0.0005429346
171.6,0.00002236346,0.00045751137,0.0005610377
171.8,0.00011803716,0.00043571397,0.0005126452
171.99998,0.0003696534,0.000369468,0.0004088658
172.2,0.00070107204,0.00027961147,0.00027708831
172.4,0.0010236575,0.00019531681,0.00015329267
172.6,0.0012687775,0.0001411581,0.00006385548
172.79999,0.0013916297,0.00013059974,0.000017746808
173,0.0013645901,0.00016198511,0.000014554198
173.2,0.0011864284,0.00022133769,0.00005371062
173.4,0.0008970227,0.00029299242,0.00013431945
173.59999,0.0005688367,0.00036648003,0.00024766385
173.79999,0.00027963938,0.00043318706,0.00037009994
174,0.000095730626,0.0004805654,0.00046454708
174.2,0.00006790956,0.00049236557,0.0004957884
174.40001,0.00021751727,0.00045475212,0.00045273954
174.59999,0.0005141167,0.00036667587,0.00035608927
174.79999,0.0008773044,0.0002508414,0.00024138238
175,0.00121171,0.00015121208,0.00013669269
175.20001,0.0014424962,0.000108015935,0.000057351543
175.4,0.0015243473,0.00013278316,0.000014124784
175.59999,0.0014362771,0.00021045377,0.000017302697
175.8,0.0011894025,0.00031608535,0.00006992967
176,0.0008421923,0.00042025407,0.00015948404
176.19998,0.0004897642,0.0004900103,0.00025978882
176.4,0.00022369594,0.00050415925,0.00034268686
176.6,0.00010318931,0.0004690111,0.0003884109
176.8,0.00015781603,0.0004071284,0.0003882775
176.99998,0.0003893227,0.00033298653,0.00034330552
177.2,0.0007488221,0.00025004474,0.0002642157
177.4,0.0011302255,0.00016848571,0.00017101804
177.6,0.0014199606,0.00011372202,0.0000869893
177.79999,0.0015540099,0.00011037903,0.000029914536
178,0.0015192835,0.00016168585,0.00000898143
178.2,0.0013250113,0.00024894395,0.00002771187
178.4,0.0010029299,0.00034521983,0.000084650994
178.59999,0.0006278277,0.00042550341,0.00016946316
178.79999,0.00030401407,0.0004716018,0.00026275695
179,0.000116450756,0.00047601917,0.00034349295
179.2,0.00010479757,0.00044238736,0.0003946756
179.40001,0.00027358512,0.00038098794,0.00040183924
179.59999,0.00059294445,0.00030378468,0.00035472223
179.79999,0.0009790953,0.00022270593,0.00025935128
180,0.0013067323,0.00015154642,0.00014560559
180.20001,0.0014717747,0.00010798878,0.000053544405
180.4,0.0014410481,0.00010966518,0.00001138925
180.59999,0.0012453969,0.00016188012,0.00002824654
180.8,0.00094775076,0.00024731102,0.0000985042
181,0.0006211128,0.0003330608,0.000203829
181.19998,0.00033403913,0.00039243227,0.00031584527
181.4,0.00013855883,0.00041799145,0.00040753256
181.6,0.00006828319,0.00041381473,0.00046379707
181.8,0.0001416808,0.0003828164,0.0004781399
181.99998,0.00035145413,0.00032572326,0.0004437336
182.2,0.0006470732,0.00024855434,0.00035755167
182.4,0.00094460614,0.00016681636,0.00023532216
182.6,0.0011643884,0.000101060796,0.00011480435
182.79999,0.0012568048,0.0000696733,0.000037081238
183,0.0012031884,0.00008422362,0.000025695608
183.2,0.0010163547,0.00014412298,0.00008289219
183.4,0.0007466445,0.0002299623,0.00019684806
183.59999,0.0004685013,0.00030771556,0.00034622633
183.79999,0.00024582446,0.00035067037,0.0005003076
184,0.00011184965,0.00035712816,0.0006211878
184.2,0.000082884726,0.00034084838,0.0006727936
184.40001,0.0001774087,0.0003099137,0.00063563976
184.59999,0.00040029373,0.00026179384,0.0005191113
184.79999,0.0007091239,0.0001969061,0.0003592644
185,0.0010199415,0.00013062955,0.00020213157
185.20001,0.0012506065,0.00008589429,0.00008706499
185.4,0.001347698,0.00007739461,0.000039339116
185.59999,0.0012857551,0.00010884249,0.00006653427
185.8,0.0010715834,0.00017624156,0.00015509898
186,0.00075816724,0.00026300977,0.00027640988
186.19998,0.00043509022,0.00033881975,0.00040302728
186.4,0.00018943759,0.00037871342,0.0005164489
186.6,0.000074396834,0.00038277585,0.00059753394
186.8,0.00010857324,0.00036690407,0.00061865716
186.99998,0.00028640786,0.00033992145,0.000559435
187.2,0.0005775931,0.00029861456,0.0004324459
187.4,0.00092102354,0.00024131706,0.00028104192
187.6,0.0012302769,0.00017961329,0.00014921254
187.79999,0.0014154055,0.00013548824,0.00006390851
188,0.0014162282,0.00012967632,0.000041785
188.2,0.0012325151,0.00017145596,0.00009224631
188.4,0.00092605874,0.0002520218,0.00020355512
188.59999,0.0005875261,0.00034532728,0.000339003
188.79999,0.00029776734,0.0004204673,0.0004595524
189,0.00011372463,0.00045721116,0.0005433775
189.2,0.00007103851,0.0004519559,0.0005800831
189.4,0.00017910555,0.00041392067,0.0005604418
189.59999,0.00041247613,0.00035758634,0.0004831739
189.79999,0.0007189011,0.00029442707,0.0003659052
190,0.0010360987,0.00022998547,0.00023910699
190.20001,0.0012953148,0.0001714836,0.00013189972
190.4,0.0014235214,0.00013666852,0.00006885267
190.59999,0.0013719773,0.00014782243,0.00007202198
190.8,0.001153604,0.00021102538,0.00015160184
191,0.000839171,0.00030404047,0.00029159407
191.19998,0.0005145762,0.00039028723,0.00045308267
191.4,0.00024940388,0.0004415111,0.0005945317
191.6,0.00009671748,0.0004460413,0.00068669283
191.8,0.000095632386,0.00040643907,0.0007128928
191.99998,0.00025515602,0.0003371803,0.000665317
192.2,0.0005411897,0.00025951603,0.00054792356
192.4,0.00088753743,0.00019206204,0.00038455913
192.6,0.0012153022,0.0001457581,0.00022112518
192.79999,0.0014466671,0.0001263534,0.000109983004
193,0.001522575,0.00013648343,0.00008307185
193.2,0.0014250218,0.00017296661,0.00013970636
193.4,0.0011839045,0.00022459049,0.0002588028
193.59999,0.0008613657,0.0002752116,0.0004126447
193.79999,0.0005314876,0.00030957867,0.0005653143
194,0.00026889387,0.00031900266,0.0006729858
194.2,0.00013738137,0.00030512095,0.00070336764
194.4,0.00017188906,0.00027781242,0.00065450254
194.59999,0.0003665157,0.00024716873,0.00054682314
194.79999,0.00067812053,0.0002179532,0.00040382548
195,0.0010364886,0.00019141933,0.00025044288
195.20001,0.0013550285,0.00016946426,0.00012152589
195.4,0.0015490593,0.00015538043,0.00005325176
195.59999,0.0015633174,0.00015254125,0.0000622081
195.8,0.0013940409,0.00016414834,0.0001419242
196,0.0010908744,0.00019187381,0.00027557358
196.19998,0.0007370374,0.00023185283,0.00043854327
196.4,0.00042037404,0.00027341745,0.00059011555
196.6,0.0002109925,0.00030394935,0.00068115356
196.8,0.00015220413,0.0003146547,0.00068218965
196.99998,0.00025685885,0.0003023548,0.00059916044
197.2,0.00050250505,0.00026911002,0.00046077976
197.4,0.0008329233,0.00022248652,0.00030154226
197.6,0.0011738709,0.00017473595,0.00015809853
197.79999,0.0014500879,0.00013892789,0.000067123954
198,0.0015912938,0.00012497054,0.00005256742
198.2,0.0015436184,0.0001383058,0.000113469534
198.4,0.0013028383,0.00017863567,0.00022695636
198.59999,0.00093819504,0.00023724753,0.00036102778
198.79999,0.00056348526,0.0002980702,0.00048413296
199,0.00027820634,0.00034470556,0.00056944997
199.2,0.00013979882,0.00036639225,0.0005986124
199.4,0.00017330714,0.00035807322,0.0005658818
199.59999,0.00037564957,0.0003200388,0.00047923226
199.79999,0.0007010639,0.0002605605,0.00035723098
200,0.0010634635,0.00019608803,0.00022525975
200.20001,0.0013699285,0.0001450491,0.000114128066
200.4,0.0015493045,0.00011970858,0.00005641168
200.59999,0.001557397,0.00012345899,0.00007458761
200.8,0.0013834138,0.00015333254,0.00016760605
201,0.0010668159,0.00020163992,0.00031187135
201.19998,0.00069553836,0.00025649805,0.0004755574
201.4,0.00037156823,0.00030513087,0.00062612863
201.6,0.00017365905,0.00033840508,0.000726421
201.8,0.00014311892,0.00035106984,0.0007405301
201.99998,0.0002819163,0.0003392497,0.0006584118
202.2,0.0005503373,0.00030190963,0.0005091011
202.4,0.0008743449,0.00024629038,0.0003401931
202.6,0.0011694311,0.00018939578,0.00019200557
202.79999,0.0013649187,0.00015042788,0.00009764612
203,0.0014168539,0.00014021565,0.000090069945
203.2,0.0013162622,0.00016013841,0.00018556976
203.4,0.0010926917,0.00020716622,0.00036141954
203.59999,0.0008025203,0.00027282358,0.00056763546
203.79999,0.00050753396,0.00033978396,0.00075915677
204,0.00026562595,0.00038808302,0.0009019691
204.2,0.00013378102,0.00040725083,0.00095870235
204.4,0.00015610339,0.00039843458,0.0008985889
204.59999,0.0003336719,0.00036658524,0.0007311447
204.79999,0.0006162722,0.00031893325,0.00051120203
205,0.0009321663,0.00027027473,0.00030325283
205.20001,0.0012164882,0.00023850519,0.00015652995
205.4,0.001411572,0.00022902917,0.00011098962
205.59999,0.0014646366,0.00023280301,0.00019346146
205.8,0.0013491984,0.00024643107,0.00038796145
206,0.0010895965,0.00028102566,0.00062976923
206.19998,0.0007538012,0.00034412334,0.000848111
206.4,0.0004246105,0.00042317872,0.0010011748
206.6,0.00018397675,0.0004911722,0.0010647688
206.8,0.00010441932,0.00052414474,0.0010170481
206.99998,0.00022051253,0.00051209354,0.0008579132
207.2,0.00049940665,0.00045984183,0.00063064875
207.4,0.00085533026,0.00038539813,0.00040118318
207.6,0.0011951767,0.00031360926,0.00022122268
207.79999,0.0014436219,0.0002630445,0.00012327063
208,0.001541367,0.00023899485,0.00013332436
208.2,0.0014518957,0.00024140949,0.00026090734
208.4,0.0011869608,0.00027202824,0.00047599012
208.59999,0.00081750535,0.0003283163,0.0007138321
208.79999,0.00044786857,0.00039702005,0.0009061031
209,0.00017632099,0.00045882646,0.0010033095
209.2,0.00006730516,0.0004962707,0.000983798
209.4,0.0001371686,0.0004963863,0.00086137163
209.59999,0.00035528038,0.00045362316,0.000678264
209.79999,0.00066301785,0.00037650505,0.00047848388
210,0.000993999,0.00028803173,0.00029313835
210.20001,0.0012789988,0.00021361426,0.00015402584
210.4,0.0014460823,0.00017006099,0.00010362242
210.59999,0.0014389409,0.00016771091,0.00016914809
210.8,0.0012505492,0.00021208133,0.00033085223
211,0.0009349891,0.0002926885,0.00053677504
211.19998,0.0005810823,0.0003766868,0.0007402693
211.4,0.00027818058,0.00042864855,0.0009044789
211.6,0.00009857972,0.00043821227,0.0009875116
211.8,0.00008640433,0.00041745312,0.000954522
211.99998,0.00024661387,0.00037892163,0.0008083058
212.2,0.00054609077,0.00033123928,0.00059312966
212.4,0.0009257052,0.0002867666,0.00036947604
212.6,0.0013060407,0.00025647454,0.00019479195
212.79999,0.0015877164,0.00023931816,0.00011407895
213,0.0016741499,0.00022878172,0.00014419174
213.2,0.0015241804,0.000226655,0.0002676816
213.4,0.0011867034,0.00023929076,0.0004512359
213.59999,0.0007737249,0.00026542417,0.0006595808
213.79999,0.00039985153,0.00029790663,0.00084519683
214,0.00014632271,0.0003339867,0.0009465882
214.2,0.0000607222,0.0003713924,0.00092247507
214.4,0.00016410403,0.00039721403,0.0007844676
214.59999,0.00044589472,0.00039563395,0.0005819892
214.79999,0.0008509875,0.00036611294,0.0003687343
215,0.0012764261,0.00032602533,0.00019528651
215.20001,0.0015961144,0.00029488097,0.000109115455
215.4,0.0017125511,0.00028118622,0.00013251515
215.59999,0.0016018247,0.00028372722,0.00024729987
215.8,0.0013143482,0.00029564544,0.00041572345
216,0.00093708036,0.0003076352,0.00060251716
216.19998,0.0005576896,0.0003169565,0.00076629437
216.4,0.00025321083,0.00033073855,0.00085423474
216.6,0.0000909384,0.00035212768,0.00083380006
216.8,0.000120725774,0.00036889766,0.0007217376
216.99998,0.00035411178,0.00036528907,0.0005637908
217.2,0.0007456085,0.0003423882,0.00039788516
217.4,0.0011947422,0.00031948433,0.0002488626
217.6,0.0015743291,0.00031456523,0.00014126435
217.79999,0.0017758625,0.00032944087,0.00009781857
218,0.0017513117,0.00035246921,0.00012852743
218.2,0.0015248195,0.00036829448,0.0002304044
218.4,0.0011671118,0.00036855595,0.000390498
218.59999,0.00076094177,0.00035975577,0.00057903427
218.79999,0.00038880203,0.0003553799,0.000746483
219,0.00013801413,0.000357653,0.000840964
219.2,0.00008967108,0.00035590483,0.0008332963
219.4,0.00027590478,0.00034618986,0.0007264148
219.59999,0.0006451185,0.00034335256,0.000550041
219.79999,0.0010830788,0.00036256202,0.000350564
220,0.001470652,0.00039603608,0.00017661444
220.20001,0.0017215877,0.00042240316,0.00006577743
220.4,0.0017875046,0.0004296791,0.000042732885
220.59999,0.0016562643,0.00041822513,0.00012015861
220.8,0.001355409,0.00039386336,0.00028564656
221,0.00095054135,0.00036800164,0.0004877125
221.19998,0.000535025,0.00035295758,0.0006550458
221.4,0.00021382945,0.00034825952,0.00073983386
221.6,0.00007736836,0.00034117902,0.00073404005
221.8,0.0001663153,0.00032843818,0.00065007724
221.99998,0.00045132416,0.00032766492,0.0005062218
222.2,0.00084881333,0.00035550038,0.00033275172
222.4,0.0012571178,0.0004015399,0.00017307323
222.6,0.0015833792,0.000438252,0.00006613347
222.79999,0.0017553582,0.00045004213,0.00003061033
223,0.0017301443,0.00044131844,0.00006523151
223.2,0.0015057707,0.00042380218,0.00015383142
223.4,0.0011296825,0.0004042606,0.00026844785
223.59999,0.0006953689,0.0003805551,0.00037740325
223.79999,0.00031995692,0.0003458307,0.00045665962
224,0.00010591987,0.00030051576,0.0004929535
224.2,0.000106286236,0.00026133563,0.00047937853
224.4,0.0003136124,0.00025176848,0.0004152435
224.59999,0.0006707482,0.00028132234,0.0003119541
224.79999,0.0010877455,0.00034044322,0.00019488505
225,0.0014600346,0.00041478587,0.00009657667
225.19998,0.00169237,0.0004950177,0.00004485204
225.4,0.001724855,0.0005695967,0.000050678143
225.59999,0.0015491073,0.00061455177,0.00010279688
225.8,0.0012104835,0.0006005616,0.00017683399
226,0.0007973923,0.00051752,0.00025208158
226.19998,0.00041600195,0.00039256632,0.0003174008
226.4,0.00015701292,0.0002782328,0.0003637346
226.6,0.000073691386,0.00021766705,0.00037856773
226.8,0.00017932072,0.00022053668,0.00035152092
226.99998,0.00045011824,0.0002716453,0.0002840429
227.2,0.0008240319,0.0003572388,0.0001928277
227.4,0.0012070204,0.00047715998,0.00010535597
227.6,0.0014990289,0.00062644854,0.00004991829
227.79999,0.0016273654,0.0007662124,0.000041945175
228,0.0015650017,0.00082989363,0.0000769608
228.2,0.0013300395,0.0007742218,0.00013970872
228.4,0.0009776569,0.00061959215,0.00021851237
228.59999,0.00058992684,0.0004343737,0.00030555637
228.79999,0.00026142638,0.00028649796,0.00038420226
229,0.000079050034,0.00021273995,0.00042521124
229.2,0.00009677961,0.00022097994,0.00040530367
229.4,0.0003120862,0.00030433733,0.00032924832
229.59999,0.0006614187,0.00044520432,0.00022704998
229.79999,0.0010462923,0.000609617,0.00013190162
230,0.0013717732,0.00075009465,0.000065753775
230.19998,0.001568319,0.00082526845,0.000039771014
230.4,0.0015950466,0.00081935176,0.000057910205
230.59999,0.001443048,0.00074364326,0.0001170196
230.8,0.0011434604,0.00062464824,0.00020547108
231,0.00076608674,0.0004918348,0.0003029058
231.19998,0.00040241203,0.00037132105,0.00038251615
231.4,0.00014343801,0.00028570628,0.00041870825
231.6,0.00005820654,0.0002569043,0.00039969126
231.8,0.00017085299,0.0003020183,0.00033459242
231.99998,0.0004476093,0.00041841954,0.00024600254
232.2,0.0008121296,0.00057395117,0.00015595007
232.4,0.0011788933,0.00072124036,0.00008033213
232.6,0.0014725018,0.0008242094,0.000034441975
232.79999,0.001626648,0.0008663179,0.00003728453
233,0.0015895945,0.0008393521,0.000102730766
233.2,0.0013530115,0.00074012636,0.00022181089
233.4,0.0009763045,0.0005848332,0.0003562757
233.59999,0.0005695162,0.00041674508,0.00045613784
233.79999,0.00024385053,0.0002879008,0.00048890506
234,0.00007278807,0.0002336752,0.00045459202
234.2,0.00008425075,0.000263489,0.00037575944
234.4,0.00026923197,0.00036340926,0.00027667632
234.59999,0.00058738544,0.000502203,0.00017381235
234.79999,0.0009664169,0.00064366456,0.000084628264
235,0.0013076621,0.0007597698,0.00003889995
235.19998,0.0015119733,0.00082943746,0.00006695898
235.4,0.0015204385,0.00082952663,0.00016617909
235.59999,0.0013404574,0.0007445559,0.0002906945
235.8,0.0010336173,0.00059291755,0.00038829327
236,0.0006799591,0.00042853036,0.00043797464
236.19998,0.0003535589,0.0003050645,0.00044466392
236.4,0.00012102016,0.00024549037,0.00041347643
236.6,0.000041615884,0.00024598787,0.00034380908
236.8,0.00014922948,0.0002954819,0.00024554317
236.99998,0.00042722194,0.00038508058,0.00014768058
237.2,0.0008039621,0.00050426775,0.00008133298
237.4,0.0011769745,0.00063418126,0.00005867204
237.6,0.0014483596,0.00074475567,0.000073956384
237.79999,0.001553586,0.0007988905,0.00011861898
238,0.0014755668,0.00077023276,0.00018798962
238.2,0.0012402348,0.00066592026,0.0002749657
238.4,0.00090085657,0.00052568456,0.00036122356
238.59999,0.00052893965,0.00039272878,0.0004172449
238.79999,0.00021462527,0.00029258977,0.0004166756
239,0.000052602045,0.00024006215,0.00035681447
239.2,0.00009829904,0.00024683648,0.00026319642
239.4,0.0003296,0.00030941202,0.00016948825
239.59999,0.000661611,0.00040182407,0.00009623939
239.79999,0.0010013914,0.0004931605,0.000051737
240,0.0012828346,0.0005645547,0.000046647518
240.19998,0.0014590898,0.00060417777,0.00009660531
240.4,0.0014865061,0.0005987477,0.00020245815
240.59999,0.0013363473,0.000542274,0.0003316582
240.8,0.001028215,0.00044942432,0.00043045497
241,0.0006446189,0.0003492823,0.00045863987
241.19998,0.0002997158,0.00026765093,0.00041295824
241.4,0.00008629117,0.00022003018,0.0003225599
241.6,0.000047728074,0.0002121859,0.00022511651
241.8,0.00018721381,0.00023847751,0.00014423428
241.99998,0.000483801,0.00028484256,0.00008579968
242.2,0.0008868482,0.00034056316,0.000053643947
242.4,0.001300161,0.0004023692,0.00006388978
242.6,0.0015964496,0.0004615686,0.00012974204
242.79999,0.0016756332,0.00049833633,0.00022631753
243,0.0015194216,0.00050158374,0.00029790448
243.2,0.0011908233,0.00048247282,0.0003148669
243.4,0.00079009973,0.00045560027,0.00029586165
243.59999,0.00041500526,0.00041919737,0.00026952
243.79999,0.00014705429,0.0003665965,0.00024029311
244,0.00004834292,0.00031235378,0.0001956071
244.2,0.00015044323,0.00028887665,0.00013445098
244.4,0.00043595245,0.0003108507,0.000077414836
244.59999,0.0008301912,0.0003615388,0.000044991095
244.79999,0.0012201108,0.00041671965,0.000039477552
245,0.0014969071,0.00046475913,0.000053572243
245.19998,0.0015957917,0.0005053207,0.00008547351
245.4,0.0015076344,0.0005408451,0.00014050452
245.59999,0.0012644336,0.000566758,0.00021914457
245.8,0.0009215198,0.0005649545,0.00030149505
246,0.0005505375,0.00051570823,0.00034802416
246.19998,0.0002357205,0.00042605956,0.00033028208
246.4,0.000057563222,0.00033643888,0.00026197254
246.6,0.000063037805,0.00028509542,0.00018427042
246.8,0.000244594,0.00027729545,0.00012363517
246.99998,0.0005483888,0.00029901508,0.000079062076
247.2,0.0009017376,0.00034275834,0.000046139012
247.4,0.0012309339,0.00040773023,0.00004283209
247.6,0.0014628179,0.00048531883,0.00009907618
247.79999,0.0015334375,0.0005578551,0.00021251754
248,0.0014155854,0.00061011757,0.00033386447
248.2,0.0011396831,0.00063298864,0.00040855623
248.4,0.0007800102,0.0006199918,0.00041759823
248.59999,0.00042261765,0.00057086744,0.00037601092
248.79999,0.0001493986,0.0004963238,0.00030860797
249,0.0000363889,0.0004125944,0.00023209694
249.2,0.00013475178,0.0003361447,0.00015287529
249.4,0.00043172564,0.00028836878,0.000079071615
249.59999,0.0008375073,0.0002932037,0.00003227822
249.79999,0.0012270298,0.00035631502,0.00003494864
250,0.0014988519,0.0004527695,0.00008219522
250.19998,0.0016027561,0.0005467812,0.00014575922
250.4,0.0015326799,0.0006177773,0.00020947224
250.59999,0.0013090621,0.0006599786,0.00028006657
250.8,0.00097167597,0.00066690345,0.00036031703
251,0.0005863148,0.00062956737,0.00042247187
251.19998,0.00024782895,0.00054926286,0.00042365244
251.4,0.000056112895,0.00044468112,0.00035596362
251.6,0.00007160513,0.0003457802,0.00025871265
251.8,0.00028974086,0.00028217403,0.00017346384
251.99998,0.000652964,0.0002706387,0.00011164376
252.2,0.0010739823,0.00030616438,0.000068124544
252.4,0.0014491685,0.0003671996,0.00004834218
252.6,0.0016776165,0.00043434752,0.000075679054
252.79999,0.0016958853,0.0005014163,0.00016823073
253,0.0015024092,0.00056626427,0.0003052352
253.2,0.0011510034,0.00061708956,0.00042802613
253.4,0.00073131087,0.0006344272,0.00048634695
253.59999,0.0003502318,0.000605901,0.00047620077
253.79999,0.000105258856,0.00053695065,0.0004242244
254,0.000052752424,0.00044923683,0.00034971556
254.2,0.00019718832,0.00037065792,0.00025579392
254.4,0.0005046141,0.0003243144,0.00015237302
254.59999,0.00090956077,0.00032195597,0.000071634255
254.79999,0.0013123695,0.00036397495,0.000046223726
255,0.0016020285,0.00044182583,0.00007832504
255.19998,0.0017048613,0.0005381043,0.00014445206
255.4,0.0016086171,0.0006265745,0.00022136376
255.59999,0.0013435963,0.0006783408,0.00029376394
255.8,0.00096349965,0.0006747001,0.00034516244
255.99998,0.0005519863,0.0006181878,0.00035640667
256.19998,0.0002198421,0.00053161936,0.00031878677
256.4,0.00006168727,0.00044439672,0.00024502844
256.6,0.000110164554,0.0003773525,0.00016246935
256.8,0.00033521026,0.0003383952,0.00009458524
257,0.0006744887,0.00032896147,0.000050862538
257.19998,0.0010566792,0.00035088882,0.00003201826
257.4,0.0014067275,0.00040482084,0.000038537823
257.6,0.00164599,0.0004810909,0.000070246555
257.8,0.0017039763,0.00055439316,0.00011795984
258,0.0015476408,0.00059535704,0.00016006855
258.2,0.0012114083,0.00059319806,0.00017521356
258.4,0.00079482823,0.0005632929,0.0001603226
258.59998,0.00041791753,0.00052843045,0.00013036553
258.8,0.00017348227,0.000495811,0.00010083549
259,0.00011282411,0.00045684888,0.000076585886
259.2,0.00024899756,0.00040801778,0.000055727294
259.4,0.00055035076,0.0003669573,0.000037807546
259.59998,0.00093820563,0.00036081037,0.000026120642
259.8,0.001311963,0.0003958151,0.000022893242
260,0.0015831515,0.0004485128,0.000025316287
260.19998,0.001691147,0.0004924374,0.000029779256
260.4,0.0016082772,0.00052208133,0.000037365025
260.6,0.0013512517,0.00054535456,0.000052043037
260.8,0.0009870069,0.0005633904,0.00007522595
261,0.00060902786,0.0005657711,0.000100547026
261.19998,0.0003026266,0.00054320967,0.000113727176
261.4,0.00013440942,0.0004992506,0.000105185274
261.6,0.0001490831,0.00044727046,0.00008142277
261.8,0.0003492573,0.0004001605,0.00005585247
262,0.0006808068,0.00036647214,0.000035080026
262.19998,0.0010516291,0.00035241316,0.000021648095
262.4,0.001373939,0.00036072568,0.000022584176
262.6,0.0015907905,0.00038700478,0.000046460736
262.8,0.0016673466,0.00042259882,0.00008972365
263,0.0015797281,0.00046380586,0.00013225552
263.2,0.0013302458,0.000512831,0.00015494897
263.4,0.0009678706,0.00056449685,0.0001558553
263.59998,0.00058415777,0.00059610826,0.00014281114
263.8,0.00028266158,0.000579546,0.000119535296
264,0.00014033925,0.000507788,0.000086281165
264.2,0.00019001924,0.00040602748,0.000050049894
264.4,0.00042993051,0.00031255715,0.000024814268
264.59998,0.00082527485,0.00025256656,0.000018238094
264.8,0.0012915151,0.00023363205,0.000026387477
265,0.0016993373,0.000257424,0.000043505363
265.19998,0.0019235869,0.00032319262,0.00006837741
265.4,0.0019050739,0.00041904507,0.000099510165
265.6,0.0016702081,0.00051875436,0.00012960353
265.8,0.0012932882,0.0005934965,0.0001492765
266,0.0008563682,0.0006260625,0.00015540315
266.19998,0.00044829454,0.0006130712,0.00015079988
266.4,0.00017031391,0.0005582776,0.0001364432
266.6,0.000110087916,0.0004684835,0.000109859655
266.8,0.00029974495,0.00035693587,0.00007315079
267,0.0006958608,0.00024796507,0.00003877901
267.19998,0.0011960396,0.00017298528,0.000022678134
267.4,0.001674759,0.00015658337,0.000032904536
267.6,0.002014628,0.00020389172,0.000067630026
267.8,0.0021292933,0.00030115267,0.00012029
268,0.0019865995,0.00042649367,0.00018205371
268.2,0.0016242493,0.0005566462,0.00024014468
268.4,0.0011410456,0.00066383695,0.0002773793
268.59998,0.0006630727,0.0007145918,0.00027678598
268.8,0.00030472522,0.0006834067,0.00023179293
269,0.00014710319,0.0005732655,0.00015620107
269.2,0.00023303076,0.0004191952,0.00008097315
269.4,0.00055838545,0.00026851293,0.00003318365
269.59998,0.0010571275,0.00016044446,0.000018511864
269.8,0.0016053317,0.00012237253,0.000028632017
270,0.0020580199,0.00017167747,0.00005806191
270.19998,0.0022998862,0.00030541484,0.00010579995
270.4,0.0022780474,0.00048619986,0.00016353105
270.6,0.0020058942,0.00065208884,0.00020903454
270.8,0.0015514254,0.00075170584,0.0002218112
271,0.0010235535,0.000767641,0.00020484492
271.19998,0.0005533915,0.0007076175,0.00017688416
271.4,0.00026511453,0.00058690505,0.00014813509
271.6,0.00023988541,0.0004285969,0.00011527483
271.8,0.0004868571,0.00027232128,0.00007461912
272,0.00093925337,0.00016506243,0.000034351127
272.19998,0.0014805411,0.00013661229,0.000010624056
272.4,0.0019813862,0.00019051695,0.000012092621
272.6,0.002326753,0.00031603375,0.000037030888
272.8,0.0024336057,0.0004940515,0.000083005405
273,0.0022686757,0.00068734004,0.00014814045
273.2,0.0018648802,0.0008393395,0.0002211764
273.4,0.0013228987,0.00090000685,0.00027663197
273.59998,0.00078673963,0.0008557762,0.00028974432
273.8,0.00040023477,0.00072880404,0.00025774477
274,0.00026443333,0.00055452867,0.00019887665
274.2,0.00041099938,0.00037098778,0.00013341928
274.4,0.0007979173,0.00022250378,0.00007358282
274.59998,0.0013248395,0.00015406629,0.000028235138
274.8,0.0018587608,0.00019119399,0.000008333948
275,0.0022639905,0.0003261802,0.000022791988
275.19998,0.0024348635,0.0005229853,0.000070396905
275.4,0.0023258356,0.0007303497,0.00013987011
275.6,0.0019675528,0.0008944256,0.00021741413
275.8,0.0014587245,0.0009727789,0.00028976283
276,0.0009353513,0.0009466796,0.00033954583
276.19998,0.0005312671,0.00082344183,0.0003450128
276.4,0.00034494477,0.00063159305,0.00029494264
276.6,0.00041998047,0.00041669593,0.0002058911
276.8,0.00073999085,0.0002335183,0.00011430559
277,0.0012332951,0.00012772724,0.000048276586
277.19998,0.001785375,0.000119332675,0.000014758178
277.4,0.002263047,0.00020482867,0.000011954168
277.6,0.0025477377,0.00036868622,0.000043378153
277.8,0.0025659257,0.0005821855,0.00011293958
278,0.0023075303,0.00079438335,0.00020518151
278.2,0.00182971,0.0009430764,0.0002841532
278.4,0.0012476152,0.000987801,0.00032180728
278.59998,0.0007128809,0.00092710403,0.0003151716
278.8,0.00037404365,0.0007817446,0.00027331436
279,0.0003249746,0.00057756045,0.00020469121
279.2,0.00057204714,0.00035594305,0.0001227524
279.4,0.0010431872,0.00018391086,0.000050856
279.59998,0.0016227799,0.00012471716,0.000010017698
279.8,0.0021789782,0.00019289614,0.000005770461
280,0.0025769062,0.0003529049,0.00003280631
280.19998,0.0027038867,0.0005567866,0.00008425358
280.4,0.0025142785,0.00076431344,0.0001483392
280.6,0.0020582248,0.00093230756,0.00020252322
280.8,0.001462083,0.0010113437,0.00022542597
281,0.00087839476,0.00096962997,0.00021603043
281.19998,0.0004476378,0.00081589806,0.00018988679
281.4,0.00028193183,0.0005943738,0.00015804399
281.6,0.0004428259,0.00036423444,0.00011884347
281.8,0.0009045886,0.00018307034,0.00007030187
282,0.0015409482,0.000091289374,0.00002514492
282.19998,0.0021683462,0.00009846793,0.0000042789598
282.4,0.002621819,0.0001873534,0.0000145449085
282.6,0.002805139,0.00033370857,0.00004450757
282.8,0.002690355,0.0005165562,0.00008148259
283,0.0023017318,0.00070724665,0.00012212146
283.2,0.0017204629,0.0008579612,0.00016641046
283.4,0.001091647,0.00091715617,0.00020663429
283.59998,0.00059104327,0.00086335157,0.00022506525
283.8,0.0003537737,0.0007167151,0.00020747804
284,0.00042350066,0.00051828614,0.00015949331
284.2,0.00076402334,0.00031085225,0.00010241815
284.4,0.0012944962,0.00013965422,0.0000535421
284.59998,0.0018965964,0.00005104717,0.000018976778
284.8,0.0024164533,0.00007146581,0.0000036064425
285,0.0027066288,0.00019050404,0.000018244293
285.19998,0.002689736,0.0003737952,0.00006842779
285.4,0.0023830319,0.0005844902,0.00013870951
285.6,0.0018692887,0.0007831465,0.00020360536
285.8,0.001263799,0.00091818796,0.00025125334
286,0.0007052057,0.0009404243,0.00028008228
286.19998,0.0003384535,0.000838073,0.00027930658
286.4,0.00026741513,0.00064719736,0.00023168845
286.6,0.00050780963,0.000423116,0.00014409104
286.8,0.0009834955,0.00021558307,0.000057705172
287,0.0015626119,0.00007061547,0.000010119079
287.19998,0.0020977394,0.000031585136,0.000007183505
287.4,0.0024559225,0.00011842306,0.000039982402
287.6,0.0025466816,0.0003076865,0.000102301114
287.8,0.0023475783,0.00054545415,0.00018106593
288,0.0019126465,0.00077652035,0.00024727167
288.2,0.00135567,0.00095151225,0.00027562518
288.4,0.00081479765,0.0010214476,0.00026645127
288.59998,0.00041596475,0.000953161,0.00023456202
288.8,0.00025009876,0.00075815886,0.00018780795
289,0.00036065886,0.0004967104,0.00012761074
289.2,0.000726092,0.00024985362,0.000063652544
289.4,0.001246793,0.00008787802,0.000016245762
289.59998,0.0017718179,0.000051437473,0.000001692559
289.8,0.002165513,0.00014236264,0.000023793746
290,0.0023523776,0.0003291236,0.00007955562
290.19998,0.0023049933,0.0005669181,0.00016276578
290.4,0.0020235106,0.0008090653,0.0002582471
290.6,0.0015528431,0.0009991032,0.00033814646
290.8,0.001008816,0.0010742838,0.00037174806
291,0.00054861914,0.0010020013,0.00034454052
291.19998,0.00028903058,0.00080937153,0.00026923526
291.4,0.0002686936,0.00056172395,0.00017624913
291.6,0.0004825249,0.00032240903,0.00009250935
291.8,0.00090162514,0.00014400779,0.00003169845
292,0.0014473598,0.000073218136,0.0000022874742
292.19998,0.0019783468,0.00013244171,0.000013406492
292.4,0.0023325477,0.00030027487,0.00006202883
292.6,0.0024016756,0.0005296043,0.00012381446
292.8,0.002175952,0.0007744662,0.00017551694
293,0.0017318114,0.0009819781,0.00021837841
293.2,0.0011907197,0.0010807444,0.00026536532
293.4,0.0006836092,0.0010208444,0.00031263547
293.59998,0.00033042626,0.000828843,0.00033132648
293.8,0.00022290509,0.00058756553,0.00029685302
294,0.00039367558,0.0003660368,0.00022127353
294.2,0.00078874035,0.00019804495,0.00013781447
294.4,0.0012870352,0.00010933827,0.00006743171
294.59998,0.0017610015,0.00012517732,0.00001940101
294.8,0.002112779,0.00024283724,0.000010760715
295,0.0022657136,0.00042241416,0.00006212037
295.19998,0.0021656079,0.0006165145,0.00016830416
295.4,0.001822773,0.00079042424,0.00029103673
295.6,0.0013351715,0.0009143476,0.00038847496
295.8,0.0008383373,0.0009607851,0.00043862313
296,0.00044313562,0.00091618916,0.00043629232
296.19998,0.00022767342,0.0007852466,0.00038487415
296.4,0.00024593328,0.0005888989,0.00029641573
296.6,0.0005052063,0.000372284,0.0001923747
296.8,0.0009372574,0.00020299568,0.00009792786
297,0.0014189844,0.00013477958,0.00003347714
297.19998,0.0018304718,0.00017479752,0.000010198262
297.4,0.0020842915,0.00030037388,0.000032158954
297.6,0.0021222788,0.0004887723,0.00009980981
297.8,0.0019245308,0.0007087131,0.0002055583
298,0.0015341891,0.00090019644,0.0003237248
298.2,0.0010571522,0.0009985493,0.00041587694
298.4,0.0006223398,0.0009827575,0.00045615257
298.59998,0.00033616455,0.00087692146,0.0004437952
298.8,0.00025600116,0.0007117704,0.00038720996
299,0.00038554316,0.00051282265,0.0002919104
299.2,0.00068997906,0.0003209729,0.00017435852
299.4,0.0011101557,0.00019392183,0.00007204893
299.59998,0.0015550068,0.00017419734,0.000018739596
299.8,0.0019003778,0.0002661912,0.000018065506
300,0.0020379282,0.0004428266,0.000056532954
300.19998,0.0019410365,0.0006596,0.00012731287
300.4,0.0016636353,0.00086525304,0.00022541877
300.6,0.0012817027,0.0010133551,0.00032922262
300.8,0.0008692167,0.0010680609,0.0004092288
301,0.0005189674,0.001005901,0.0004556269
301.19998,0.00033221822,0.00083239644,0.0004769835
301.4,0.00035816454,0.00060235325,0.00047161066
301.6,0.00056791893,0.00039806572,0.00041816387
301.8,0.00089968083,0.00027096036,0.00030604325
302,0.0012908308,0.00022207217,0.00016716338
302.19998,0.0016603163,0.00023795347,0.000059774506
302.4,0.0019086367,0.00031429692,0.00002577777
302.6,0.0019668178,0.00044138476,0.00007546661
302.8,0.0018320228,0.00059124676,0.00020015496
303,0.001548174,0.0007296137,0.00037937055
303.2,0.0011785045,0.00082967756,0.000572515
303.4,0.0008014761,0.0008703011,0.00071739824
303.59998,0.00050351315,0.00083609537,0.0007579834
303.8,0.00035757275,0.0007286413,0.000685212
304,0.00040601628,0.00057098945,0.00054213207
304.2,0.00064742775,0.00039816106,0.0003827774
304.4,0.0010219344,0.00025068337,0.00023661827
304.59998,0.0014224174,0.00017218495,0.00011566235
304.8,0.0017450589,0.00019308715,0.000040108192
305,0.0019267526,0.0003096165,0.000040217623
305.19998,0.0019314995,0.0004891385,0.00013185338
305.4,0.001738933,0.00069183775,0.00030200635
305.6,0.0013818486,0.0008742626,0.0005150952
305.8,0.0009693904,0.0009876265,0.00071683736
306,0.0006227462,0.0009994151,0.0008422479
306.19998,0.00040191677,0.0009134516,0.0008500317
306.4,0.00033020915,0.0007558642,0.0007503925
306.6,0.00044321612,0.0005536777,0.00058317115
306.8,0.00075946725,0.00034189766,0.00038397504
307,0.0012145882,0.00017470318,0.00019092551
307.19998,0.001664225,0.000104475956,0.000060480786
307.4,0.0019730036,0.00015306297,0.000035840232
307.6,0.002079728,0.00031471608,0.00010865024
307.8,0.0019786437,0.00056593324,0.00024492695
308,0.0016892084,0.000850063,0.00042758844
308.2,0.0012676149,0.001074238,0.00064159255
308.4,0.00082005945,0.001161319,0.0008336835
308.59998,0.00047541154,0.0010990626,0.00092965446
308.8,0.00033464123,0.0009198759,0.00090066163
309,0.00043599866,0.000664817,0.00077330845
309.2,0.00074996793,0.00039369802,0.000578911
309.4,0.001198411,0.00019304895,0.00034479404
309.59998,0.0016787293,0.0001254648,0.00013518328
309.8,0.0020765206,0.00018658355,0.00003703886
310,0.002283761,0.00034079194,0.000079634025
310.19998,0.0022414662,0.000561857,0.00022006643
310.4,0.0019708928,0.00081135763,0.0004117672
310.6,0.0015495506,0.0010141329,0.00063110265
310.8,0.0010684415,0.0010973811,0.0008359899
311,0.000629276,0.0010488289,0.00094927906
311.19998,0.00035365252,0.0009046363,0.0009196375
311.4,0.00034017308,0.00069771224,0.00077491463
311.6,0.0005927948,0.00045492337,0.000583418
311.8,0.0010188775,0.00023146618,0.00038940695
312,0.0015003762,0.00010594741,0.00021044721
312.19998,0.0019331614,0.00012329814,0.00007477885
312.4,0.0022147526,0.0002641049,0.000030253159
312.6,0.002261869,0.00047787174,0.000106444604
312.8,0.0020643282,0.0007199718,0.00028286938
313,0.0016903805,0.0009479574,0.00050376984
313.2,0.0012349887,0.0011045693,0.0007107977
313.4,0.00079321733,0.0011300638,0.0008556667
313.59998,0.00046878948,0.0010066237,0.0009002784
313.8,0.00035270292,0.0007830784,0.0008289311
314,0.00046775767,0.00053730374,0.0006647315
314.2,0.00075927423,0.00032029365,0.00046094746
314.4,0.001149979,0.0001519157,0.0002690934
314.59998,0.001570099,0.000059071997,0.00012163226
314.8,0.0019349814,0.00008821892,0.000041808
315,0.0021378347,0.00025544417,0.000048207563
315.19998,0.002097957,0.0005037401,0.00013574139
315.4,0.001820932,0.00075224123,0.0002699254
315.6,0.0013990595,0.00096257543,0.00041762413
315.8,0.000955656,0.0011177458,0.00056790555
316,0.0005968972,0.0011699956,0.00070990843
316.19998,0.0003985152,0.0010625962,0.00080500625
316.4,0.00040629884,0.0008094702,0.0008050509
316.6,0.0006271877,0.00050744263,0.0007024838
316.8,0.0010132198,0.00025333988,0.000536496
317,0.0014646384,0.00009035466,0.00035155364
317.19998,0.0018662529,0.000034045974,0.0001819146
317.4,0.002126,0.00010342442,0.0000720525
317.6,0.002182946,0.00030563545,0.00006987572
317.8,0.002007298,0.0006034645,0.00018186591
318,0.0016285205,0.0009166345,0.00036613335
318.2,0.0011619325,0.0011562353,0.0005798741
318.4,0.0007639762,0.0012582726,0.0007987382
318.59998,0.0005407586,0.0012019974,0.0009842371
318.8,0.00052135607,0.0010108623,0.0010686792
319,0.00070024596,0.00073678483,0.0010035284
319.2,0.0010481273,0.00044276757,0.0008111198
319.4,0.0014808036,0.0001970894,0.0005625395
319.59998,0.0018710707,0.00006608938,0.0003218443
319.8,0.0021188958,0.00009123303,0.00013610387
320,0.002187563,0.00026784625,0.00005745644
320.2,0.002073991,0.0005485591,0.00013204658
320.40002,0.0017920695,0.00086170284,0.00035137223
320.59998,0.0013996854,0.0011267591,0.00063751405
320.8,0.0010035307,0.0012724127,0.00089699036
321,0.00070918025,0.0012616822,0.0010762108
321.19998,0.000580408,0.0011049092,0.0011575555
321.4,0.0006472709,0.00084839505,0.0011270817
321.6,0.0009116156,0.00055528624,0.0009737121
321.8,0.0013171721,0.00029402575,0.0007216733
322,0.0017369279,0.00012742278,0.0004417562
322.19998,0.002032334,0.000096723445,0.00021438026
322.39996,0.0021354568,0.00020822618,0.00009145553
322.59998,0.002060947,0.0004262902,0.00009832322
322.8,0.0018569826,0.0006765032,0.00024587184
323,0.0015727761,0.0008731561,0.00051349914
323.2,0.0012623544,0.00096500193,0.0008292689
323.4,0.0009896817,0.0009540823,0.0010981614
323.6,0.0008167289,0.0008666153,0.0012565447
323.80002,0.0007887103,0.0007197612,0.0012861737
323.99997,0.00092751684,0.0005268167,0.0011882691
324.19998,0.0012235928,0.00032226933,0.00097347394
324.4,0.0016189149,0.00015875042,0.00068193855
324.59998,0.002002005,0.000073145326,0.0003904957
324.8,0.0022464036,0.000071196606,0.00018312
325,0.0022805044,0.00014596681,0.000115580726
325.2,0.0021212222,0.0002911962,0.0002041726
325.40002,0.0018377849,0.00048850826,0.00042941098
325.59998,0.0015010135,0.0006909145,0.00073953444
325.8,0.0011790072,0.0008329722,0.0010570554
326,0.00095494266,0.0008657122,0.001294974
326.19998,0.0009078954,0.00078263524,0.0013814677
326.4,0.0010633938,0.00061589107,0.0012881624
326.6,0.0013782661,0.00041569804,0.0010470834
326.8,0.0017737676,0.00023192036,0.0007357106
327,0.0021619846,0.00010309075,0.00043666508
327.19998,0.00244657,0.000051217077,0.00021028164
327.39996,0.0025411271,0.00008204959,0.000097922624
327.59998,0.002416369,0.0001892525,0.00012926309
327.8,0.0021207947,0.00035441524,0.0003060134
328,0.0017469279,0.00054080976,0.00057915103
328.2,0.0013903994,0.0006961041,0.00086081884
328.4,0.001137751,0.0007754338,0.001071946
328.6,0.0010552844,0.0007656721,0.0011758788
328.80002,0.0011579125,0.0006818132,0.0011674429
328.99997,0.0013978861,0.00054437056,0.00104647
329.19998,0.0017031943,0.00037329004,0.00081891334
329.4,0.0020190312,0.00020179793,0.00052696076
329.59998,0.0023027332,0.00007859937,0.00025724413
329.8,0.0024973655,0.00004414149,0.00009258532
330,0.0025357236,0.00010823141,0.000059212223
330.2,0.002379334,0.0002533868,0.0001383734
330.40002,0.002052529,0.00044609877,0.0003124902
330.59998,0.001642791,0.0006360775,0.00057063974
330.8,0.0012742337,0.00076309463,0.00086527364
331,0.0010668322,0.0007888321,0.001094038
331.19998,0.0010861238,0.00071971666,0.0011660147
331.4,0.0013117171,0.0005881881,0.0010773969
331.6,0.0016600752,0.00042360148,0.00088905275
331.8,0.0020407299,0.00025278938,0.00065355207
332,0.0023834575,0.000114286406,0.00040061766
332.19998,0.0026245404,0.000047810794,0.00017661118
332.39996,0.0027009845,0.000068665664,0.000053073785
332.59998,0.0025783347,0.00016678145,0.000077849836
332.8,0.0022781645,0.0003238477,0.00024190814
333,0.0018710224,0.0005119166,0.00050139066
333.2,0.0014523884,0.00067911315,0.0007999198
333.4,0.0011267206,0.0007645729,0.0010609968
333.6,0.0009865392,0.00074246456,0.0011972729
333.80002,0.0010712822,0.0006365063,0.0011611589
333.99997,0.0013397167,0.00048642125,0.000977868
334.19998,0.0017017347,0.0003207185,0.0007155664
334.4,0.0020755997,0.00016709587,0.0004398014
334.59998,0.0023965954,0.00006806808,0.0002057837
334.8,0.0025899215,0.000064274136,0.00006802299
335,0.0025854514,0.00016265785,0.00006691538
335.2,0.002378553,0.00033290905,0.00020410129
335.40002,0.0020464796,0.00052976893,0.00044164035
335.59998,0.0016851943,0.0007077381,0.00072013657
335.8,0.0013586665,0.00082309183,0.00097285776
336,0.0011203573,0.00084169296,0.0011391353
336.19998,0.0010404648,0.0007547391,0.0011834131
336.4,0.0011719072,0.00058641983,0.0011017482
336.6,0.0014894141,0.0003855673,0.00090950413
336.8,0.0018863884,0.00020710667,0.0006371127
337,0.002239316,0.000091937145,0.00034614664
337.19998,0.0024638968,0.000057224723,0.00012814357
337.39996,0.0025219102,0.000104510145,0.0000577766
337.59998,0.002412537,0.00023237162,0.00014820509
337.8,0.0021720687,0.00043157124,0.00036290853
338,0.0018631212,0.00066415354,0.0006499266
338.2,0.0015497581,0.00086026295,0.00094522734
338.4,0.0012852805,0.00095406495,0.0011669943
338.6,0.0011189556,0.00092316064,0.0012476172
338.80002,0.0010980306,0.00078691426,0.0011770357
338.99997,0.001251049,0.0005815997,0.0009935899
339.19998,0.0015654018,0.0003532969,0.0007417859
339.4,0.0019751024,0.00016149771,0.0004645732
339.59998,0.0023680567,0.000060760507,0.0002257564
339.8,0.0026222526,0.000073335905,0.000098824756
340,0.0026628636,0.0001908991,0.00011720946
340.2,0.0024958279,0.00039206207,0.0002577716
340.40002,0.0021853005,0.00063660636,0.0004769025
340.59998,0.0018122527,0.0008512019,0.00073340884
340.8,0.0014622674,0.00095755473,0.00097147125
341,0.0012246799,0.0009296245,0.0011158376
341.19998,0.0011624666,0.0008025609,0.0011124747
341.4,0.0012768244,0.00062412856,0.0009680747
341.6,0.0015260113,0.00042345477,0.0007386625
341.8,0.0018748777,0.0002284717,0.00049230887
342,0.002291382,0.00008534071,0.00028707937
342.19998,0.0026966932,0.000038284146,0.00016123209
342.39996,0.0029596551,0.00009847767,0.00012781484
342.59998,0.0029732096,0.00024672912,0.00018474952
342.8,0.0027331314,0.00045150347,0.0003303515
343,0.0023275819,0.0006681546,0.0005521726
343.2,0.0018725633,0.00083751406,0.00079525495
343.4,0.0014818207,0.00091227744,0.00096943957
343.6,0.0012616124,0.000884997,0.0010145209
343.80002,0.0012756225,0.00077734556,0.00093904376
343.99997,0.0015063231,0.0006118427,0.0007826834
344.19998,0.001878513,0.0004110183,0.0005763768
344.4,0.002314232,0.00021650663,0.00035661506
344.59998,0.0027385452,0.000084763575,0.00018373212
344.8,0.0030516204,0.00005629081,0.00010888246
345,0.0031442493,0.00014031907,0.00013821432
345.2,0.0029623806,0.0003225578,0.00025480168
345.40002,0.0025468525,0.0005634387,0.00044948515
345.59998,0.0020105403,0.00079106935,0.0006990939
345.8,0.001496628,0.00093036424,0.0009307756
346,0.001150516,0.00095524016,0.0010547753
346.19998,0.001080781,0.000893386,0.0010413087
346.4,0.0013041373,0.0007772857,0.0009248024
346.6,0.001733346,0.00061392935,0.0007399607
346.8,0.0022343881,0.0004091538,0.0005045893
347,0.0026883727,0.0002034114,0.00026928436
347.19998,0.0030064052,0.00006191965,0.00012783102
347.39996,0.0031242126,0.000032161126,0.00013791843
347.59998,0.0030113116,0.0001274898,0.00027381198
347.8,0.0026851424,0.0003384997,0.00048264826
348,0.0022143992,0.00062964275,0.0007337268
348.2,0.0017131448,0.0009257926,0.0009906238
348.4,0.0013209176,0.0011348309,0.0011790484
348.6,0.0011570556,0.0012013139,0.0012275861
348.80002,0.0012670467,0.0011272392,0.001131504
348.99997,0.0016076629,0.0009437897,0.0009405682
349.19998,0.0020801583,0.0006866739,0.0007006465
349.4,0.002564984,0.0004031277,0.0004434727
349.59998,0.0029396953,0.0001597293,0.00022267358
349.8,0.0031089934,0.000023140756,0.000116201656
350,0.0030435682,0.0000336082,0.00017318586
350.2,0.0027805504,0.00019842872,0.00037836275
350.40002,0.0023850221,0.00049587677,0.0006728242
350.59998,0.0019316786,0.00087130035,0.0009828098
350.8,0.0015186385,0.0012355219,0.0012289144
351,0.0012586355,0.0014856714,0.0013426483
351.19998,0.0012261921,0.0015441864,0.0012957586
351.4,0.0014172569,0.0013916185,0.0011089512
351.6,0.0017672494,0.0010744809,0.00083219353
351.8,0.002187708,0.0006852984,0.000526719
352,0.0025769111,0.00032714783,0.0002621795
352.19998,0.0028323373,0.00008459032,0.000110796565
352.39996,0.00289276,0.000012403959,0.00012674274
352.59998,0.00276749,0.00013027801,0.00032141068
352.8,0.002509628,0.00041262573,0.0006468293
353,0.002173229,0.00078701426,0.0009997669
353.2,0.0018082819,0.001157297,0.0012614238
353.4,0.0014773633,0.0014358866,0.0013556097
353.6,0.0012540999,0.0015591539,0.001274436
353.80002,0.0012043302,0.0014922064,0.0010571877
353.99997,0.0013636169,0.0012427674,0.00076460413
354.19998,0.0017108489,0.00087418227,0.00047117748
354.4,0.0021547836,0.000489194,0.0002500938
354.59998,0.002568272,0.00018819096,0.0001454984
354.8,0.002853698,0.00003431725,0.00016927092
355,0.0029682438,0.000042720363,0.00032440736
355.2,0.0028954973,0.00018962054,0.0006039749
355.40002,0.0026339283,0.00043318872,0.0009532494
355.59998,0.0022294226,0.00073202176,0.0012633831
355.8,0.0017852361,0.0010445759,0.00143539
356,0.0014116598,0.0013139625,0.0014346569
356.19998,0.0011842162,0.0014661512,0.00127294
356.4,0.001159333,0.0014387416,0.0009822479
356.6,0.0013797174,0.0012175292,0.0006331602
356.8,0.0018204706,0.0008514859,0.00033467571
357,0.0023539867,0.00044594292,0.00017062249
357.19998,0.0028136778,0.0001349885,0.00015615433
357.39996,0.0030880678,0.000021746888,0.0002759659
357.59998,0.0031306082,0.000121497345,0.0005259138
357.8,0.0029235892,0.00037471106,0.00088338595
358,0.002498663,0.00071110297,0.0012577827
358.2,0.0019805322,0.0010733344,0.0015194237
358.4,0.0015401405,0.0013862567,0.0015866117
358.6,0.0012814056,0.0015514108,0.0014567724
358.80002,0.0012153725,0.0015070603,0.0011722653
358.99997,0.0013345882,0.0012759157,0.0008027998
359.19998,0.0016401224,0.0009328445,0.0004480134
359.4,0.002085186,0.0005555508,0.00020610438
359.59998,0.002549066,0.00022654803,0.00012766707
359.8,0.002894773,0.00003919079,0.0002128167
360,0.003032086,0.000051836756,0.00043448785
360.2,0.0029282002,0.0002469699,0.00073965086
360.40002,0.0026071405,0.00055985025,0.0010455009
360.59998,0.0021619995,0.0009209936,0.0012708802
360.8,0.0017278558,0.0012523993,0.001373998
361,0.0014108709,0.0014638829,0.0013460638
361.19998,0.0012574352,0.0014976895,0.0011862859
361.4,0.0012863227,0.0013623183,0.00091223454
361.6,0.0015068894,0.0010990765,0.0005880346
361.8,0.001887066,0.00074802653,0.00031050897
362,0.0023301274,0.00037708916,0.00015656122
362.19998,0.0027083326,0.00010292865,0.00015209612
362.39996,0.002917754,0.000019395691,0.00027809106
362.59998,0.0029054624,0.00012440991,0.00048503195
362.8,0.0026779675,0.00036233806,0.00071005506
363,0.002304749,0.0006920576,0.0009028511
363.2,0.0018939283,0.0010665441,0.001039239
363.4,0.0015426518,0.0013836427,0.0011064217
363.6,0.0013126861,0.0015257582,0.0010840319
363.80002,0.00124487,0.0014567986,0.0009526267
363.99997,0.0013668553,0.0012280801,0.00072454696
364.19998,0.0016684424,0.00090182945,0.00046039245
364.4,0.0020814554,0.0005315115,0.00024812878
364.59998,0.0025002519,0.00020580771,0.00016035221
364.8,0.002823154,0.000038203587,0.00022156266
365,0.0029775721,0.000086076376,0.0004044503
365.2,0.0029273862,0.00032247131,0.0006503845
365.40002,0.0026783613,0.0006858344,0.00089153
365.59998,0.0022822851,0.0011005964,0.0010645197
365.8,0.0018303205,0.0014526504,0.001126316
366,0.0014341458,0.0016159406,0.0010706908
366.19998,0.0012004832,0.0015394385,0.0009230553
366.4,0.0012020796,0.0012760285,0.00071557594
366.6,0.0014497042,0.000918008,0.0004811837
366.8,0.0018817593,0.0005465178,0.0002742883
367,0.0023844843,0.00024133199,0.00016841096
367.19998,0.0028286627,0.00008279098,0.00020842435
367.39996,0.003100547,0.000111627414,0.00037892524
367.59998,0.0031251968,0.0003085732,0.00063061685
367.8,0.0028871156,0.00062192074,0.00090887886
368,0.0024402621,0.0009866455,0.0011428283
368.2,0.0018968361,0.0013134988,0.0012473807
368.4,0.0013969706,0.001501477,0.0011804394
368.6,0.0010713665,0.0014927711,0.0009839061
368.80002,0.0010073972,0.001303806,0.00073989766
368.99997,0.0012239894,0.0009956573,0.00050833554
369.19998,0.0016636413,0.0006395457,0.00032652577
369.4,0.0022110962,0.00031643838,0.00023471928
369.59998,0.0027295565,0.00011104494,0.00026172274
369.8,0.0030920943,0.00007315572,0.00039563968
370,0.0032032705,0.00019424473,0.00059753633
370.2,0.0030261832,0.0004357395,0.00082901097
370.40002,0.002608574,0.00076054427,0.001043078
370.59998,0.002072369,0.0011196957,0.001173505
370.8,0.0015621287,0.0014283673,0.00117288
371,0.0012004495,0.0015897702,0.001055033
371.19998,0.0010800383,0.0015517552,0.00087357074
371.4,0.0012565297,0.0013283411,0.0006736459
371.6,0.0017082975,0.0009771131,0.00048792252
371.8,0.0023070516,0.00058193726,0.00035825063
372,0.0028661005,0.00024838166,0.00032297184
372.19998,0.0032383213,0.00007712917,0.0003860119
372.39996,0.0033628496,0.00012171132,0.0005251849
372.59998,0.0032378056,0.0003750269,0.00071919366
372.8,0.0028943536,0.00078263186,0.00093931303
373,0.0024089126,0.0012454803,0.0011279641
373.2,0.0019033091,0.0016292743,0.0012219901
373.4,0.0015068472,0.0018217481,0.0012001127
373.6,0.001318867,0.0017945997,0.0010847034
373.80002,0.0013905138,0.0015885169,0.0009053622
373.99997,0.0017029517,0.0012506951,0.00068907795
374.19998,0.0021538632,0.000823817,0.00048090686
374.4,0.0026001162,0.00039412783,0.00034220645
374.59998,0.002936313,0.00010355642,0.00031768583
374.8,0.003121227,0.000074347874,0.00042148388
375,0.0031355065,0.0003273241,0.00065043464
375.2,0.0029584076,0.0007812653,0.000976473
375.40002,0.0026088075,0.001302997,0.001316564
375.59998,0.0021818222,0.0017518762,0.0015469871
375.8,0.001811445,0.0020181509,0.0015826917
376,0.0015942304,0.002052419,0.0014331237
376.19998,0.0015567984,0.0018612087,0.0011703729
376.4,0.001681678,0.0014827575,0.0008693641
376.6,0.0019366653,0.0009876693,0.0005913019
376.8,0.0022755864,0.0004950164,0.00039606172
377,0.0026304154,0.00015020449,0.00033750414
377.19998,0.0029176378,0.000063487685,0.0004389651
377.39996,0.0030580233,0.00026532807,0.00067944627
377.59998,0.0030034054,0.0006969628,0.0010019363
377.8,0.002760978,0.0012192591,0.0013297641
378,0.002400225,0.0016586066,0.0015810329
378.2,0.0020284269,0.0018940746,0.0016835761
378.4,0.0017440617,0.0019058526,0.0015951422
378.6,0.0016021595,0.0017337982,0.0013282927
378.8,0.0016168389,0.0014203356,0.0009639538
378.99997,0.0017819774,0.0010140773,0.0006246209
379.19998,0.002071819,0.0005971766,0.00041230378
379.4,0.0024255242,0.00026572033,0.00036648172
379.59998,0.0027533276,0.000086014385,0.00047668655
379.8,0.0029716827,0.000089326735,0.0007114748
380,0.0030297674,0.00028444745,0.0010196755
380.2,0.0029080142,0.0006380572,0.0013264142
380.40002,0.002620887,0.0010570631,0.001560564
380.59998,0.0022372492,0.0014322246,0.0016848919
380.8,0.0018749638,0.0016949419,0.0016842657
381,0.00164544,0.0018083177,0.0015432863
381.19998,0.0015998768,0.0017339921,0.0012685126
381.4,0.0017305027,0.0014576381,0.000927906
381.6,0.0019989205,0.0010403767,0.00063023076
381.8,0.0023461585,0.0006010059,0.00045724618
382,0.002695696,0.00024981552,0.00043793075
382.19998,0.0029694939,0.00006905256,0.0005734817
382.39996,0.003101515,0.00012570558,0.0008441531
382.59998,0.0030466157,0.00043536513,0.001193987
382.8,0.0028073597,0.0009090624,0.0015480169
383,0.0024593328,0.0013936483,0.0018454463
383.2,0.0021147244,0.0017717576,0.0020275093
383.4,0.0018459567,0.0019853045,0.0020152559
383.6,0.0016754896,0.0019927411,0.0017610227
383.8,0.001632078,0.0017721698,0.0013304895
383.99997,0.0017542101,0.0013699434,0.00087989506
384.19998,0.002027439,0.0008967761,0.00054358615
384.4,0.0023663477,0.00046537086,0.00038714372
384.59998,0.0026790402,0.00016162991,0.00044505298
384.8,0.0029153498,0.000059876995,0.0007235331
385,0.003035002,0.00020617334,0.0011554752
385.2,0.0029835561,0.00056590314,0.0016175745
385.40002,0.0027437164,0.0010265316,0.0020071508
385.59998,0.0023826559,0.0014692203,0.0022549187
385.8,0.0020089892,0.0018110041,0.0022821662
386,0.0017021766,0.0019882997,0.0020326264
386.19998,0.0015150523,0.0019523223,0.0015691164
386.4,0.0015038773,0.0017016476,0.0010653166
386.6,0.0016997162,0.001294356,0.0006769639
386.8,0.0020565945,0.0008184342,0.0004740822
387,0.0024616201,0.00037498737,0.0004810723
387.19998,0.0028022688,0.00008918197,0.0006973514
387.39996,0.0030096916,0.00008151715,0.0010652143
387.59998,0.0030483203,0.0003774876,0.0014856381
387.8,0.002902574,0.000861606,0.001882533
388,0.002592793,0.0013520623,0.0022013027
388.2,0.0021943622,0.0017062626,0.0023541949
388.4,0.0018265332,0.0018540467,0.002245836
388.6,0.0016088517,0.001783502,0.0018817352
388.8,0.0016069022,0.0015328533,0.0013935155
388.99997,0.0017996493,0.0011774597,0.00093362585
389.19998,0.0021002707,0.00079539366,0.0005975516
389.4,0.0024182738,0.000445104,0.00044363434
389.59998,0.0026993356,0.0001804656,0.0005091964
389.8,0.0029082585,0.00006576388,0.00077905145
390,0.002998172,0.00014501435,0.0011848884
390.2,0.002923208,0.00039559288,0.0016504228
390.40002,0.0026875853,0.00073864893,0.0021000116
390.59998,0.0023681456,0.0010957612,0.002426179
390.8,0.0020708956,0.001411716,0.0025096377
391,0.0018664864,0.001630788,0.0023050744
391.19998,0.0017783775,0.0016891882,0.001879356
391.4,0.0018180409,0.0015520626,0.0013571006
391.6,0.0019957155,0.0012482187,0.00086587865
391.8,0.0022882305,0.0008559657,0.0005241675
392,0.0026200549,0.0004669243,0.000416229
392.19998,0.002890801,0.00017116056,0.00055204006
392.39996,0.0030170367,0.000049121816,0.00088176527
392.59998,0.00295594,0.00014236331,0.0013486727
392.8,0.0027202938,0.00042885655,0.0018908378
393,0.0023858466,0.000839053,0.0023951991
393.2,0.0020596352,0.0012877426,0.002704281
393.4,0.0018210087,0.001681719,0.002706369
393.6,0.0017027177,0.0019218904,0.0024044267
393.8,0.0017234775,0.0019359327,0.0018898193
393.99997,0.0018970089,0.0017174978,0.0012906847
394.19998,0.0021945527,0.0013241059,0.00076008675
394.4,0.002532179,0.0008475209,0.00045609908
394.59998,0.0028175763,0.0004001732,0.00047010474
394.8,0.0029897643,0.00010475228,0.0007753035
395,0.0030078883,0.000049313276,0.0012657245
395.2,0.002848582,0.000240939,0.0018268306
395.40002,0.0025467866,0.0006182952,0.0023500684
395.59998,0.0022055726,0.0010948697,0.0027110926
395.8,0.001928571,0.0015688175,0.0027884739
396,0.0017620922,0.0019179515,0.002531622
396.19998,0.0017243595,0.002037454,0.0020057037
396.4,0.0018433437,0.0018986257,0.0013654229
396.6,0.0021208609,0.0015537038,0.00079142326
396.8,0.0024856362,0.0010920898,0.00043532654
397,0.002823519,0.0006152087,0.0003777282
397.19998,0.0030481787,0.00023585347,0.00060385175
397.39996,0.0031221686,0.00005429148,0.0010235434
397.59998,0.003037295,0.00011606797,0.001524194
397.8,0.0028130389,0.00040177634,0.001999893
398,0.0025017275,0.0008444794,0.0023428856
398.2,0.0021682277,0.00133512,0.0024521307
398.4,0.0018746911,0.001735674,0.0022857455
398.6,0.0016930357,0.0019386639,0.0018972341
398.8,0.0016954234,0.0019230074,0.0014027879
398.99997,0.0018984616,0.0017315563,0.00092285266
399.19998,0.0022310615,0.001409811,0.00055780704
399.4,0.002582481,0.0009965291,0.0003834428
399.59998,0.0028690584,0.0005628101,0.00043454132
399.8,0.0030383337,0.00022133294,0.0006965158
400,0.003046237,0.00007925432,0.0011213294
400.2,0.0028782648,0.00019206136,0.00163543
400.40002,0.002586592,0.00055035565,0.0021268104
400.59998,0.0022716345,0.0010746188,0.0024588231
400.8,0.0020183227,0.0016263042,0.002531746
401,0.0018634623,0.0020652127,0.0023285886
401.19998,0.0018147866,0.0023080076,0.0019016514
401.4,0.0018737377,0.002320219,0.0013480796
401.6,0.0020371804,0.002080218,0.00080742117
401.8,0.0022919106,0.0016016938,0.0004358715
402,0.0026032515,0.0009926574,0.00034153502
402.19998,0.0028990821,0.000440102,0.0005461291
402.39996,0.0030794612,0.000108243046,0.000999481
402.59998,0.0030671828,0.000072330455,0.0015948465
402.8,0.0028559319,0.00033593812,0.0021748482
403,0.0025103753,0.0008525986,0.0025786294
403.2,0.0021331864,0.0015110157,0.0027122996
403.4,0.0018347113,0.002139864,0.0025611224
403.6,0.0017004905,0.0025672955,0.0021559119
403.8,0.001752326,0.0026843625,0.001578953
403.99997,0.0019428941,0.002467815,0.0009879484
404.19998,0.0022058992,0.001977689,0.0005576499
404.4,0.002500651,0.0013411028,0.00037832564
404.59998,0.0027907486,0.00071427575,0.000449457
404.8,0.003005444,0.00024452567,0.0007483064
405,0.0030677319,0.000055119643,0.0012380333
405.2,0.0029657765,0.00021991793,0.0018127725
405.40002,0.002762925,0.0007065403,0.0023066245
405.59998,0.0025262043,0.0013611373,0.0025891748
405.8,0.0022811822,0.0019930725,0.0026161498
406,0.0020501588,0.0024675224,0.0023910191
406.19998,0.0018902225,0.00270394,0.0019452887
406.4,0.0018606312,0.002639347,0.0013742358
406.6,0.0019711298,0.0022579816,0.00083558157
406.8,0.0021849738,0.0016503101,0.00047630584
407,0.002458839,0.0009902416,0.0003795641
407.19998,0.0027528666,0.00044544315,0.000573036
407.39996,0.003009884,0.00013211818,0.0010327314
407.59998,0.0031551756,0.00012609013,0.0016604486
407.8,0.0031286937,0.00045209413,0.0022950235
408,0.0029186013,0.0010443085,0.0027704763
408.2,0.0025751002,0.0017509757,0.002964114
408.4,0.0021973837,0.0023945968,0.0028208902
408.6,0.0018937513,0.0028213253,0.002378961
408.8,0.0017392308,0.0029209065,0.001768264
408.99997,0.001764222,0.0026551245,0.0011522184
409.19998,0.0019645141,0.0020879225,0.0006689362
409.4,0.0022953907,0.0013709868,0.00042464928
409.59998,0.0026632799,0.0006908306,0.0004931594
409.8,0.0029606,0.00022227298,0.00087262003
410,0.0031244424,0.000091374,0.0014586293
410.2,0.0031440214,0.0003326291,0.0020920797
410.40002,0.00301769,0.0008719243,0.0026207357
410.59998,0.0027459736,0.0015652347,0.0029143968
410.8,0.0023719997,0.0022526975,0.0028825696
411,0.0019874214,0.0027815758,0.0025275205
411.19998,0.0016848597,0.0030198472,0.0019595337
411.4,0.0015297806,0.002894869,0.0013345486
411.6,0.0015780921,0.0024310248,0.00079573435
411.8,0.0018676424,0.0017445037,0.00046793767
412,0.0023581574,0.0010061816,0.00044009433
412.19998,0.0029036496,0.0004036419,0.0007089321
412.39996,0.0033130315,0.00009875899,0.001171614
412.59998,0.0034489115,0.00017548758,0.0016978423
412.8,0.0032835067,0.0006121414,0.0021799514
413,0.0028881957,0.0012993766,0.0025160343
413.2,0.0023880373,0.0020751997,0.0026087863
413.4,0.0019106008,0.0027544897,0.0024210317
413.6,0.0015521382,0.0031665084,0.002008878
413.8,0.0013802933,0.0032037387,0.001481635
413.99997,0.0014487961,0.0028544622,0.00095432095
414.19998,0.0017763968,0.0022038235,0.0005412812
414.4,0.0023005623,0.0014161222,0.00034725876
414.59998,0.002871829,0.00069749414,0.00042864098
414.8,0.0033180737,0.00023231514,0.00077197736
415,0.0035246697,0.00012391858,0.0013088952
415.2,0.003463931,0.0003795679,0.0019234982
415.40002,0.003176174,0.0009289454,0.0024512392
415.59998,0.002738338,0.0016414432,0.0027270138
415.8,0.0022375847,0.0023488796,0.002671975
416,0.0017636775,0.0028923105,0.0023244922
416.19998,0.0014229788,0.0031650665,0.0017905807
416.4,0.001332475,0.0031156626,0.0011948405
416.6,0.0015603041,0.002736671,0.0006731396
416.8,0.002060268,0.002084228,0.0003572706
417,0.002676301,0.0013043622,0.00032545952
417.19998,0.0032222508,0.0006027701,0.00057032716
417.39996,0.0035631978,0.00016521545,0.0010190982
417.59998,0.0036366503,0.0001011072,0.0015685384
417.8,0.003435861,0.00043454525,0.0020979792
418,0.0030039577,0.0011039434,0.0024779597
418.2,0.002437365,0.001955271,0.002602912
418.4,0.0018715162,0.0027661356,0.0024384444
418.6,0.0014472178,0.003318802,0.0020407715
418.8,0.0012756318,0.0034780088,0.0015244776
418.99997,0.0014114177,0.0032222369,0.001007735
419.19998,0.00183095,0.0026266307,0.00058577914
419.4,0.0024205865,0.0018306827,0.00034116188
419.59998,0.0029987716,0.0010151501,0.0003448543
419.8,0.0033894968,0.00038245437,0.0006181517
420,0.0035084796,0.00011357539,0.0010990464
420.2,0.0033786956,0.00029652,0.0016681161
420.40002,0.0030601372,0.00087688566,0.002199983
420.59998,0.0025975711,0.0016850077,0.002575056
420.8,0.002056838,0.0025121272,0.0026787755
421,0.0015712964,0.003162677,0.0024530217
421.19998,0.0013013266,0.0034747124,0.0019594657
421.4,0.0013331113,0.003357355,0.0013551414
421.6,0.0016248054,0.0028431085,0.0007996168
421.8,0.0020566056,0.0020863235,0.0004068093
422,0.0025161004,0.0012884908,0.00025768892
422.19998,0.0029243887,0.0006233606,0.00039497734
422.39996,0.0032135656,0.0002189789,0.0007825419
422.59998,0.0033215482,0.00016458865,0.0013011508
422.8,0.003217152,0.00049250264,0.0018064354
423,0.0029194378,0.001142862,0.0021813759
423.2,0.0024922094,0.001959149,0.0023461406
423.4,0.0020265544,0.0027362583,0.0022649812
423.6,0.001627506,0.003291649,0.0019655908
423.8,0.0014010973,0.003512388,0.0015319699
423.99997,0.0014248075,0.0033588223,0.00106428
424.19998,0.0017033345,0.0028516778,0.0006541289
424.4,0.0021504106,0.00208031,0.00038760758
424.59998,0.0026350361,0.0012226754,0.00033444658
424.8,0.0030530295,0.0005189082,0.00051252183
425,0.0033376478,0.00017921318,0.0008731227
425.2,0.0034212193,0.0002961063,0.001327146
425.40002,0.0032472294,0.00083127397,0.0017754792
425.59998,0.0028419406,0.0016535348,0.0021214867
425.8,0.0023423897,0.0025696629,0.002284705
426,0.001915666,0.0033507356,0.0022227985
426.19998,0.0016514764,0.003788153,0.0019422442
426.4,0.0015618765,0.003763608,0.0014960268
426.6,0.0016582172,0.0032852683,0.0009851529
426.8,0.0019628447,0.002478778,0.0005486667
427,0.0024435942,0.0015533548,0.0003150006
427.19998,0.0029775202,0.0007465397,0.00034278553
427.39996,0.0033924906,0.0002527489,0.00061204756
427.59998,0.0035437169,0.00017586074,0.0010586032
427.8,0.0033735295,0.00053008803,0.0015905801
428,0.0029379814,0.0012516706,0.0020823537
428.2,0.0023906736,0.002185352,0.0024004274
428.4,0.001915565,0.0030864612,0.0024654542
428.6,0.0016396162,0.0036969914,0.0022785102
428.8,0.0015932631,0.003856021,0.0018875476
428.99997,0.0017415625,0.0035437872,0.0013631653
429.19998,0.0020308683,0.0028491255,0.00082146464
429.4,0.0024038586,0.0019376263,0.00042325095
429.59998,0.0027952977,0.001040802,0.00029221972
429.8,0.0031326583,0.00040349708,0.00043709262
430,0.0033437614,0.00018251668,0.00078177475
430.2,0.003371673,0.0003944879,0.0012486685
430.40002,0.0032012777,0.00096004934,0.0017774861
430.59998,0.0028775204,0.0017596307,0.0022784255
430.8,0.002485807,0.0026285069,0.0026126355
431,0.0021063052,0.0033444362,0.0026523971
431.19998,0.0017974419,0.0036942253,0.00236385
431.4,0.0016234554,0.0035854888,0.0018282471
431.6,0.0016646395,0.0030819215,0.0012011505
431.8,0.001968711,0.0023340085,0.0006576993
432,0.0024905638,0.0015053133,0.00034265366
432.19998,0.0030864775,0.000762112,0.0003296793
432.39996,0.003569079,0.0002813394,0.0006115978
432.59998,0.0037862428,0.0002092926,0.001123182
432.8,0.0036812844,0.00058700726,0.0017615729
433,0.003303693,0.0013186698,0.0023877672
433.2,0.0027707082,0.002214561,0.0028406691
433.4,0.0022206367,0.0030611602,0.0029884628
433.6,0.0017899367,0.003665796,0.0027859171
433.8,0.0015948785,0.003878552,0.0022921755
433.99997,0.0016942178,0.0036269182,0.0016453078
434.19998,0.002056844,0.0029626957,0.0010158453
434.4,0.0025743493,0.0020670674,0.0005563112
434.59998,0.0031106416,0.0011797969,0.00036483226
434.8,0.0035382833,0.0005073051,0.00047858927
435,0.0037497426,0.00018506864,0.0008839718
435.2,0.0036793847,0.00028373674,0.001510724
435.40002,0.0033390387,0.00079566264,0.0022134308
435.59998,0.0028201581,0.0016055765,0.0027890413
435.8,0.0022509317,0.0025150767,0.0030549932
436,0.0017617145,0.0033228593,0.0029370042
436.19998,0.0014787707,0.0038709054,0.002495829
436.4,0.0014986742,0.0040280996,0.001883097
436.6,0.0018300612,0.0037026044,0.0012680257
436.8,0.002364286,0.002931043,0.0007823267
437,0.0029294658,0.0019310975,0.00050759176
437.19998,0.0033832788,0.0010037624,0.00049187016
437.39996,0.003649102,0.00037885527,0.00074957695
437.59998,0.0036922693,0.00016634628,0.0012252184
437.8,0.0035076127,0.00039837658,0.0017749893
438,0.0031306867,0.0010421294,0.0022273855
438.2,0.0026381686,0.0019673856,0.0024771544
438.4,0.0021324803,0.002954263,0.0025076289
438.6,0.0017255968,0.0037643863,0.0023388239
438.8,0.0015159254,0.004204587,0.0019939803
438.99997,0.00155818,0.0041551716,0.0015250109
439.19998,0.0018517688,0.0036060896,0.0010386957
439.4,0.0023491688,0.0026940268,0.0006658795
439.59998,0.0029515182,0.0016709437,0.00050450314
439.8,0.0034993612,0.00080570695,0.0005950245
440,0.0038144062,0.00030604014,0.0009209877
440.2,0.0037894275,0.0002969483,0.0014014855
440.40002,0.003443622,0.0008067842,0.0018958672
440.59998,0.002894792,0.0017393767,0.0022575452
440.8,0.0022959134,0.0028752983,0.0024027205
441,0.001797864,0.0039255153,0.0023247148
441.19998,0.0015255876,0.0046055964,0.002056747
441.4,0.0015365033,0.00471004,0.0016470272
441.6,0.0017955062,0.0041894894,0.0011731802
441.8,0.002209723,0.0031948243,0.0007541521
442,0.0026812935,0.0020273419,0.0005149101
442.19998,0.003114155,0.0010138529,0.0005213616
442.39996,0.003401867,0.00040118568,0.0007467929
442.59998,0.0034562012,0.0003182861,0.0010987341
442.8,0.0032581934,0.00077241764,0.0014743593
443,0.0028708505,0.0016476874,0.0017954698
443.2,0.0024018465,0.0027204962,0.0020075021
443.4,0.0019585323,0.0037121286,0.0020654527
443.6,0.0016256496,0.0043698894,0.0019377874
443.8,0.0014602806,0.0045440868,0.0016327243
443.99997,0.0014905662,0.004220294,0.0012184489
444.19998,0.0017134969,0.0034920261,0.0008086695
444.4,0.00209177,0.0025144904,0.000519247
444.59998,0.0025548772,0.0014916804,0.00042484474
444.8,0.0030073812,0.00067689404,0.0005376794
445,0.0033421968,0.00031380804,0.0008126476
445.2,0.0034601267,0.0005206722,0.0011738037
445.39996,0.0033052657,0.0012300592,0.0015452312
445.59998,0.0029061367,0.0022438332,0.0018635398
445.8,0.0023808586,0.0033194122,0.0020684786
446,0.0018847641,0.004207367,0.0020987177
446.19998,0.001544724,0.0046809227,0.0019183154
446.4,0.0014362398,0.0046088006,0.0015563609
446.6,0.0015896485,0.004016382,0.0011135837
446.8,0.001979963,0.0030627484,0.00071938557
447,0.0025138378,0.0019755024,0.00047772692
447.19998,0.0030529457,0.001019107,0.00044252028
447.39996,0.0034610077,0.00046297756,0.00062183966
447.59998,0.00363377,0.0004803729,0.0009850308
447.8,0.0035160289,0.0010431235,0.0014591157
448,0.003134509,0.0019450163,0.0019265137
448.2,0.0026138658,0.0029323804,0.0022488032
448.4,0.002121203,0.00379183,0.0023247334
448.6,0.0017751158,0.004346537,0.0021457446
448.8,0.0016213568,0.0044505196,0.0017926472
448.99997,0.0016844106,0.0040428373,0.0013732708
449.19998,0.0019821047,0.0032080526,0.0009699897
449.4,0.0024675406,0.0021676635,0.0006442429
449.59998,0.003004016,0.0012045404,0.0004639215
449.8,0.0034341011,0.00057125447,0.0004909447
450,0.0036610283,0.00041415018,0.000731459
450.2,0.0036527677,0.0007356883,0.0011184841
450.39996,0.0034111547,0.0014179484,0.001554722
450.59998,0.002982371,0.0022890717,0.0019548032
450.8,0.0024760272,0.0031705669,0.0022413924
451,0.0020319917,0.0038770563,0.0023328534
451.19998,0.0017609207,0.0042164815,0.0021744266
451.4,0.0017199987,0.004051737,0.0017916554
451.6,0.0019205436,0.0033996948,0.0012974086
451.8,0.0023217187,0.002463377,0.000836094
452,0.00282028,0.0015372185,0.000524093
452.19998,0.0032840397,0.00086179224,0.0004304882
452.39996,0.0036135097,0.00055452855,0.0005791752
452.59998,0.0037612359,0.0006429694,0.00093999074
452.8,0.0036993986,0.001113787,0.0014167533
453,0.0034081007,0.0018998896,0.0018665222
453.2,0.0029161873,0.0028310951,0.0021562036
453.4,0.0023369973,0.0036428012,0.002216469
453.6,0.0018488604,0.004082563,0.002051767
453.8,0.0016247493,0.0040338887,0.0017156551
453.99997,0.0017465565,0.0035501563,0.0012892192
454.19998,0.0021563058,0.0027926748,0.00087344204
454.4,0.0026913518,0.0019524153,0.00056992157
454.59998,0.0031841253,0.0012120805,0.00044276155
454.8,0.0035332916,0.000734921,0.0004974067
455,0.0036908453,0.00064326485,0.00069934677
455.2,0.0036226376,0.0009771645,0.0010020583
455.39996,0.0033196323,0.001660813,0.0013481515
455.59998,0.002845044,0.0025113255,0.0016590792
455.8,0.0023396232,0.003295238,0.0018520483
456,0.0019568533,0.0038029037,0.001879158
456.19998,0.001787873,0.0039081294,0.0017430298
456.4,0.0018436104,0.0035986702,0.0014777081
456.6,0.0020876818,0.0029717863,0.001131817
456.8,0.0024683336,0.0021941534,0.0007745102
457,0.0029223235,0.001447864,0.00049632764
457.19998,0.003364224,0.0008982097,0.0003806767
457.39996,0.0036869764,0.0006793918,0.00046705428
457.59998,0.0037871962,0.0008578701,0.0007386529
457.8,0.0036119542,0.0013770524,0.0011301169
458,0.0031991438,0.002062368,0.0015386229
458.2,0.0026738322,0.0027189332,0.0018475635
458.4,0.0021922877,0.0032213512,0.0019719782
458.6,0.0018737927,0.0035014118,0.0018961617
458.8,0.0017738049,0.0034906599,0.0016660196
458.99997,0.0019050562,0.0031361373,0.0013492246
459.19998,0.0022588489,0.0024875102,0.0010077031
459.4,0.0027858254,0.0017284767,0.00069859985
459.59998,0.0033635471,0.0010869643,0.0004814659
459.8,0.0038172337,0.0007236814,0.00041163852
460,0.0040033595,0.00070584554,0.0005207705
460.2,0.0038828314,0.0010343819,0.0007983554
460.39996,0.0035130726,0.0016462067,0.0011890118
460.59998,0.0029874751,0.0024004797,0.001611089
460.8,0.0024059366,0.0031057112,0.0019823483
461,0.0018886018,0.0035834117,0.0022276738
461.19998,0.0015740752,0.003715595,0.0022718536
461.4,0.0015732324,0.003465065,0.0020584185
461.6,0.0019063624,0.002890294,0.001608933
461.8,0.0024721045,0.0021424363,0.0010583691
462,0.0030842219,0.0014170634,0.00059680635
462.19998,0.003563636,0.0008833673,0.00036260922
462.39996,0.0038155392,0.00064726267,0.00039824855
462.59998,0.0038300173,0.00075656414,0.0006828438
462.8,0.003628766,0.0012053484,0.001157569
463,0.003239169,0.0019166125,0.0017084938
463.2,0.0027211197,0.0027318618,0.0021696638
463.4,0.0021879836,0.0034427065,0.0023958103
463.6,0.0017744042,0.0038605966,0.0023395
463.8,0.0015812626,0.0038825118,0.002046632
463.99997,0.0016510806,0.0035153462,0.0016003805
464.19998,0.0019741515,0.002857886,0.0010973223
464.4,0.0024930076,0.0020663296,0.0006580755
464.59998,0.0031033591,0.0013245919,0.00040627221
464.8,0.0036692375,0.0008132329,0.00040582012
465,0.0040467526,0.00066211843,0.0006289922
465.2,0.00411208,0.00090278895,0.0009909282
465.39996,0.0038106577,0.0014597826,0.001395395
465.59998,0.0032123723,0.0021895245,0.0017458565
465.8,0.0025049574,0.0029274616,0.0019483139
466,0.0018981142,0.0035123357,0.0019407489
466.19998,0.0015258001,0.003806264,0.001727873
466.4,0.001444214,0.003734154,0.0013777923
466.6,0.0016803158,0.0033168094,0.0009853025
466.8,0.0022177976,0.0026595553,0.00063960545
467,0.0029361614,0.0019129638,0.00041137694
467.19998,0.003614766,0.001246836,0.00034709435
467.39996,0.004033163,0.0008307672,0.00046224135
467.59998,0.004079624,0.0007838002,0.00073423877
467.8,0.0037770744,0.0011133673,0.0010983358
468,0.003237904,0.0017132624,0.0014557675
468.2,0.0026108953,0.002423993,0.001703727
468.4,0.0020415855,0.0030803515,0.0017728988
468.6,0.0016426796,0.003520639,0.0016446606
468.8,0.0014850724,0.0036160843,0.0013477819
468.99997,0.0016059221,0.003338791,0.0009592095
469.19998,0.0019981738,0.0027872855,0.0005991049
469.4,0.002577385,0.002119923,0.00038080596
469.59998,0.003182558,0.0014764473,0.0003396939
469.8,0.0036445367,0.0009729676,0.00042833888
470,0.003865878,0.00072638656,0.0005853097
470.2,0.0038306818,0.00082104665,0.0007827345
470.39996,0.003557182,0.0012401162,0.0010026622
470.59998,0.0030837986,0.0018614307,0.0011958436
470.8,0.0025050854,0.0025238146,0.001294678
471,0.0019778367,0.00307639,0.0012685102
471.19998,0.0016574225,0.0033884062,0.0011410079
471.4,0.0016211142,0.0033748522,0.0009534254
471.6,0.0018524816,0.0030412176,0.0007392933
471.8,0.0022851285,0.0024844315,0.0005357361
472,0.0028359354,0.0018434462,0.0003890187
472.19998,0.003394455,0.001262694,0.0003329572
472.39996,0.0038146162,0.0008805304,0.00037417482
472.59998,0.0039594597,0.0007946013,0.00050202326
472.8,0.0037795375,0.0010129057,0.00069486065
473,0.003349231,0.0014586151,0.0009127951
473.2,0.002819136,0.0020250909,0.0011041937
473.4,0.002332822,0.0026016939,0.0012299299
473.6,0.0019859695,0.0030573213,0.0012701445
473.8,0.001838818,0.003257856,0.0012080048
473.99997,0.0019292947,0.0031379685,0.0010335592
474.19998,0.002252401,0.002740715,0.0007785269
474.4,0.0027334993,0.0021767367,0.00052454177
474.59998,0.0032419572,0.0015720802,0.0003553171
474.8,0.0036440813,0.0010613664,0.00031368987
475,0.0038497378,0.00078260514,0.00041124583
475.2,0.003825243,0.0008287451,0.0006468201
475.39996,0.0035900348,0.001197097,0.0009874706
475.59998,0.0032117048,0.0017889654,0.001345575
475.8,0.0027826007,0.0024435725,0.0016071677
476,0.0023827562,0.0029796376,0.0016906601
476.19998,0.0020738537,0.003254168,0.0015764035
476.4,0.0019313301,0.0032187188,0.0013030528
476.6,0.0020425639,0.0029148331,0.0009548651
476.8,0.002433211,0.0024188568,0.00063203205
477,0.0030055947,0.0018205852,0.00040825162
477.19998,0.0035789437,0.0012562823,0.00031808458
477.39996,0.003992342,0.00090519316,0.00038041794
477.59998,0.004160152,0.0008958555,0.0006058876
477.8,0.004055105,0.001221329,0.0009623893
478,0.0036950943,0.0017660111,0.0013548832
478.2,0.0031627736,0.0023855916,0.0016701071
478.4,0.0025995995,0.0029388817,0.0018345419
478.6,0.002155562,0.00328807,0.0018209859
478.8,0.0019486151,0.0033322931,0.0016333795
478.99997,0.0020512904,0.0030577367,0.0013145488
479.19998,0.0024585119,0.0025441644,0.00094780873
479.4,0.0030464602,0.0019285751,0.000622172
479.59998,0.0036064112,0.0013673839,0.00040474677
479.8,0.003967912,0.0010024707,0.0003526698
480,0.0040820437,0.000921293,0.0005118728
480.2,0.003971697,0.0011375032,0.00086565263
480.39996,0.0036592903,0.0016070657,0.0013070105
480.59998,0.0031876983,0.0022409987,0.0017037282
480.8,0.0026666878,0.0028935298,0.0019757461
481,0.0022446013,0.003376342,0.0020852962
481.19998,0.0020367722,0.0035384763,0.0019930908
481.4,0.0020951533,0.0033474537,0.0016841744
481.6,0.0024176226,0.0028832494,0.0012341993
481.8,0.0029394634,0.002269079,0.00079630595
482,0.003522864,0.0016306726,0.0005032144
482.19998,0.004005512,0.0011041814,0.00040508452
482.39996,0.0042771865,0.000835578,0.0004887596
482.59998,0.00429423,0.0009317059,0.0007145853
482.8,0.004047068,0.0013922643,0.0010335203
483,0.0035737595,0.0020856052,0.0013957364
483.2,0.0030043446,0.0028026663,0.0017466841
483.4,0.002528056,0.0033570938,0.0020074835
483.6,0.0022750078,0.0036506234,0.002082764
483.8,0.002253253,0.0036572092,0.0019225747
483.99997,0.0024219675,0.003373812,0.0015734344
484.19998,0.0027692707,0.002822273,0.001147861
484.4,0.0032692673,0.002106266,0.0007580344
484.59998,0.0038075056,0.001429308,0.00049549225
484.8,0.004207775,0.0010118567,0.0004369292
485,0.004342712,0.0009779964,0.0006119681
485.2,0.0042016804,0.0013205246,0.000964515
485.39996,0.0038476826,0.0019418866,0.0013804022
485.59998,0.0033453377,0.002694652,0.0017506451
485.8,0.0027661433,0.0033996408,0.00199517
486,0.002235888,0.0038755839,0.0020583344
486.19998,0.0019196962,0.00399007,0.001923827
486.4,0.0019357542,0.0037039956,0.0016293324
486.6,0.0022773002,0.003089319,0.0012442545
486.8,0.0028165097,0.002316972,0.00084370957
487,0.0033907436,0.0016063029,0.0005168079
487.19998,0.0038837534,0.001145167,0.0003674131
487.39996,0.004221383,0.0010284258,0.0004600524
487.59998,0.0043266993,0.0012544375,0.0007637538
487.8,0.004131844,0.001757627,0.0011744562
488,0.0036467777,0.0024323238,0.0015818577
488.2,0.0030019884,0.003138366,0.0018961016
488.4,0.002410133,0.0037098282,0.0020419753
488.6,0.0020665221,0.0039878557,0.0019762772
488.8,0.002059816,0.003879475,0.0017176978
488.99997,0.002355529,0.003408578,0.0013414472
489.19998,0.0028485004,0.0027106456,0.0009437162
489.4,0.003422127,0.0019688418,0.000614046
489.59998,0.0039635208,0.0013505933,0.0004200844
489.8,0.004349119,0.0009900341,0.00039511512
490,0.0044571506,0.0009875625,0.00054132496
490.2,0.0042300415,0.0013759974,0.0008432898
490.39996,0.0037380548,0.0020703182,0.0012575195
490.59998,0.0031589742,0.0028715904,0.0016866479
490.8,0.0026646312,0.0035474426,0.0020000695
491,0.0023342092,0.0039265715,0.0021073597
491.19998,0.0021909855,0.003939964,0.0019979351
491.4,0.002280459,0.0036063911,0.0017102078
491.6,0.0026537841,0.0030050213,0.0013037219
491.8,0.0032714459,0.0022651295,0.0008728144
492,0.0039571607,0.0015612582,0.0005374792
492.19998,0.0044747274,0.0010778073,0.00038281642
492.39996,0.004663719,0.00093816395,0.0004258425
492.59998,0.004506599,0.0011537091,0.0006457477
492.8,0.0040884167,0.0016410989,0.0010045533
493,0.0035298695,0.002275034,0.0014230668
493.2,0.0029612195,0.0029144557,0.0017804785
493.4,0.0025187337,0.0034079046,0.0019770511
493.6,0.0023254673,0.0036276411,0.0019828058
493.8,0.0024485455,0.0035263805,0.0018145177
493.99997,0.0028522504,0.0031505858,0.0015035211
494.19998,0.0033933849,0.0025974328,0.001109173
494.4,0.003899119,0.0019785922,0.000728924
494.59998,0.0042726328,0.0014223807,0.00045845378
494.8,0.0045002177,0.001066634,0.00034931046
495,0.0045578913,0.0010129047,0.00041058767
495.2,0.0043770033,0.001282278,0.000623453
495.39996,0.00393775,0.0018106294,0.0009409017
495.59998,0.0033623928,0.0024658884,0.0012993221
495.8,0.002859782,0.0030708138,0.0016449217
496,0.0025648423,0.0034506696,0.0019286427
496.19998,0.0024832964,0.0035021005,0.0020740195
496.4,0.0025923077,0.003231228,0.001990638
496.6,0.0029007164,0.0027295763,0.0016562024
496.8,0.0033819887,0.002122036,0.0011708292
497,0.0039143167,0.0015355186,0.00070074666
497.19998,0.0043259235,0.0010938889,0.00038277524
497.39996,0.0044920426,0.0009076813,0.00029124765
497.59998,0.0043867356,0.0010365816,0.0004494232
497.8,0.004062909,0.0014433418,0.00082683295
498,0.0036039266,0.0019956748,0.0013280134
498.2,0.0030967272,0.00253734,0.0018085111
498.4,0.0026424555,0.0029578845,0.002122984
498.6,0.0023633146,0.0031918932,0.0021848641
498.8,0.0023534761,0.0031832429,0.0020032923
498.99997,0.0026062932,0.002896504,0.0016605445
499.19998,0.0030189243,0.0023741918,0.0012465451
499.4,0.0034833152,0.00175357,0.0008272659
499.59998,0.003932616,0.001208591,0.00047633157
499.8,0.0042860573,0.000880458,0.00029604742
500,0.004425327,0.0008416113,0.00035918495
500.2,0.0042834417,0.0010803333,0.0006411852
500.39996,0.003916165,0.0015155787,0.0010464499
500.59998,0.0034384062,0.0020542487,0.0014776026
500.8,0.0029345946,0.0026256063,0.0018455887
501,0.0024835018,0.0031347463,0.002052115
501.19998,0.0022090771,0.0034164598,0.0020264077
501.4,0.0022222283,0.0033176527,0.001782075
501.6,0.0025252814,0.0028525493,0.0014013994
501.8,0.0030197597,0.0022123258,0.0009727266
502,0.0035828776,0.0016016578,0.0005774958
502.19998,0.0040889503,0.0011308603,0.00031696892
502.39996,0.004403007,0.00086062896,0.00028811346
502.59998,0.004433485,0.00085978996,0.00050923415
502.8,0.0041848803,0.0011691912,0.00089987076
503,0.0037191596,0.0017374307,0.001338438
503.2,0.0031045794,0.0024260574,0.0017105716
503.4,0.0024542348,0.0030613467,0.0019180982
503.6,0.001956177,0.0034796938,0.0019003497
503.8,0.0017819452,0.003578256,0.0016730462
503.99997,0.0019672022,0.003359114,0.0013249898
504.19998,0.0024193889,0.0029041588,0.00095917087
504.4,0.003022891,0.002307106,0.0006429035
504.59998,0.0036755854,0.0016659347,0.0004115099
504.8,0.004238406,0.0011293212,0.00030017082
505,0.0045366334,0.00087328267,0.00035451615
505.2,0.0044545364,0.0009846992,0.0005955909
505.39996,0.004014641,0.0014052467,0.000970329
505.59998,0.0033605646,0.0020142854,0.001356996
505.8,0.002678497,0.0027099568,0.0016387046
506,0.0021271177,0.0033766457,0.0017600443
506.19998,0.0018122683,0.0038309267,0.0017093683
506.4,0.0018010113,0.003883572,0.0014867531
506.6,0.0021257799,0.0034854664,0.0011268577
506.8,0.0027388742,0.0027830186,0.00073153805
507,0.003469522,0.0020116968,0.00042972303
507.19998,0.0040781414,0.0013630304,0.000298895
507.39996,0.004391996,0.0009565371,0.00034767302
507.59998,0.004380076,0.0008772763,0.0005539453
507.8,0.0040973225,0.0011640827,0.0008781713
508,0.003614243,0.0017401458,0.0012470968
508.2,0.0030268962,0.002407608,0.0015655034
508.4,0.0024769932,0.0029688645,0.0017511176
508.6,0.002105046,0.0033376855,0.0017443291
508.8,0.001980231,0.0035059324,0.0015158006
508.99997,0.002090875,0.0034489413,0.001115205
509.19998,0.0023913884,0.0031233653,0.0006917091
509.4,0.002833195,0.0025549852,0.00040043006
509.59998,0.0033482187,0.0018823061,0.0002936245
509.8,0.003821914,0.0012963752,0.00034021382
510,0.0041089244,0.00096004974,0.0005121501
510.2,0.004103053,0.000968587,0.00079605344
510.39996,0.0038061198,0.0013255866,0.0011343422
510.59998,0.0033193517,0.0019351726,0.0014190989
510.8,0.002770619,0.002646287,0.0015717119
511,0.0022767135,0.0033090808,0.0015855543
511.19998,0.0019615993,0.0037776844,0.0014768844
511.4,0.0019372387,0.0039047352,0.0012441201
511.6,0.0022238195,0.00361171,0.0009054149
511.8,0.002714196,0.002977164,0.0005489822
511.99997,0.0032468564,0.002206077,0.00030703464
512.19995,0.003696118,0.0015053785,0.0002789822
512.39996,0.003981159,0.0010213318,0.00048696453
512.6,0.0040403716,0.00085988647,0.0008729683
512.8,0.0038459678,0.0010818797,0.0013126263
513,0.0034318015,0.0016499369,0.0016615292
513.2,0.0028929485,0.002413314,0.0018290957
513.4,0.0023728937,0.0031618967,0.0018086543
513.6,0.0020356295,0.0036937145,0.0016356132
513.8,0.0019910908,0.0038722171,0.0013427972
514,0.0022181966,0.0036744932,0.0009721606
514.19995,0.0025924447,0.0031845442,0.0006064603
514.39996,0.0030035954,0.002522173,0.00035239913
514.6,0.0034065582,0.001802031,0.0002863547
514.8,0.0037553094,0.0011719582,0.00042848094
515,0.003957095,0.00083010085,0.00074840744
515.2,0.0039277733,0.0009199017,0.001159338
515.39996,0.0036627362,0.001405769,0.0015197024
515.6,0.0032389073,0.002110677,0.0017010014
515.8,0.002769481,0.0028513344,0.0016763022
516,0.0023624657,0.0034764449,0.0015117794
516.2,0.0020990884,0.0038267258,0.001273827
516.4,0.0020373117,0.0037682815,0.0009829518
516.6,0.0022232418,0.0032996584,0.0006651973
516.8,0.0026556498,0.0025802015,0.0004067708
517,0.003218797,0.0018299359,0.00030584921
517.19995,0.0037010056,0.0012260717,0.00038471093
517.39996,0.00393932,0.00088101637,0.00059602404
517.6,0.0039291326,0.00085328653,0.0008886622
517.8,0.0037422988,0.0011387286,0.0012143474
518,0.003398722,0.0016629016,0.0014867998
518.2,0.002910495,0.0022992291,0.0016015678
518.4,0.0023928324,0.0028972663,0.001521872
518.6,0.002026021,0.00331109,0.0013039834
518.8,0.0019024697,0.0034390485,0.0010276409
519,0.0019818384,0.0032599985,0.0007451615
519.19995,0.0022164725,0.0028297028,0.0005011319
519.39996,0.0026188635,0.0022465813,0.0003503047
519.6,0.0031592147,0.0016349987,0.00032910722
519.8,0.003684972,0.0011482653,0.0004362383
520,0.0040017175,0.0009381221,0.00065508153
520.2,0.004013488,0.0010770576,0.00096174807
520.39996,0.0037591995,0.0015123154,0.0012915554
520.6,0.0033384205,0.0021159782,0.0015329296
520.8,0.002844009,0.0027592345,0.0015975587
521,0.002356899,0.0033141067,0.0014852359
521.2,0.0019705286,0.0036289662,0.001256943
521.4,0.001800368,0.0035838727,0.00097223534
521.6,0.0019432246,0.0031913407,0.00068117055
521.8,0.0023953235,0.0025971686,0.00044873165
522,0.0030108278,0.0019721864,0.00034182487
522.19995,0.003575358,0.0014430021,0.00038899906
522.39996,0.0039373552,0.0011118454,0.00057447905
522.6,0.0040488625,0.0010613243,0.00086300186
522.8,0.0039017762,0.0013013138,0.0012057453
523,0.0035065908,0.0017517206,0.0015271892
523.2,0.0029490725,0.0022998392,0.0017373014
523.4,0.0024001712,0.002836924,0.0017741013
523.6,0.0020249067,0.0032379492,0.0016315107
523.8,0.0018934897,0.0033759791,0.0013538413
524,0.0019966795,0.0032010823,0.0010179436
524.19995,0.002307197,0.002774342,0.00071218866
524.39996,0.0027770235,0.0022094175,0.0005095252
524.6,0.0033022081,0.0016250947,0.00045005145
524.8,0.0037465398,0.0011561342,0.0005454319
525,0.0040065064,0.0009357247,0.0007854712
525.2,0.004037454,0.0010223686,0.0011276838
525.39996,0.0038411312,0.0013765172,0.0014919625
525.6,0.003468825,0.0019155582,0.001789036
525.8,0.0030250465,0.0025272395,0.0019574242
526,0.0026260735,0.0030277923,0.0019661891
526.2,0.0023522521,0.0032127774,0.0018007561
526.4,0.0022586668,0.0030165713,0.0014793061
526.6,0.0023949586,0.0025645732,0.0010856175
526.8,0.00275815,0.0020336353,0.0007473785
527,0.003241697,0.0015358382,0.0005564708
527.19995,0.0036840779,0.0011566797,0.00052631943
527.39996,0.0039751157,0.000997937,0.00063202716
527.6,0.00408085,0.0011031358,0.00086181704
527.8,0.0039863265,0.0013983531,0.0012066761
528,0.0036960496,0.0017752508,0.0016068409
528.2,0.003296378,0.0021793554,0.0019374188
528.4,0.0029356582,0.0025683239,0.0020735927
528.6,0.002706923,0.0028447565,0.0019710264
528.8,0.002600866,0.0029007273,0.0016779357
529,0.0026006447,0.0027126102,0.0012873037
529.19995,0.0027474659,0.0023449003,0.00089524395
529.39996,0.003060394,0.0018905676,0.0005871588
529.6,0.0034508219,0.0014534825,0.00042750625
529.8,0.0037696199,0.0011513891,0.00044470682
530,0.003917304,0.0010751641,0.00062978105
530.2,0.0038796375,0.0012403405,0.00094994326
530.39996,0.0036873836,0.001592212,0.0013526037
530.6,0.0033884326,0.00203406,0.0017556599
530.8,0.0030477103,0.0024391103,0.0020553714
531,0.002741923,0.0026861937,0.0021653764
531.2,0.0025539044,0.0027269141,0.0020523083
531.4,0.002565625,0.0025967695,0.001738925
531.6,0.0028136997,0.0023467226,0.0012941523
531.8,0.0032310267,0.0020006087,0.00082992
532,0.0036622242,0.0016007662,0.0004817587
532.19995,0.003962567,0.0012507701,0.00035739478
532.39996,0.004070697,0.0010642665,0.00049117627
532.6,0.0039833942,0.0010874232,0.0008412227
532.8,0.0037194774,0.0013025901,0.0013095689
533,0.0033517154,0.0016722906,0.0017643983
533.2,0.0030238272,0.0021339755,0.0020840408
533.4,0.0028676323,0.0025739009,0.0022128203
533.6,0.0029006898,0.0028583722,0.002163675
533.8,0.0030445245,0.002904114,0.0019578494
534,0.0032360852,0.002706407,0.0015951754
534.19995,0.0034718264,0.0023212403,0.0011142188
534.39996,0.0037480968,0.0018498277,0.0006509103
534.6,0.0040119523,0.0014203533,0.0003736569
534.8,0.0041866153,0.00114291,0.000358237
535,0.004221726,0.0010756326,0.00057014613
535.2,0.0041108713,0.0012359321,0.0009439779
535.39996,0.0038825134,0.0016084503,0.0014153417
535.6,0.00359115,0.0021122906,0.0018822172
535.8,0.0033116192,0.0025963348,0.0022033828
536,0.0031243807,0.0029211224,0.0022746306
536.2,0.0030866258,0.0030391365,0.002087314
536.4,0.0032029003,0.0029666403,0.0017061315
536.6,0.0034206978,0.002710694,0.0012263868
536.8,0.0036625194,0.0022811918,0.00076033105
537,0.0038686963,0.0017664304,0.00042283954
537.19995,0.0040121223,0.0013321828,0.0002972039
537.39996,0.0040804204,0.0011198565,0.00041138515
537.6,0.004059903,0.001178562,0.00073270086
537.8,0.003944971,0.001492823,0.0011654206
538,0.003754066,0.0020125115,0.0015754732
538.2,0.0035272194,0.0026255457,0.0018588209
538.4,0.0033111405,0.0031481066,0.0019836382
538.6,0.0031539612,0.0034022694,0.001948795
538.8,0.003105543,0.003318322,0.0017347898
539,0.0031995715,0.002953996,0.00134579
539.19995,0.0034222594,0.0024291785,0.00088355434
539.39996,0.0037102941,0.0018650813,0.00050885003
539.6,0.0039908905,0.0013785185,0.00032046673
539.8,0.004213689,0.001094632,0.00032386385
540,0.004340084,0.0011143826,0.00050102035
540.2,0.0043315026,0.0014398008,0.0008418122
540.39996,0.0041777585,0.0019489895,0.0012946205
540.6,0.003920853,0.002475908,0.0017393787
540.8,0.0036228849,0.0029072359,0.0020506259
541,0.0033294177,0.003187162,0.0021648244
541.2,0.003099447,0.0032597308,0.0020713338
541.4,0.0030360683,0.003064129,0.0017846014
541.6,0.0032171267,0.0026111358,0.0013577517
541.8,0.0035904082,0.002033595,0.0008967308
542,0.003988478,0.0015219569,0.00053067796
542.19995,0.004270652,0.0012124906,0.00036905712
542.39996,0.0044067684,0.0011484239,0.0004722577
542.6,0.0044101253,0.0013256639,0.00082087424
542.8,0.0042704404,0.0017365877,0.0013079125
543,0.0039941324,0.002346747,0.0017962985
543.2,0.003653671,0.0030346431,0.0021877459
543.4,0.0033499734,0.003589123,0.0024161926
543.6,0.0031474587,0.0038128067,0.00240995
543.8,0.003078247,0.0036445062,0.0021300085
544,0.003177377,0.0031673838,0.0016495144
544.19995,0.003462222,0.0025219775,0.0011301554
544.39996,0.0038853404,0.001856236,0.00070835894
544.6,0.00433389,0.0013352723,0.00045483443
544.8,0.0046715084,0.001113208,0.0004263523
545,0.004787037,0.0012527996,0.00067030126
545.2,0.004640704,0.0017027198,0.001144961
545.39996,0.0042836443,0.0023536212,0.0016920855
545.6,0.003819802,0.003067375,0.002138423
545.8,0.0033556055,0.003663713,0.0023967302
546,0.003001938,0.003968377,0.0024514422
546.2,0.002883885,0.0039155902,0.0023002038
546.4,0.0030768125,0.0035612762,0.0019490434
546.6,0.0035162198,0.0029962119,0.0014482229
546.8,0.004023471,0.0023108916,0.0009119442
547,0.0044496423,0.0016429299,0.0004997896
547.19995,0.00474446,0.0011737886,0.00035707923
547.39996,0.0048825946,0.0010382659,0.0005353985
547.6,0.0048164898,0.0012746934,0.0009655631
547.8,0.0045390665,0.0018471145,0.0015204358
548,0.004134833,0.0026371651,0.0020849253
548.2,0.0037283641,0.0034238652,0.0025524579
548.4,0.003414385,0.0039709187,0.0028010083
548.6,0.0032602747,0.0041597374,0.0027383084
548.8,0.0033188325,0.0039878646,0.0023768889
549,0.0035914292,0.003482007,0.0018283725
549.19995,0.00400145,0.0027151168,0.0012312942
549.39996,0.004427856,0.0018814928,0.00072125916
549.6,0.0047541885,0.0012325255,0.00044203084
549.8,0.004895567,0.00092484104,0.0005014464
550,0.004824323,0.0009992428,0.00088669505
550.2,0.0045819967,0.0014500634,0.0014641472
550.39996,0.0042414796,0.0021985134,0.002070797
550.6,0.003865224,0.0030287274,0.0025709493
550.8,0.0035237505,0.0036802343,0.00284677
551,0.0033162949,0.00401137,0.0028109693
551.2,0.0033124601,0.0039967718,0.0024640819
551.4,0.0034813483,0.003629873,0.0019132614
551.6,0.0037332296,0.0029457794,0.001316268
551.8,0.0040267785,0.00210735,0.00081898936
552,0.0043657045,0.0013570802,0.00053047657
552.19995,0.0046939896,0.00088959123,0.00050666055
552.39996,0.0048754136,0.0008205037,0.00073477963
552.6,0.004807149,0.0011912729,0.0011490749
552.8,0.0045152637,0.0018961296,0.0016634621
553,0.004115833,0.0026735694,0.0021741001
553.2,0.003723245,0.003285857,0.0025471337
553.4,0.0034249867,0.0036530558,0.0026568791
553.6,0.0032955296,0.0037599986,0.002467424
553.8,0.0033791068,0.0035537784,0.0020598806
554,0.0036578048,0.0030258342,0.0015672181
554.19995,0.0040507577,0.0023133578,0.0010995232
554.39996,0.0044456646,0.0016215891,0.00073234655
554.6,0.004741776,0.001100371,0.00053144863
554.8,0.0048829177,0.0008480127,0.0005556242
555,0.0048571923,0.00093500514,0.0008262974
555.2,0.0046701757,0.0013409272,0.001298835
555.39996,0.004340837,0.0019386035,0.0018672813
555.6,0.003933227,0.002596713,0.0023987507
555.8,0.0035597892,0.003218448,0.0027704495
556,0.0033239173,0.0036590742,0.0028907803
556.2,0.0032725306,0.0037376767,0.002713789
556.4,0.003416424,0.003411112,0.0022616985
556.6,0.0037555886,0.0028337622,0.0016428643
556.8,0.0042439518,0.0021891023,0.0010292294
557,0.0047530397,0.0015799081,0.0005899824
557.19995,0.0051198998,0.0011146737,0.00043026454
557.39996,0.0052410974,0.0009580084,0.00057603297
557.6,0.0051089698,0.0011967435,0.0009911046
557.8,0.0047781337,0.0017412548,0.0015902838
558,0.0043353094,0.00242678,0.0022411935
558.2,0.0038924036,0.0031110917,0.0027775434
558.4,0.0035640863,0.0036429458,0.0030436588
558.6,0.0034311584,0.0038626306,0.0029579333
558.8,0.0035248783,0.0037009758,0.0025513617
559,0.003826462,0.0032173123,0.0019468477
559.19995,0.004258779,0.0025302633,0.0012992022
559.39996,0.004694475,0.0017882827,0.0007509071
559.6,0.0050079804,0.0011890056,0.00042531113
559.8,0.00513319,0.00091216003,0.000417227
560,0.005067257,0.0010131772,0.00074489356
560.2,0.004837804,0.0014408081,0.0013065146
560.39996,0.0044948286,0.0021091755,0.0019166752
560.6,0.00412886,0.0028680286,0.002407994
560.8,0.0038583542,0.0034706898,0.0026969193
561,0.0037719887,0.0037098082,0.0027630758
561.2,0.003881199,0.0035718665,0.0025995495
561.4,0.0041301935,0.0031703522,0.0022101582
561.6,0.0044447044,0.0025928158,0.0016529798
561.8,0.004762752,0.0019100106,0.0010627322
562,0.0050233644,0.0012742626,0.00060502416
562.19995,0.0051508807,0.0008867629,0.00039802812
562.39996,0.0050851232,0.0008655194,0.00047552382
562.6,0.0048422865,0.0012055491,0.0008090329
562.8,0.004525503,0.0018199292,0.0013387604
563,0.0042496654,0.0025496085,0.0019705095
563.2,0.004066665,0.0031917826,0.0025591233
563.4,0.0039860643,0.0035988253,0.002933294
563.6,0.004036374,0.003721915,0.0029699313
563.8,0.004245818,0.003541759,0.0026562773
564,0.004563591,0.003045255,0.0020870871
564.19995,0.0048571466,0.0023210524,0.0014183277
564.39996,0.005021808,0.0015920574,0.0008225453
564.6,0.0050604814,0.0010832646,0.00045206462
564.8,0.0050223377,0.0009143235,0.00039935045
565,0.0049037165,0.0011257273,0.00067173643
565.2,0.0046611936,0.0016868573,0.0012005753
565.39996,0.004308243,0.0024333869,0.0018670161
565.6,0.003952672,0.0031103801,0.0025189403
565.8,0.0037246235,0.0035456854,0.0029928228
566,0.0036991204,0.0037119638,0.0031634066
566.2,0.0039023487,0.003618081,0.0029926058
566.4,0.004336451,0.0032458066,0.0025308523
566.6,0.004940248,0.0026243646,0.0018838664
566.8,0.005542661,0.0018939332,0.001195183
567,0.0059199496,0.0012543998,0.0006412952
567.19995,0.005944855,0.00088789524,0.00038861018
567.39996,0.005671956,0.00091585,0.00051705074
567.6,0.005255942,0.0013418999,0.0009871502
567.8,0.004809856,0.0020180445,0.0016792713
568,0.004376587,0.0027299277,0.0024390516
568.2,0.004008442,0.0033207382,0.0030888775
568.4,0.0038052108,0.003701005,0.0034547339
568.6,0.0038463322,0.0037920312,0.0034378082
568.8,0.0041152686,0.0035436782,0.0030614769
569,0.004527257,0.0030024485,0.0024363734
569.19995,0.0050136275,0.0023083882,0.0017021166
569.39996,0.0055266293,0.0016315894,0.001017465
569.6,0.005964144,0.0011392218,0.0005587762
569.8,0.0061557293,0.00097172963,0.0004585981
570,0.0059719225,0.001182645,0.0007323963
570.2,0.0054432503,0.0017125448,0.0012913648
570.39996,0.004747635,0.0024404698,0.0020120302
570.6,0.004096954,0.0032179786,0.0027590864
570.8,0.0036642435,0.0038515048,0.003362233
571,0.0035687168,0.0041463445,0.0036393974
571.2,0.0038353335,0.00402803,0.003488303
571.4,0.0043490552,0.003570899,0.0029504
571.6,0.004909921,0.002889972,0.002181848
571.8,0.0053669875,0.0020886923,0.0013846364
572,0.0056723086,0.0013404842,0.00075783907
572.19995,0.005809451,0.0009158764,0.00045511054
572.39996,0.0057337377,0.0010234746,0.0005409568
572.6,0.005415115,0.0016479294,0.0009823588
572.8,0.0049093696,0.0025847252,0.0016770397
573,0.004354318,0.003568901,0.0024680686
573.2,0.003900748,0.004344925,0.003144089
573.4,0.003662636,0.004715588,0.003494495
573.6,0.003710194,0.004610076,0.0034220056
573.8,0.004057852,0.0040908153,0.002994342
574,0.004633468,0.0032847552,0.0023675768
574.19995,0.0052743037,0.002348815,0.0016836284
574.39996,0.005785567,0.001495677,0.0010549412
574.6,0.006031894,0.0009704656,0.0006034452
574.8,0.0059881727,0.00094320194,0.00045072893
575,0.0057132794,0.0014296965,0.0006507346
575.2,0.0052944026,0.0023057885,0.0011566007
575.39996,0.0048266808,0.003353446,0.001857862
575.6,0.0044208565,0.004304053,0.002617083
575.8,0.004188064,0.0049092,0.003263367
576,0.0041983835,0.0050214385,0.003601914
576.2,0.004459903,0.004626365,0.0034961202
576.4,0.004927691,0.003827404,0.002963823
576.6,0.005503374,0.0028203577,0.0021796036
576.8,0.0060308278,0.0018525545,0.0013796419
577,0.006347252,0.0011593936,0.000765718
577.19995,0.0063792695,0.00091329677,0.00046653798
577.39996,0.0061730053,0.0011925763,0.00053541665
577.6,0.005812353,0.0019392337,0.0009540613
577.8,0.005346329,0.002938261,0.0016361941
578,0.0048331125,0.0038957638,0.0024320448
578.2,0.004417477,0.0045726867,0.0031440442
578.4,0.0042886348,0.004840351,0.0035760775
578.6,0.004529769,0.0046519088,0.0036093607
578.8,0.0050382065,0.004041606,0.0032465581
579,0.0056223413,0.003160577,0.0025896507
579.19995,0.0061454484,0.0022417405,0.0017951268
579.39996,0.00654187,0.0014940534,0.0010519539
579.6,0.0067415815,0.0010538963,0.000554294
579.8,0.0066640037,0.0010169216,0.00043349568
580,0.0063033164,0.0014322845,0.0007022114
580.2,0.0057696514,0.0022213326,0.0012786408
580.39996,0.0052161943,0.0031510594,0.0020477055
580.6,0.004760106,0.003944855,0.0028680314
580.8,0.0044942363,0.004415402,0.0035409722
581,0.0045153983,0.0044940487,0.0038468472
581.2,0.0048685195,0.004192664,0.0036692931
581.4,0.005464636,0.0035813365,0.003079691
581.6,0.0061066253,0.0027875802,0.0022817985
581.8,0.0066167256,0.0019833823,0.0014910294
582,0.0069155837,0.0013564739,0.0008727317
582.19995,0.0069864243,0.001070658,0.00054553465
582.39996,0.006821956,0.0012134681,0.0005855012
582.6,0.006437492,0.0017550234,0.00100901
582.8,0.0059093176,0.0025581839,0.0017557882
583,0.0053733117,0.0034331772,0.0026817338
583.2,0.004982978,0.0041867965,0.0035631529
583.4,0.0048574824,0.0046449425,0.0041391007
583.6,0.0050387094,0.0046748742,0.0042123385
583.8,0.0054798443,0.0042295256,0.0037567455
584,0.006075057,0.0033942233,0.002933009
584.19995,0.0066952426,0.0023918785,0.0019920827
584.39996,0.007195148,0.0015183514,0.0011627455
584.6,0.0074232565,0.0010313784,0.00061324803
584.8,0.0072790184,0.0010583173,0.0004632034
585,0.0067832563,0.00156992,0.00076487905
585.2,0.006082266,0.0024120298,0.0014489505
585.39996,0.0053796386,0.003361622,0.0023260114
585.6,0.004864951,0.004187045,0.0031784119
585.8,0.004682834,0.0046986365,0.0038381792
586,0.004920901,0.0047760266,0.004173466
586.2,0.005575679,0.0043834085,0.004065343
586.4,0.0064969636,0.0035929026,0.0034774947
586.6,0.0073776627,0.0025937026,0.002550673
586.8,0.007875788,0.0016431173,0.0015654118
587,0.00783407,0.0009782941,0.00079204084
587.19995,0.007383869,0.00075667666,0.0004010518
587.39996,0.0067858105,0.0010364057,0.0004756556
587.6,0.006193764,0.0017574984,0.0010136459
587.8,0.005633076,0.0027347477,0.0018864598
588,0.0051569245,0.0037104764,0.0028552646
588.2,0.004906006,0.0044429232,0.0036713423
588.4,0.0049921526,0.004754857,0.004150216
588.6,0.0054014875,0.004548623,0.0041743787
588.8,0.0060397335,0.0038501034,0.0037124986
589,0.0067868023,0.002849218,0.0028774529
589.19995,0.0074626575,0.0018386741,0.0019123955
589.39996,0.007840665,0.0010785894,0.0010722005
589.6,0.0077962056,0.0007245863,0.00053402956
589.8,0.0074038887,0.0008450212,0.0004082212
590,0.0068284133,0.0014212492,0.0007505631
590.2,0.0061830995,0.002304636,0.0015035304
590.39996,0.0055566127,0.003241181,0.0024600879
590.6,0.0050980235,0.003996681,0.0033471417
590.8,0.0049649794,0.004442834,0.0039450917
591,0.005192818,0.0045187,0.0041256333
591.2,0.0056838957,0.0041736416,0.0038433208
591.4,0.0063118013,0.0034141766,0.0031578417
591.6,0.0069643953,0.002399798,0.002249542
591.8,0.007501974,0.001428809,0.0013605698
592,0.00776793,0.0007949807,0.0007023177
592.19995,0.0076774755,0.0006633699,0.00040976366
592.39996,0.0072624832,0.0010565789,0.0005377297
592.6,0.0066283816,0.0018888634,0.0010539645
592.8,0.005913397,0.0029710142,0.0018352205
593,0.005290889,0.004015225,0.0026919208
593.2,0.004944552,0.0047138347,0.0034112635
593.4,0.004984672,0.004871341,0.0038074544
593.6,0.005384678,0.0044795526,0.0037866482
593.8,0.006008922,0.003682309,0.0033881075
594,0.006692931,0.0026950487,0.0027407433
594.19995,0.007295757,0.0017477755,0.0019749915
594.39996,0.0077061635,0.001046817,0.001206801
594.6,0.007837679,0.0007331047,0.00060344196
594.8,0.0076438757,0.00086011365,0.0003870023
595,0.007149429,0.0014082419,0.0006907297
595.2,0.006464624,0.0022928303,0.0014279941
595.39996,0.0057595815,0.0033350626,0.0023548254
595.6,0.0052160406,0.0042586853,0.003224392
595.8,0.004983463,0.004786441,0.0038442
596,0.0051342505,0.004776621,0.0040643015
596.2,0.0056220368,0.004266003,0.00381739
596.4,0.006296077,0.0034060364,0.0031782743
596.6,0.006989226,0.0023980178,0.0023318664
596.8,0.007584217,0.00147301,0.0014801174
597,0.00797547,0.0008606063,0.00080524024
597.19995,0.008018978,0.00071790454,0.0004776081
597.39996,0.007612932,0.00107421,0.00060619484
597.6,0.0068488847,0.0018332193,0.0011526626
597.8,0.006011627,0.0028083732,0.0019406143
598,0.0053874217,0.003763683,0.0027605214
598.2,0.0051180897,0.004465894,0.0034365188
598.4,0.00523568,0.0047429246,0.0038199804
598.6,0.005719685,0.0045216205,0.0038020504
598.8,0.006453556,0.0038417839,0.0033748916
599,0.007205091,0.0028615305,0.0026534498
599.19995,0.0077438685,0.0018342175,0.0018174535
599.39996,0.00796484,0.0010323606,0.0010554504
599.6,0.007863315,0.00065757765,0.00055633794
599.8,0.0074524805,0.0007978276,0.00047917615
600,0.0067803506,0.0014243982,0.00086347666
600.2,0.0059975274,0.002386018,0.0015801857
600.39996,0.005326206,0.0034199653,0.0024092686
600.6,0.0049459403,0.0042321365,0.0031555097
600.8,0.0049406076,0.004612666,0.003676687
601,0.0053261593,0.0044925017,0.0038508005
601.2,0.0060482505,0.0039242576,0.0035943314
601.4,0.006932078,0.00305111,0.0029428182
601.6,0.007702043,0.002085193,0.002080927
601.8,0.008119785,0.0012584492,0.0012557238
602,0.008112226,0.00075150025,0.0006637386
602.19995,0.0077562295,0.0006573109,0.00041998902
602.39996,0.0071664974,0.0009883075,0.0005801107
602.6,0.0064383983,0.0016796734,0.001125881
602.8,0.0056968923,0.002578415,0.0019254198
603,0.00513932,0.0034620184,0.002757906
603.2,0.0049536205,0.004100646,0.0034091135
603.4,0.005175094,0.0043224217,0.0037386094
603.6,0.0056709917,0.004058698,0.003676076
603.8,0.006284046,0.0033765386,0.0032155404
604,0.00693305,0.0024734372,0.0024493732
604.19995,0.0075452044,0.0016012046,0.001577815
604.39996,0.007963548,0.0009661224,0.0008398143
604.6,0.008003769,0.00068946154,0.000421758
604.8,0.007606351,0.0008217104,0.00041634726
605,0.0068991757,0.001338385,0.00081586745
605.2,0.0061194315,0.0021161009,0.0015080929
605.39996,0.0054944325,0.0029545652,0.0022996615
605.6,0.0051525435,0.003644936,0.0029808532
605.8,0.005092257,0.0040186634,0.003384578
606,0.005245966,0.0039702062,0.0034114334
606.2,0.005584929,0.0034990418,0.0030516041
606.4,0.0061147134,0.002741789,0.0024057447
606.6,0.00675225,0.0019178066,0.0016530509
606.8,0.007279645,0.0012247132,0.0009722295
607,0.0074844975,0.000798346,0.0004989261
607.19995,0.007316251,0.0007404387,0.00033954385
607.39996,0.0068621757,0.0011078628,0.0005635602
607.6,0.006234897,0.0018409344,0.0011404466
607.8,0.0055569513,0.0027434942,0.0019110607
608,0.004995418,0.0035650423,0.0026585679
608.2,0.0047111455,0.0040863967,0.003198147
608.4,0.004780479,0.0041550547,0.003400935
608.6,0.0052080294,0.003731344,0.003195709
608.8,0.0059530255,0.0029424469,0.0026090175
609,0.006865426,0.0020393608,0.0017991757
609.19995,0.007655129,0.0012625878,0.0010117564
609.39996,0.008038074,0.0007639673,0.00047721734
609.6,0.007916631,0.00063428225,0.00032648837
609.8,0.007373342,0.00092205696,0.00056349236
610,0.006559183,0.0015749714,0.0010924666
610.2,0.005672894,0.0024078996,0.0017726608
610.39996,0.004970015,0.0031896252,0.0024504198
610.6,0.0046553444,0.00374807,0.0029571608
610.8,0.004763152,0.003976661,0.00313544
611,0.005202042,0.0038018306,0.00292309
611.2,0.005865673,0.003218322,0.0024037906
611.4,0.006626917,0.0023578638,0.001744926
611.6,0.007286626,0.0014700512,0.0011042119
611.8,0.0076421644,0.00080707483,0.0006113193
612,0.0076138736,0.00052771333,0.00038359844
612.19995,0.007248729,0.00068135106,0.00048516947
612.39996,0.0066303536,0.0012253576,0.0008749035
612.6,0.0058576763,0.0020332113,0.001442012
612.8,0.0050887833,0.002910102,0.0020751103
613,0.004520542,0.0036386244,0.002653846
613.2,0.0042993105,0.0040380843,0.0030134707
613.4,0.0044714063,0.0040080287,0.0030149915
613.6,0.0049927207,0.0035505637,0.0026718539
613.8,0.0057347906,0.0027750728,0.0021387984
614,0.0064960034,0.0018784687,0.0015674505
614.19995,0.00706584,0.0010930283,0.0010369292
614.39996,0.007305767,0.0006160184,0.00062361656
614.6,0.007175062,0.0005564227,0.0004614149
614.8,0.0067101745,0.00091938995,0.00066782977
615,0.0060106437,0.0016185422,0.0012237629
615.2,0.0052331435,0.0024955287,0.0019674206
615.39996,0.0045604813,0.0033455475,0.0026882929
615.6,0.0041474965,0.003961559,0.0032044824
615.8,0.004078402,0.0041949856,0.0033970978
616,0.004357089,0.0040038223,0.0032299045
616.2,0.0049209422,0.00345537,0.0027489723
616.4,0.0056531513,0.0026864994,0.0020625547
616.6,0.006385704,0.0018599636,0.0013300518
616.8,0.0069251307,0.0011464191,0.000749022
617,0.0071254093,0.0007160978,0.00048984104
617.19995,0.006953434,0.0007002053,0.00060859893
617.39996,0.0064673107,0.0011272007,0.0010390059
617.6,0.0057512172,0.0018952105,0.0016630868
617.8,0.004924704,0.0028127194,0.0023543576
618,0.0041980315,0.0036639103,0.0029600738
618.2,0.0038152433,0.004251633,0.0033077956
618.4,0.0038759322,0.0044305045,0.0032873957
618.6,0.004269086,0.0041476064,0.0029185584
618.8,0.004833238,0.003465515,0.0023156346
619,0.0054943645,0.00254612,0.0016141508
619.19995,0.0061764605,0.001615664,0.0009580885
619.39996,0.006674651,0.000919709,0.00051893
619.6,0.006754336,0.00064592983,0.00045133338
619.8,0.0063775536,0.0008433353,0.0007969278
620,0.0057318103,0.0014207461,0.0014498623
620.2,0.0050318753,0.0022253545,0.0022205021
620.39996,0.0043945806,0.0030991444,0.0029132003
620.6,0.003906485,0.0038676753,0.003362656
620.8,0.0036910584,0.0043389075,0.003457173
621,0.0038297817,0.004370869,0.0031709436
621.2,0.004258598,0.003942356,0.0025777866
621.4,0.0048092115,0.0031517798,0.0018290019
621.6,0.0053333095,0.002183287,0.001114311
621.8,0.005740829,0.0012871341,0.0006166758
622,0.0059560277,0.0007272502,0.00045979721
622.19995,0.005915523,0.00066950114,0.00067257736
622.39996,0.005624737,0.0011070735,0.0011959684
622.6,0.005165626,0.0018960214,0.0019067429
622.8,0.0046325778,0.00283093,0.0026259979
623,0.0041029793,0.0036862781,0.0031472216
623.2,0.003678718,0.004255388,0.003322267
623.4,0.0034966248,0.0044123195,0.0031372881
623.6,0.0036511743,0.004139409,0.0026868316
623.8,0.00411839,0.0034962527,0.0020890087
624,0.004770877,0.002602569,0.0014545576
624.19995,0.0054346924,0.0016612158,0.00091211475
624.39996,0.005916778,0.0009340559,0.00059772027
624.6,0.006048198,0.0006339475,0.0005906328
624.8,0.005780449,0.0008352904,0.00088207
625,0.005230911,0.0014774571,0.0014074314
625.2,0.004594629,0.0024056742,0.0020738873
625.39996,0.004033462,0.0033998364,0.0027517704
625.6,0.003663728,0.004217325,0.0032804164
625.8,0.0035754195,0.004653179,0.0035164559
626,0.0037942235,0.004578155,0.003381146
626.2,0.004259093,0.0039721313,0.002884796
626.4,0.0048801876,0.002984194,0.0021449823
626.6,0.005566812,0.0019286027,0.0013726857
626.8,0.0061582676,0.001126962,0.00078932394
627,0.0064188186,0.0007392401,0.00053760415
627.19995,0.006206437,0.0007758106,0.00067046797
627.39996,0.005616155,0.0012096579,0.0011764544
627.6,0.0048821056,0.0019857818,0.0019574778
627.8,0.0041966797,0.0029372482,0.0028078132
628,0.003698752,0.0038017405,0.0034939349
628.2,0.003539012,0.0043670395,0.0038670765
628.4,0.0038059219,0.004543019,0.0038688825
628.6,0.0043943264,0.0042968416,0.0034767946
628.8,0.005063017,0.0036288954,0.00273402
629,0.0056320345,0.0026639798,0.0018294713
629.19995,0.006041188,0.0016857005,0.0010515649
629.39996,0.0062468266,0.0009971755,0.0006217302
629.6,0.006178381,0.0007635484,0.00061173015
629.8,0.005814291,0.0009982884,0.0009966885
630,0.0052303947,0.0016279406,0.0016982689
630.2,0.004560699,0.0025146012,0.00256085
630.39996,0.003959793,0.0034502083,0.0033613332
630.6,0.0035911151,0.004192804,0.0038989827
630.8,0.0035794843,0.004544675,0.0040695155
631,0.0039461404,0.0044222674,0.0038593342
631.2,0.0046042274,0.0038801695,0.0033146157
631.4,0.0053991303,0.0030749259,0.002535546
631.6,0.0061295284,0.0021951806,0.0016790535
631.8,0.0065789204,0.001421168,0.00094561395
632,0.0066105686,0.000928027,0.0005427335
632.19995,0.0062503507,0.00086442917,0.00061470305
632.39996,0.005649698,0.0012737361,0.0011687959
632.6,0.0049804673,0.0020450659,0.0020746975
632.8,0.0043897233,0.0029696056,0.0031334981
633,0.004017264,0.003832129,0.0041164253
633.2,0.003978672,0.00444396,0.004760598
633.4,0.004296557,0.004649423,0.0048369407
633.6,0.0048705684,0.004375683,0.004302104
633.8,0.00553889,0.003687939,0.0033507869
634,0.00616879,0.002772885,0.0022793456
634.19995,0.006680542,0.0018663371,0.0013353681
634.39996,0.0069921724,0.001188116,0.000698911
634.6,0.0069770874,0.0008955041,0.0005079242
634.8,0.0065329517,0.001050306,0.0008180945
635,0.005726699,0.001619492,0.0015557755
635.2,0.0048352634,0.0024966372,0.0025484387
635.39996,0.0041841827,0.003499235,0.003578559
635.6,0.003950035,0.004363044,0.0044003683
635.8,0.004132772,0.004813063,0.004785765
636,0.004658751,0.004697522,0.0046340697
636.2,0.0054412074,0.0040599485,0.004023417
636.4,0.00635253,0.0030963994,0.003131034
636.6,0.007193607,0.0020737688,0.0021425388
636.8,0.007723726,0.001260832,0.0012523793
637,0.007749841,0.00085563015,0.00067978655
637.19995,0.0072352947,0.00093284866,0.0006053349
637.39996,0.0063428464,0.0014604472,0.0010792348
637.6,0.0053459983,0.0023409962,0.0019950045
637.8,0.00449119,0.0033971802,0.0031209656
638,0.003958041,0.0043476173,0.0041591763
638.2,0.0038903495,0.004893293,0.004844112
638.4,0.004350382,0.0048774946,0.0050348775
638.6,0.0052143177,0.0043416466,0.004714547
638.8,0.0062033157,0.0034442137,0.0039357366
639,0.0070699155,0.0023895623,0.002833692
639.19995,0.007698295,0.001428645,0.0016810757
639.39996,0.008018345,0.00083090924,0.0008256297
639.6,0.007928455,0.00077619444,0.0005103911
639.8,0.007368492,0.0012677737,0.0007790063
640,0.0064226766,0.0021496906,0.0015353676
640.19995,0.005310299,0.0031752212,0.0026068287
640.4,0.0043165362,0.004064505,0.0037384164
640.6,0.0037392185,0.004572483,0.004626558
640.80005,0.0037973514,0.0045738737,0.005042217
641,0.0045018503,0.0041022426,0.004917032
641.19995,0.0056369305,0.003308401,0.004311349
641.4,0.0068915435,0.0023891723,0.003355797
641.6,0.007972572,0.0015419397,0.0022489715
641.8,0.008618565,0.00093922333,0.0012557239
642,0.008638508,0.00070156646,0.0006385164
642.2,0.008023369,0.00087666267,0.0005652447
642.39996,0.006974665,0.0014344088,0.0010649282
642.60004,0.0057764123,0.0022653614,0.002028904
642.8,0.0046748766,0.003178465,0.0032294784
642.99994,0.0038810926,0.003928023,0.004364571
643.2,0.0035849442,0.004294971,0.005133999
643.39996,0.0038823474,0.004186507,0.0053249854
643.6,0.0047095413,0.003671993,0.0048809424
643.8,0.00587635,0.0029213475,0.003928326
644,0.0071208654,0.0021120866,0.0027325784
644.19995,0.008120649,0.0013941725,0.0016001771
644.39996,0.008554409,0.000913588,0.00079667673
644.6,0.008267887,0.0008128555,0.00050889247
644.7999,0.0073845526,0.0011627631,0.0008091223
645,0.0062111467,0.0018938235,0.0016111523
645.19995,0.005053278,0.0028178638,0.0026839124
645.4,0.0041388124,0.0037124874,0.0037432516
645.6,0.0036454115,0.0043768445,0.0045388443
645.80005,0.0036983057,0.0046471106,0.004884438
646,0.0043055043,0.0044287173,0.0046851276
646.19995,0.005323191,0.0037504567,0.003991697
646.4,0.006503105,0.0027799085,0.0030038168
646.6,0.0075646755,0.0017764024,0.0019767561
646.8,0.008243654,0.001016996,0.001123678
647,0.00834818,0.0007171546,0.00060340285
647.2,0.007839024,0.00094994216,0.0005408457
647.39996,0.0068672607,0.0016129002,0.0009877095
647.60004,0.0057077,0.0024921058,0.0018507924
647.8,0.0046416083,0.003370598,0.0028977876
647.99994,0.003892412,0.004076741,0.0038573518
648.2,0.0036241612,0.0044631483,0.0045114867
648.39996,0.00392052,0.0044059753,0.004717052
648.6,0.0047199703,0.0038758777,0.00440552
648.8,0.005797145,0.0030033449,0.003616623
649,0.006851441,0.002038523,0.0025370254
649.19995,0.00762484,0.0012366124,0.0014678935
649.39996,0.007952617,0.0007800395,0.0007100187
649.6,0.0077655623,0.00076609035,0.0004499488
649.7999,0.0070995353,0.001197483,0.000722633
650,0.006097299,0.001953183,0.0014341858
650.19995,0.004972879,0.0028043059,0.0023899372
650.4,0.003970069,0.003513832,0.0033305078
650.6,0.0033401563,0.003938864,0.0040103807
650.80005,0.00328985,0.004038076,0.004285913
651,0.0038730986,0.0038131177,0.00413242
651.19995,0.004921102,0.0032865829,0.0035958025
651.4,0.006113328,0.0025421456,0.0027696178
651.6,0.0071293125,0.0017474454,0.0018270491
651.8,0.00774253,0.0011024241,0.0010194017
652,0.007840117,0.000762536,0.00057775027
652.2,0.0074303322,0.000807826,0.0006016373
652.39996,0.006630646,0.0012454804,0.001046325
652.60004,0.005609756,0.0019975246,0.0017833507
652.8,0.0045423103,0.002886903,0.0026425475
652.99994,0.003634095,0.0036765896,0.0034242328
653.2,0.0031395175,0.0041571204,0.003932719
653.39996,0.0032662163,0.0042150756,0.004036842
653.6,0.0040270803,0.0038469338,0.0037124644
653.8,0.005211376,0.0031433818,0.0030430665
654,0.006502786,0.0022705821,0.0021935976
654.19995,0.007594347,0.0014427949,0.0013717862
654.39996,0.008219466,0.00087475975,0.00078068423
654.6,0.008184141,0.0007248407,0.0005694882
654.7999,0.007461688,0.0010484378,0.00079354335
655,0.006258491,0.0017723442,0.001392044
655.19995,0.0049408665,0.0027023223,0.0021997178
655.4,0.0038663181,0.003578125,0.0030010294
655.6,0.0032636584,0.0041645323,0.003597916
655.80005,0.0032207242,0.0043291184,0.003851564
656,0.0037189922,0.004059411,0.003700363
656.19995,0.004649266,0.0034321265,0.0031769641
656.4,0.005808678,0.0025878088,0.0024135448
656.6,0.006914884,0.0017266539,0.0016033994
656.8,0.007663423,0.0010767374,0.0009350675
657,0.007827928,0.0008054842,0.00055205397
657.2,0.0073632593,0.00094393274,0.0005465858
657.39996,0.006436523,0.0014091546,0.00094447343
657.60004,0.005339852,0.0020876008,0.0016676136
657.8,0.00434339,0.0028684211,0.0025251836
657.99994,0.0036145463,0.0036060312,0.003274096
658.2,0.0032489595,0.0041076904,0.0037132981
658.39996,0.0033226856,0.004212584,0.003746025
658.6,0.003862877,0.0038863313,0.0033885797
658.8,0.0047702705,0.0032239065,0.002745121
659,0.0058184047,0.0023888422,0.0019709056
659.19995,0.00675286,0.0015783824,0.0012372333
659.39996,0.0073744524,0.0010049844,0.00070241385
659.6,0.007539041,0.0008317657,0.00048230967
659.7999,0.0071531576,0.0010939672,0.00061900646
660,0.0062455116,0.0016998467,0.0010662901
660.19995,0.0050463993,0.0024992095,0.0017081825
660.4,0.003941598,0.0033232886,0.0023967784
660.6,0.0032926544,0.0039797677,0.002984886
660.80005,0.003269546,0.0042803423,0.0033491189
661,0.0038207828,0.0041250745,0.003410061
661.19995,0.0047580414,0.0035597591,0.0031455462
661.4,0.005845219,0.0027437508,0.002594547
661.6,0.0068339636,0.0018799915,0.001864411
661.8,0.0074888063,0.0011720622,0.001134936
662,0.0076527284,0.00079483713,0.00061597634
662.2,0.007310366,0.00084566727,0.00045247105
662.39996,0.0065708933,0.0013036847,0.00065942254
662.60004,0.0055957595,0.002042503,0.0011556309
662.8,0.0045758896,0.0028819249,0.0018384708
662.99994,0.0037605462,0.0036308353,0.0025960172
663.2,0.0034148446,0.004113124,0.003259165
663.39996,0.0036720769,0.0042017684,0.0036066454
663.6,0.0044451137,0.003862214,0.0034859504
663.8,0.005516849,0.0031705275,0.0029363362
664,0.0066679697,0.002292209,0.0021610504
664.19995,0.0076745218,0.0014427538,0.0013878689
664.39996,0.008261668,0.000846733,0.0007815937
664.6,0.008192825,0.000682255,0.0004568752
664.7999,0.007449337,0.0010093815,0.0004952596
665,0.006273509,0.0017297145,0.0009011408
665.19995,0.005020677,0.0026235436,0.0015606141
665.4,0.004005051,0.0034409217,0.0022827974
665.6,0.0034538724,0.0039776964,0.0028856625
665.80005,0.0034969174,0.0041096075,0.0032398873
666,0.004130615,0.0038109166,0.0032692528
666.19995,0.0052056685,0.0031693217,0.0029592984
666.4,0.006470035,0.0023643535,0.0023762372
666.6,0.0076236026,0.0015984618,0.0016579597
666.8,0.00837027,0.001030611,0.0009762692
667,0.008502179,0.00076023594,0.00050365395
667.2,0.007988967,0.00084044813,0.0003815221
667.39996,0.006988355,0.0012675817,0.00066363113
667.60004,0.0057673072,0.001947765,0.0012694949
667.8,0.0046141963,0.0026987237,0.00201962
667.99994,0.003785046,0.0033143763,0.0027313395
668.2,0.00346179,0.003641922,0.0032701425
668.39996,0.003718956,0.003617204,0.0035295563
668.6,0.0045229965,0.003260602,0.0034259493
668.8,0.0057421387,0.002660985,0.0029563908
669,0.0071268016,0.0019557315,0.0022413738
669.19995,0.008306554,0.0013058166,0.0014746864
669.39996,0.008898596,0.00086767203,0.00083963375
669.6,0.008701161,0.00075986324,0.00048645402
669.7999,0.0078038024,0.0010209946,0.00054156873
670,0.0065120454,0.001579831,0.001052933
670.19995,0.005180065,0.0022727365,0.0018994751
670.4,0.0041018664,0.002905396,0.002812284
670.6,0.0034914094,0.0033152748,0.003527539
670.80005,0.003476768,0.0034057968,0.0039009089
671,0.004061919,0.0031616932,0.003887509
671.19995,0.0050990796,0.0026518314,0.003488287
671.4,0.006330272,0.0020075443,0.0027661219
671.6,0.007476325,0.0013809677,0.0018851437
671.8,0.008294146,0.00091202796,0.0010746049
672,0.008584696,0.00071133097,0.0005340597
672.2,0.008226058,0.00083472003,0.00037909643
672.39996,0.007262788,0.0012460625,0.00064952695
672.60004,0.005952229,0.0018106573,0.0013127975
672.8,0.004668076,0.0023499073,0.0022372794
672.99994,0.0037351015,0.0027196733,0.003191497
673.2,0.0033494798,0.0028520485,0.0039094673
673.39996,0.003594081,0.0027471876,0.004184997
673.6,0.0044373423,0.0024440796,0.003939451
673.8,0.0056889076,0.0020004392,0.0032475805
674,0.0070077893,0.0014944987,0.002315756
674.19995,0.008014655,0.0010348122,0.0014014376
674.39996,0.008433889,0.0007455436,0.00071248674
674.6,0.008174573,0.0007113326,0.00036318513
674.7999,0.007340716,0.000922052,0.0004027268
675,0.0061844187,0.0012811003,0.00083995925
675.19995,0.005009354,0.0016767324,0.0016070703
675.4,0.0040737055,0.002039528,0.0025184401
675.6,0.0035559644,0.0023302855,0.003323069
675.80005,0.0035652649,0.0024920283,0.0038268962
676,0.004122009,0.0024469304,0.003953118
676.19995,0.0051087085,0.0021639627,0.0036999532
676.4,0.006271412,0.0017202488,0.0030970029
676.6,0.007302775,0.0012696832,0.0022364391
676.8,0.007942799,0.0009486831,0.0013182969
677,0.008039766,0.0008195789,0.0006060696
677.2,0.0075752954,0.0008855297,0.00031019968
677.39996,0.0066665467,0.0011242477,0.00051156373
677.60004,0.0055373977,0.0014917215,0.0011611042
677.8,0.0044653625,0.0019092287,0.0021002933
677.99994,0.0037244519,0.002276052,0.003083576
678.2,0.003519359,0.0025057122,0.0038425396
678.39996,0.00390848,0.0025452191,0.004183729
678.6,0.0047676098,0.0023730749,0.004042029
678.8,0.0058441777,0.0020106037,0.0034622916
679,0.0068606664,0.0015448479,0.0025737027
679.19995,0.0075850594,0.0011119535,0.0015909977
679.39996,0.007856093,0.0008304441,0.00077934633
679.6,0.0076045548,0.0007533248,0.00034654446
679.7999,0.006876523,0.0008832283,0.00035664387
680,0.0058324183,0.0012016387,0.00075472845
680.19995,0.0047214627,0.0016547635,0.0014391259
680.4,0.003833945,0.0021258153,0.0022730192
680.6,0.0034119613,0.0024660921,0.003055525
680.80005,0.0035467786,0.0025762497,0.0035601994
681,0.0041576717,0.002449408,0.0036496997
681.19995,0.005076518,0.0021417607,0.0033377777
681.4,0.0061262287,0.0017275213,0.0027352509
681.6,0.0071115107,0.0012870361,0.001976384
681.8,0.0077964137,0.00091201457,0.0012114991
682,0.007969882,0.00069461344,0.0006166032
682.2,0.0075582266,0.00070097693,0.00034217982
682.39996,0.006661604,0.00094637834,0.00044054916
682.60004,0.0054994384,0.0013776256,0.000863333
682.8,0.0043514846,0.0018752405,0.0015131265
682.99994,0.0035161094,0.0022963688,0.0022645702
683.2,0.003236375,0.0025394382,0.0029492737
683.39996,0.0036071413,0.002571002,0.0033792283
683.6,0.0045425007,0.0023991645,0.0034290804
683.8,0.0058146184,0.0020498075,0.0030957162
684,0.0071056825,0.0015840821,0.002479156
684.19995,0.00806956,0.0011154009,0.0017325232
684.39996,0.00844141,0.00077521615,0.0010339486
684.6,0.008147609,0.0006556098,0.00056096405
684.7999,0.0073127295,0.00078779826,0.00043943033
685,0.0061654276,0.0011519779,0.00069858565
685.19995,0.004952092,0.0016759704,0.0012692763
685.4,0.00391323,0.002230558,0.0020068246
685.6,0.0032732857,0.0026677134,0.0027154228
685.80005,0.0031964604,0.0028870157,0.0031962106
686,0.0037284046,0.002859116,0.0033261208
686.19995,0.0047639697,0.0025985208,0.0031047931
686.4,0.0060595837,0.0021505752,0.0026203888
686.6,0.0072939796,0.0016102946,0.0019851963
686.8,0.008161501,0.0011140541,0.0013196614
687,0.008453651,0.00078315113,0.0007731741
687.2,0.008099371,0.0006867605,0.00050339353
687.39996,0.007180112,0.0008610297,0.00059999357
687.60004,0.0059267757,0.0013183961,0.001034765
687.8,0.004666166,0.0019930513,0.001688208
687.99994,0.0037122052,0.0026982552,0.0024012104
688.2,0.0032746817,0.0032041983,0.0029988312
688.39996,0.0034409054,0.0033782471,0.0033136613
688.6,0.004182094,0.0032264055,0.0032464864
688.8,0.0053295176,0.0028225493,0.002822908
689,0.0065767085,0.002251898,0.002178359
689.19995,0.0075832508,0.0016240944,0.0014851736
689.39996,0.008117146,0.0010859645,0.0008954408
689.6,0.008103562,0.0007792357,0.0005302079
689.7999,0.0075761597,0.00078855315,0.00047680596
690,0.0066408576,0.0011287907,0.00075880357
690.19995,0.005490139,0.0017444177,0.0013031824
690.4,0.004394027,0.002497502,0.0019528406
690.6,0.0036280937,0.0031885942,0.0025291243
690.80005,0.0033943695,0.003635544,0.0028983308
691,0.003778365,0.003741673,0.002997668
691.19995,0.004719823,0.0034921882,0.0028229859
691.4,0.005996435,0.0029290214,0.0024120302
691.6,0.007272387,0.0021692063,0.0018430562
691.8,0.008214148,0.0014204596,0.0012362417
692,0.008592801,0.00090938807,0.0007375289
692.2,0.008319128,0.0007659163,0.00048302673
692.39996,0.0074481578,0.0009876695,0.00055967463
692.60004,0.0061869407,0.0014954525,0.0009726668
692.8,0.0048686336,0.002181151,0.001625479
692.99994,0.0038624296,0.002905544,0.002330945
693.2,0.0034590978,0.0035003778,0.0028758615
693.39996,0.0037871185,0.0038109608,0.0031150097
693.6,0.0047702882,0.0037410285,0.0030210528
693.8,0.0061374707,0.003275062,0.0026553213
694,0.007513945,0.002508086,0.0021109066
694.19995,0.008563616,0.0016638227,0.0014962172
694.39996,0.009078955,0.0010135542,0.00095111324
694.6,0.008971431,0.0007211565,0.000627854
694.7999,0.008239305,0.0007860967,0.00061657367
695,0.0069952984,0.0011380874,0.0008935337
695.19995,0.0055169845,0.0017258695,0.0013579447
695.4,0.0042124502,0.002477748,0.0019045905
695.6,0.0034757645,0.0032181127,0.0024438445
695.80005,0.0035314364,0.0037083486,0.002871207
696,0.0043693213,0.0037987751,0.0030625877
696.19995,0.005776158,0.003496374,0.0029343867
696.4,0.007407085,0.0028977871,0.0025091295
696.6,0.008861826,0.0021358135,0.0019107336
696.8,0.009767301,0.001394192,0.0013031091
697,0.009873266,0.000879314,0.0008357947
697.2,0.009138534,0.0007187786,0.0006155692
697.39996,0.0077580586,0.0009186281,0.00068904035
697.60004,0.0061011785,0.0014236644,0.0010400976
697.8,0.004588291,0.002153525,0.0016041356
697.99994,0.0035709855,0.0029571718,0.0022721852
698.2,0.0032641361,0.0036102887,0.0028808753
698.39996,0.0037273,0.0039343396,0.0032423509
698.6,0.0048635714,0.0038908534,0.0032383902
698.8,0.006422905,0.0035253,0.0028918248
699,0.008036298,0.0028883144,0.002329488
699.19995,0.009308361,0.0020775015,0.0016950974
699.39996,0.009938714,0.0013038375,0.0011195631
699.6,0.009794814,0.00081596687,0.0007385084
699.7999,0.008908829,0.0007528054,0.00066624646
700,0.007455419,0.0011120838,0.000922746
700.19995,0.0057529025,0.0018080024,0.0014145691
700.4,0.004232525,0.0026780772,0.0019994474
700.6,0.003312859,0.0034775322,0.0025454967
700.80005,0.0032403092,0.0039834594,0.002936584
701,0.004022421,0.0041211545,0.0030796605
701.19995,0.005468858,0.003932492,0.0029451235
701.4,0.0072438815,0.003452705,0.002582635
701.6,0.008909379,0.0027059915,0.0020802491
701.8,0.010034043,0.0018264159,0.0015291877
702,0.010353623,0.0010883844,0.0010389637
702.2,0.009840746,0.0007529126,0.0007428483
702.39996,0.008640034,0.0009203328,0.0007346272
702.60004,0.0069988463,0.0015289779,0.0009989878
702.8,0.0052703023,0.0024032686,0.0014318638
702.99994,0.00389043,0.0032853247,0.0019186785
703.2,0.0032427178,0.0039234874,0.002370438
703.39996,0.003500369,0.0041956375,0.0027067775
703.6,0.0045801196,0.0041153026,0.0028480284
703.8,0.00619372,0.0037229406,0.00274393
704,0.007920989,0.0030479976,0.0024071801
704.19995,0.009312942,0.0021977632,0.0019189902
704.39996,0.0100368345,0.0013981495,0.0014052673
704.6,0.009967045,0.00087531435,0.000994583
704.7999,0.009153792,0.0007374167,0.0007769845
705,0.0077598765,0.0009960879,0.0007900297
705.19995,0.006068686,0.001616267,0.001033179
705.4,0.004494813,0.0024786554,0.001475116
705.6,0.003479656,0.003355619,0.0020354413
705.80005,0.0033158697,0.004017419,0.002579548
706,0.004043955,0.004342862,0.0029656054
706.19995,0.005460175,0.0042817313,0.0031062225
706.4,0.007183415,0.003790819,0.0029807412
706.6,0.008765424,0.002918065,0.0026112348
706.8,0.00983287,0.0019151923,0.0020600162
707,0.010175802,0.0011302404,0.0014490669
707.2,0.009734109,0.0007733015,0.0009476518
707.39996,0.008572098,0.0008645882,0.00071164354
707.60004,0.006923085,0.0013548533,0.00081649673
707.8,0.005211793,0.002162397,0.0012238815
707.99994,0.003926595,0.0030876175,0.0017985109
708.2,0.0034171392,0.0038213236,0.0023776744
708.39996,0.003798449,0.0041213753,0.0028493768
708.6,0.0049767736,0.0039419434,0.0031625624
708.8,0.0066807587,0.003387448,0.0032672123
709,0.008487959,0.0026220717,0.0030845432
709.19995,0.009932877,0.0018337088,0.0025825808
709.39996,0.010666703,0.0011977004,0.0018764264
709.6,0.010536733,0.00082397496,0.0011977832
709.7999,0.009571862,0.00076069124,0.00075116695
710,0.007978529,0.0010398389,0.0006332272
710.19995,0.0061491774,0.0016511308,0.00086223136
710.4,0.0045719445,0.0024492084,0.0014013262
710.6,0.0036510222,0.0031725608,0.0021284695
710.80005,0.0035990232,0.0036147933,0.0028419837
711,0.004452956,0.0037204272,0.0033470774
711.19995,0.006084205,0.003503201,0.0035306965
711.4,0.008141589,0.0029776525,0.003361933
711.6,0.010067085,0.0022288929,0.002880108
711.8,0.011296799,0.0014704294,0.0022081006
712,0.011512353,0.0009410921,0.0015267814
712.2,0.010724408,0.00077200937,0.0009941733
712.39996,0.009180257,0.0009846897,0.0007046399
712.60004,0.0072543104,0.0015336482,0.00072324055
712.8,0.0053956085,0.002280971,0.0010957053
712.99994,0.0040683225,0.0029964112,0.0017736899
713.2,0.003635791,0.0034780325,0.0025665285
713.39996,0.004232559,0.0036501107,0.0032367643
713.6,0.005709296,0.0035070153,0.0036356032
713.8,0.007689644,0.003042102,0.0037134374
714,0.009696938,0.0023166724,0.0034556119
714.19995,0.011265797,0.0015449349,0.002887434
714.39996,0.012004688,0.0009913282,0.0021310453
714.6,0.011669457,0.0007867486,0.0013894062
714.7999,0.010288337,0.00091061037,0.0008592133
715,0.008231545,0.0012995615,0.0006798262
715.19995,0.006086549,0.0018844907,0.00092153857
715.4,0.004403528,0.0025425921,0.0015411165
715.6,0.0035368714,0.0031029964,0.0023541977
715.80005,0.0036480292,0.0034239572,0.0031297822
716,0.0047181523,0.0034278273,0.003719394
716.19995,0.00649935,0.0030909367,0.0040463624
716.4,0.008537078,0.0024763085,0.004008239
716.6,0.010336234,0.0017653741,0.0035037047
716.8,0.011512459,0.0011760568,0.002605777
717,0.01180027,0.0008367103,0.001621363
717.2,0.011050828,0.0007738207,0.0008945578
717.39996,0.0093641495,0.0009806916,0.00060329895
717.60004,0.007195847,0.0014263779,0.00077037455
717.8,0.0051918104,0.0020109713,0.0013564334
717.99994,0.003862657,0.002592722,0.0022546998
718.2,0.0034436758,0.003075454,0.0032454869
718.39996,0.0039829738,0.003407947,0.0040555
718.6,0.0053953673,0.0035018346,0.0044857203
718.8,0.0073872926,0.003243719,0.0044595925
719,0.009446144,0.0026406164,0.0039896173
719.19995,0.011019559,0.0018898242,0.0031688907
719.39996,0.011726438,0.0012507015,0.0021902127
719.6,0.011421116,0.00089333305,0.0013079862
719.7999,0.010171259,0.00087779225,0.00074889656
720,0.008262746,0.0011875856,0.00065746246
720.19995,0.006182499,0.0017346349,0.0010874609
720.4,0.004486992,0.0023843914,0.0019800891
720.6,0.0036091795,0.0030141918,0.0031359654
720.80005,0.0037327372,0.0035171076,0.004252813
721,0.004774718,0.003756549,0.0050341743
721.19995,0.0064383177,0.003606177,0.0052877874
721.4,0.008302578,0.0030831664,0.0049626254
721.6,0.00991986,0.0023768886,0.004144372
721.8,0.01089915,0.0017049691,0.0030312685
722,0.010992103,0.0011979287,0.0018929652
722.2,0.010187672,0.00093067496,0.001018736
722.39996,0.0087324735,0.00096891174,0.00065588293
722.60004,0.0070133884,0.0013207952,0.0009289086
722.8,0.0054056,0.0018969664,0.0017724924
722.99994,0.004230028,0.0025687953,0.002950024
723.2,0.0037722632,0.0032145886,0.00415725
723.39996,0.0042049,0.0036825319,0.005114792
723.6,0.0054400805,0.0037992958,0.005599448
723.8,0.007120943,0.0034999512,0.0054748156
724,0.008799772,0.0029029215,0.0047596404
724.19995,0.01009969,0.002197737,0.0036527116
724.39996,0.010742279,0.0015256347,0.0024471
724.6,0.010555017,0.0010185649,0.0014127535
724.7999,0.009546603,0.00085128564,0.0007543657
725,0.007957621,0.001122596,0.0006213495
725.19995,0.006197083,0.0017203151,0.0010802392
725.4,0.0047228415,0.002417701,0.002054937
725.6,0.0039340896,0.0030602687,0.0033269268
725.80005,0.0040589985,0.0035748167,0.004614929
726,0.005063819,0.0038670201,0.005647078
726.19995,0.006681651,0.0038268096,0.0061784214
726.4,0.008541855,0.003435803,0.006017382
726.6,0.010248875,0.0027941656,0.00512286
726.8,0.011390887,0.002050132,0.0037047684
727,0.011625142,0.0013707976,0.002191098
727.2,0.010855997,0.0009485755,0.0010412841
727.39996,0.009304185,0.0009277973,0.00054899143
727.60004,0.0073771924,0.0013123158,0.0007777441
727.8,0.0055207484,0.0020000057,0.0016171741
727.99994,0.004183809,0.002867095,0.0028489297
728.2,0.003768097,0.0037463033,0.0041737235
728.39996,0.0044559445,0.004382364,0.0052561783
728.6,0.0060781697,0.0045460723,0.0058254115
728.8,0.00819988,0.004208058,0.005764362
729,0.010314374,0.0035176817,0.005113295
729.19995,0.011947616,0.002646455,0.004023088
729.39996,0.012698096,0.0017570028,0.0027299502
729.6,0.012330865,0.0010821692,0.0015359881
729.7999,0.010890474,0.0008727793,0.00073644327
730,0.008719884,0.0012088559,0.00052333187
730.19995,0.0063805077,0.0019418232,0.0009490985
730.4,0.004511505,0.002823378,0.0019442125
730.6,0.0036254087,0.003615779,0.0033114105
730.80005,0.00391862,0.004126394,0.0047107968
731,0.005256173,0.004259396,0.005743353
731.19995,0.007314057,0.00404547,0.006128657
731.4,0.009670199,0.003562874,0.0058137854
731.6,0.011790917,0.0028586711,0.004924561
731.8,0.013108432,0.0020198047,0.0036702924
732,0.013257267,0.0012765902,0.0023187671
732.2,0.012231056,0.0009015304,0.0011957876
732.39996,0.010300462,0.0009995113,0.00060828077
732.60004,0.007883303,0.0014954781,0.00071328285
732.8,0.0055338787,0.002270648,0.0014573376
732.99994,0.0038948858,0.0031811458,0.0026347977
733.2,0.0034646585,0.003985726,0.00398585
733.39996,0.0043807593,0.004416622,0.005245036
733.6,0.006436921,0.004365016,0.0061381506
733.8,0.009185547,0.0039058584,0.006402191
734,0.011949018,0.0031603659,0.0058877906
734.19995,0.013916879,0.00225758,0.0046901642
734.39996,0.014498207,0.0014154345,0.0031607698
734.6,0.013628478,0.00090471556,0.0017481747
734.7999,0.011674274,0.00087254256,0.0008062696
735,0.009130089,0.0012775369,0.00051659363
735.19995,0.0065103048,0.0019886568,0.00090550666
735.4,0.004407127,0.0028500315,0.0018626637
735.6,0.003398429,0.0036653345,0.0031562836
735.80005,0.003778627,0.0042295977,0.004490372
736,0.005402207,0.004411896,0.005576217
736.19995,0.0077744685,0.0041706543,0.0061667473
736.4,0.0102562,0.0035286967,0.006089959
736.6,0.012265565,0.0026177433,0.005332951
736.8,0.013419999,0.0017093486,0.004097773
737,0.013534436,0.0010840389,0.0027188542
737.2,0.012528968,0.000867451,0.0015162472
737.39996,0.010477876,0.0010479641,0.000743004
737.60004,0.007819288,0.0015850121,0.0006045776
737.8,0.005344842,0.0024006097,0.0012079545
737.99994,0.0037805294,0.0032983401,0.0024533097
738.2,0.0034151587,0.004010825,0.004036286
738.39996,0.004186635,0.0043513267,0.0055779004
738.6,0.005923439,0.0042636585,0.006714546
738.8,0.008304602,0.0037754104,0.007122902
739,0.010708649,0.0030036941,0.0066259378
739.19995,0.012404115,0.0021701609,0.0053518247
739.39996,0.012979019,0.0014989765,0.0037097689
739.6,0.012461483,0.0011026554,0.002159449
739.7999,0.011067471,0.0010167133,0.0010495146
740,0.009037239,0.0012841085,0.00062879536
740.19995,0.0067318375,0.0019069591,0.0010359822
740.4,0.0046961484,0.0027364912,0.0021840143
740.6,0.0034899523,0.003520282,0.0037395721
740.80005,0.003457361,0.0040623173,0.005295661
741,0.004626438,0.004265811,0.006521629
741.19995,0.0067068543,0.0040759672,0.007154057
741.4,0.009138805,0.0035036758,0.006991784
741.6,0.011251783,0.0026999498,0.006018415
741.8,0.012504376,0.001907914,0.004491827
742,0.012645702,0.0013255036,0.0028363594
742.2,0.011720601,0.0010550822,0.001459439
742.39996,0.009989448,0.0011388496,0.00067069195
742.60004,0.007842057,0.0015620885,0.0006646547
742.8,0.0057380805,0.0022284738,0.0014723334
742.99994,0.0041669393,0.00298225,0.0029251524
743.2,0.0035617764,0.003646056,0.0046926043
743.39996,0.0041213566,0.0040292996,0.006350204
743.6,0.0056731687,0.003983883,0.0074576503
743.8,0.007767589,0.003529415,0.0076957997
744,0.009909899,0.0028752093,0.007008955
744.19995,0.011652415,0.0022555385,0.005606126
744.39996,0.012549706,0.0017756086,0.0038404434
744.6,0.012255307,0.0014409369,0.0021292972
744.7999,0.010788267,0.0012746102,0.00091513235
745,0.008610062,0.0013396695,0.0005314239
745.19995,0.006349046,0.0016615146,0.0010411046
745.4,0.00451109,0.0021824976,0.0022652138
745.6,0.0034505276,0.00277957,0.003946704
745.80005,0.0034264175,0.0032918514,0.0057832184
746,0.0045118034,0.0035719937,0.0073338477
746.19995,0.00645894,0.0035640143,0.008092588
746.4,0.008750132,0.003312885,0.0077907485
746.6,0.0108080795,0.0028853556,0.0065745083
746.8,0.012160754,0.0023314608,0.004843348
747,0.0124987485,0.0017456083,0.003017687
747.2,0.011707694,0.001299863,0.001489249
747.39996,0.009915933,0.0011444052,0.0006347346
747.60004,0.0075237053,0.0012942521,0.0007142633
747.8,0.005158415,0.0016527602,0.0017352089
747.99994,0.0035051426,0.002105674,0.0034367698
748.2,0.0030531073,0.0025589275,0.005369654
748.39996,0.0039251577,0.002928506,0.006998173
748.6,0.0058921,0.0031382414,0.007855303
748.8,0.008470614,0.0031270399,0.007730458
749,0.011003178,0.0028657615,0.0067355083
749.19995,0.012797683,0.0024007054,0.0051914854
749.39996,0.01337354,0.0018750808,0.0034742104
749.6,0.012635619,0.0014539184,0.0019392353
749.7999,0.01082685,0.0012192446,0.00089891313
750,0.008386778,0.001171384,0.0005896335
750.19995,0.005878871,0.0013062017,0.001118473
750.4,0.0039188787,0.0016304627,0.0024000113
750.6,0.0030060636,0.002099514,0.0041244044
750.80005,0.0033625062,0.0025888337,0.005834735
751,0.0048993314,0.0029524746,0.007105084
751.19995,0.00724769,0.0030915781,0.0076670875
751.4,0.009803956,0.0029736997,0.0074003637
751.6,0.011885104,0.0026323837,0.006311036
751.8,0.01298564,0.0021598442,0.0046097976
752,0.012914892,0.0016726078,0.0027575851
752.2,0.011725997,0.001276091,0.0013005317
752.39996,0.009640004,0.0010617666,0.0006128901
752.6,0.007092317,0.0010984319,0.0008110416
752.8,0.0047288095,0.0013880851,0.0018337739
752.99994,0.0032015182,0.0018509064,0.003485064
753.2,0.0029154315,0.0023813085,0.0053965733
753.39996,0.003919456,0.0028865435,0.0070632827
753.6,0.005919912,0.0032504005,0.008016463
753.8,0.008359206,0.003326344,0.008001121
754,0.010597148,0.0030438262,0.007038821
754.19995,0.0121350605,0.0025006295,0.0053988593
754.39996,0.012701655,0.0018920894,0.0035196412
754.6,0.012195739,0.0013746602,0.001876095
754.7999,0.010676312,0.0010384058,0.00083679927
755,0.008446329,0.0009563413,0.0005995606
755.19995,0.006046778,0.0011753701,0.0012089477
755.4,0.0040791743,0.0016518063,0.0025684228
755.6,0.0030172097,0.002245614,0.0044117
755.80005,0.0031271428,0.0027910324,0.0063069034
756,0.0044225524,0.003158015,0.0077615264
756.19995,0.00660876,0.0032730305,0.008384781
756.4,0.009120848,0.0031257602,0.008011493
756.6,0.011306509,0.0027631002,0.0067447624
756.8,0.012638018,0.0022664675,0.0049242605
757,0.012835083,0.001738007,0.0030285388
757.2,0.01188994,0.0012992426,0.0015318063
757.39996,0.010031577,0.0010643185,0.00077461125
757.6,0.007664374,0.0010911386,0.00090167864
757.8,0.0053142793,0.0013679834,0.0018633243
757.99994,0.0035588653,0.001840719,0.0034436847
758.2,0.0028778517,0.0024233474,0.005299471
758.39996,0.0034670648,0.0029858644,0.007016048
758.6,0.005169858,0.0033758387,0.008183017
758.8,0.007565444,0.0034786782,0.008488292
759,0.010088308,0.0032586728,0.0078225825
759.19995,0.01211936,0.0027650502,0.0063445996
759.39996,0.013126327,0.0021325245,0.004440652
759.6,0.01284721,0.0015529864,0.0025907988
759.7999,0.011369383,0.0011881929,0.0012403736
760,0.009061188,0.0010988129,0.0007236199
760.19995,0.0064754793,0.0012693701,0.0011875168
760.4,0.0042642197,0.0016615454,0.002511797
760.6,0.0030183317,0.0021995949,0.004333785
760.80005,0.0030611428,0.0027381117,0.0062073856
761,0.004353744,0.0031175592,0.007739927
761.19995,0.006548261,0.0032618395,0.008603432
761.4,0.009087613,0.0031815385,0.008541338
761.6,0.011329673,0.0029017301,0.007495963
761.8,0.012729241,0.002448197,0.0057311314
762,0.012988193,0.0019078834,0.0037456672
762.2,0.012067159,0.001439328,0.0020444968
762.39996,0.010143585,0.0011845909,0.0010022195
762.6,0.0076312134,0.0011899807,0.00085370336
762.8,0.0051680133,0.0014180508,0.001671331
762.99994,0.0034413869,0.0018023115,0.0033013674
763.2,0.0029480085,0.0022749729,0.0053647277
763.39996,0.003855939,0.0027564352,0.007351969
763.6,0.005954783,0.003133026,0.008750043
763.8,0.008663011,0.0032659627,0.00918546
764,0.011204481,0.0030654469,0.008562758
764.19995,0.012926657,0.0025853387,0.0070847888
764.39996,0.013479489,0.0020169173,0.005125905
764.6,0.012760837,0.0015562072,0.0031167583
764.7999,0.0108876135,0.0012892901,0.0015260149
765,0.008297214,0.0012080845,0.00079290423
765.19995,0.005701269,0.001290755,0.0011300438
765.4,0.0037745202,0.0015323164,0.0024099327
765.6,0.002922348,0.001909545,0.004292195
765.80005,0.0033328785,0.0023432185,0.0063902973
766,0.0050196704,0.0027071303,0.008273815
766.19995,0.0076419003,0.00287869,0.009445141
766.4,0.0104304105,0.0027974779,0.009502262
766.6,0.01254014,0.002494722,0.008376041
766.8,0.013488206,0.0020702053,0.0063822204
767,0.013195596,0.0016379191,0.0040810304
767.2,0.01177607,0.0012893991,0.0020968139
767.39996,0.0094864685,0.0010917146,0.0009328186
767.6,0.0068298974,0.0010940345,0.0008133596
767.8,0.004498015,0.0013182544,0.0016861581
767.99994,0.003103521,0.0017354991,0.0033608447
768.2,0.0029593601,0.002246915,0.0055558067
768.39996,0.004042542,0.002696568,0.007802145
768.6,0.006052033,0.002933952,0.009463717
768.8,0.008483389,0.0028911573,0.010019667
769,0.010736418,0.002604922,0.009336574
769.19995,0.012263175,0.0021713632,0.0076521905
769.39996,0.012715942,0.0016982041,0.0054061897
769.6,0.012030033,0.0012969591,0.0031415634
769.7999,0.01039335,0.0010791655,0.001426203
770,0.008150079,0.0011174883,0.0007012835
770.19995,0.005753018,0.0014034163,0.0011548691
770.4,0.0037582545,0.0018491896,0.0027005794
770.6,0.002708661,0.002324536,0.004987114
770.80005,0.0028926865,0.002696928,0.0074302773
771,0.0042295125,0.0028695697,0.00937191
771.19995,0.006400431,0.002807953,0.010310437
771.4,0.008980012,0.0025338489,0.010011294
771.6,0.011395315,0.0021035082,0.008511589
771.8,0.012950378,0.0016114202,0.006170174
772,0.013141194,0.0012005328,0.0036620558
772.2,0.011975221,0.0010096331,0.001709696
772.39996,0.009885662,0.0010796981,0.00074335054
772.6,0.007396851,0.0013416521,0.00085960445
772.8,0.0049878275,0.0017098096,0.0019919467
772.99994,0.003171447,0.00214649,0.003936599
773.2,0.0024508145,0.002612438,0.0062328484
773.39996,0.003069213,0.002991249,0.008231807
773.6,0.004850377,0.0031249842,0.009405076
773.8,0.0073062545,0.0029440299,0.009531164
774,0.009836621,0.0025247515,0.008620043
774.19995,0.011849218,0.0020110132,0.0068466105
774.39996,0.012853629,0.0015269609,0.004615735
774.6,0.012595213,0.0011775366,0.0025278921
774.7999,0.011146862,0.0010707801,0.0011348622
775,0.008872736,0.0012732409,0.00073611806
775.19995,0.0063035553,0.0017391382,0.0013925813
775.4,0.004014351,0.0023197448,0.0029967942
775.6,0.0025367928,0.0028549598,0.0052370904
775.80005,0.0022720024,0.0032380119,0.007555515
776,0.003364924,0.0033989013,0.009275055
776.19995,0.0055796644,0.0032747383,0.009871938
776.4,0.008313113,0.002843411,0.009197441
776.6,0.010819099,0.0021932018,0.0075039594
776.8,0.012489231,0.0015275403,0.005295687
777,0.012974076,0.0010674682,0.0031353324
777.2,0.012160289,0.0009353949,0.0015170646
777.39996,0.010182176,0.0011206241,0.0008006678
777.6,0.0074913795,0.0015326848,0.0011407824
777.8,0.0048070573,0.0020678127,0.0024288017
777.99994,0.002870105,0.0026285932,0.0043315417
778.2,0.0021746804,0.0031056483,0.0064086765
778.39996,0.0028595745,0.0033752674,0.008195657
778.6,0.0047322824,0.003344305,0.009242997
778.8,0.0073217,0.003008426,0.009224224
779,0.009963004,0.0024639845,0.00811184
779.19995,0.011971326,0.0018628795,0.006236115
779.39996,0.012859181,0.0013556129,0.0041252677
779.6,0.012462177,0.0010577186,0.0022846037
779.7999,0.0109135145,0.0010372698,0.0010937122
780,0.0085598435,0.0013089143,0.0007998543
780.19995,0.0059234896,0.0018256365,0.0014934598
780.4,0.0036725844,0.0024704926,0.0030531655
780.6,0.0024620884,0.003066935,0.005137206
780.80005,0.0026541804,0.0034362278,0.0072553665
781,0.004153485,0.00348474,0.008885352
781.19995,0.0065154443,0.0032400996,0.009595022
781.4,0.009170441,0.0027954895,0.0091605475
781.6,0.011533038,0.0022400017,0.007661798
781.8,0.013023487,0.0016628625,0.0054957373
782,0.013185038,0.0011963265,0.0032614917
782.2,0.011905416,0.0009878437,0.0015573732
782.39996,0.0095311105,0.0010982752,0.0007963259
782.6,0.00673772,0.0014613797,0.001112317
782.8,0.0042697135,0.0019592312,0.0023575323
782.99994,0.0027264084,0.0024948362,0.004173041
783.2,0.0024448938,0.0029769626,0.0061113248
783.39996,0.0034529956,0.003285119,0.007748213
783.6,0.0054830937,0.0033057495,0.00872923
783.8,0.008044608,0.0030132951,0.008796984
784,0.010533144,0.0024960018,0.007881911
784.19995,0.012354507,0.0019057065,0.0062032235
784.39996,0.013053844,0.0013979162,0.0042194873
784.6,0.012434779,0.0010952577,0.0024280916
784.7999,0.01063801,0.0010540048,0.0012117607
785,0.0081293825,0.001243241,0.000828018
785.19995,0.0055663204,0.0015747169,0.0014144317
785.4,0.003590603,0.0019683684,0.0029027143
785.6,0.0026621046,0.0023830861,0.004944668
785.80005,0.0029910458,0.0027796866,0.00699684
786,0.0045154793,0.0030686355,0.008515125
786.19995,0.006885214,0.0031240198,0.009110225
786.4,0.009520498,0.0028751395,0.00862821
786.6,0.011787586,0.0023885374,0.007192896
786.8,0.01317414,0.0018441398,0.0051881373
787,0.013350761,0.0014210981,0.003148696
787.2,0.012198687,0.0012110146,0.001596896
787.39996,0.009917431,0.0012286222,0.0008901158
787.6,0.00710008,0.0014613571,0.0011328522
787.8,0.00456354,0.0018712585,0.002194778
787.99994,0.002997133,0.0023566629,0.003809695
788.2,0.002731722,0.002757544,0.0056457915
788.39996,0.003752604,0.0029373602,0.007300472
788.6,0.005793296,0.0028607917,0.008330839
788.8,0.008379831,0.0025857443,0.008415051
789,0.010891812,0.002201315,0.007525252
789.19995,0.012715346,0.001790972,0.005927936
789.39996,0.013413499,0.0014309017,0.0040413863
789.6,0.012814191,0.0011841814,0.0023143934
789.7999,0.01103426,0.0010863936,0.0011601165
790,0.0084888935,0.001149767,0.000872804
790.19995,0.0058374284,0.0013765874,0.0015379004
790.4,0.0037950529,0.0017430107,0.0030064061
790.6,0.0028793062,0.0021623499,0.0049275127
790.80005,0.0032646344,0.0024965403,0.0068059554
791,0.004812521,0.0026390725,0.00812208
791.19995,0.0071719745,0.0025787142,0.008520217
791.4,0.009836793,0.002364726,0.00793756
791.6,0.01218398,0.0020360998,0.0065767756
791.8,0.013591559,0.0016211239,0.0047941296
792,0.013643417,0.001198118,0.0030026392
792.2,0.012301627,0.0009037409,0.001593296
792.39996,0.009930843,0.00084553886,0.00086480676
792.6,0.007167914,0.0010321055,0.0009887299
792.8,0.004709373,0.0014068394,0.0019878042
792.99994,0.0031125997,0.001901872,0.003674639
793.2,0.0026935833,0.0024226878,0.0056132316
793.39996,0.0035277687,0.0028155344,0.0072376365
793.6,0.0054627024,0.0029190467,0.008091759
793.8,0.008081581,0.0026773922,0.007985903
794,0.010716958,0.002180174,0.006991239
794.19995,0.012648647,0.001592438,0.0053772833
794.39996,0.013398089,0.0010754503,0.0035494256
794.6,0.012865305,0.00075548777,0.0019487082
794.7999,0.011241145,0.0007017625,0.0009383632
795,0.008888691,0.0009032283,0.0007459932
795.19995,0.0063187107,0.001286814,0.0014370268
795.4,0.004146448,0.001764114,0.002866656
795.6,0.0029254395,0.0022412518,0.004676744
795.80005,0.0029625075,0.0025983215,0.006409666
796,0.0042538354,0.002715381,0.0076474003
796.19995,0.0065120463,0.002551878,0.008068236
796.4,0.009204406,0.0021774983,0.007497386
796.6,0.011644502,0.0017076336,0.006034203
796.8,0.013196548,0.0012392126,0.0041083856
797,0.013493663,0.0008614122,0.0023031398
797.2,0.012516201,0.0006790511,0.0010922713
797.39996,0.010527155,0.0007722586,0.00073047826
797.6,0.007980282,0.0011382222,0.0012697316
797.8,0.0054553375,0.001694218,0.002554763
797.99994,0.0035745855,0.0023139028,0.004229866
798.2,0.0028557118,0.0028358442,0.0058613787
798.39996,0.0035278425,0.0030822514,0.007096223
798.6,0.005409889,0.0029470453,0.0077061355
798.8,0.007962716,0.0024828203,0.0075523173
799,0.010513766,0.0018664895,0.0066072526
799.19995,0.012486335,0.0012793299,0.005037154
799.39996,0.013476379,0.0008431593,0.0032216
799.6,0.013234038,0.00064269814,0.0016501027
799.7999,0.011722921,0.0007426393,0.0007614038
800,0.009259987,0.0011496609,0.0008119278
800.19995,0.0065150904,0.0017745027,0.0018097018
800.4,0.0042505944,0.0024528285,0.0035170284
800.6,0.0030071205,0.0030047474,0.0055049425
800.80005,0.0030005113,0.0032872465,0.007250108
801,0.0041989214,0.0032309168,0.008285104
801.19995,0.0063659432,0.002860993,0.00836441
801.4,0.00902201,0.0022854789,0.0075278664
801.6,0.01148903,0.001652298,0.0060161375
801.8,0.013107469,0.0011122159,0.0041610873
802,0.013476519,0.00080289156,0.0023616457
802.2,0.01254059,0.00082378165,0.0010669874
802.39996,0.010540078,0.0011872398,0.00064349687
802.6,0.007945468,0.0017932983,0.0012004459
802.8,0.0053930674,0.0024726014,0.0025615224
802.99994,0.0035594748,0.0030607558,0.0043861233
803.2,0.0029701989,0.0034317288,0.006275415
803.39996,0.003820015,0.0034892336,0.0078033255
803.6,0.0058902707,0.0031817046,0.008570909
803.8,0.008611396,0.0025607275,0.008338406
804,0.011259631,0.0018083588,0.007146933
804.19995,0.013185149,0.0011617123,0.0053212224
804.39996,0.013950617,0.0007891801,0.0033496104
804.6,0.013377838,0.000740651,0.0017229982
804.7999,0.011584014,0.0009909816,0.00081277185
805,0.009004984,0.0014833318,0.00081461424
805.19995,0.006300536,0.0021136159,0.0017335778
805.4,0.004140049,0.002710932,0.0033833226
805.6,0.0030240295,0.0030939155,0.005406288
805.80005,0.0032223393,0.0031693233,0.0073306668
806,0.0047289296,0.0029609157,0.008662608
806.19995,0.007185828,0.0025499905,0.009016231
806.4,0.009930747,0.0020212892,0.008269892
806.6,0.012258395,0.0014700374,0.006650813
806.8,0.0136824455,0.001018763,0.0046316916
807,0.01396313,0.00078497455,0.0027093424
807.2,0.01300758,0.0008334059,0.0012787594
807.39996,0.010905398,0.0011695689,0.0006544214
807.6,0.0080883475,0.0017487732,0.0010555107
807.8,0.0053262766,0.002451137,0.0024517972
807.99994,0.0034357759,0.003066471,0.004463166
808.2,0.0029430338,0.0033758166,0.006511926
808.39996,0.003954326,0.0032890344,0.008081834
808.6,0.006201025,0.0028848236,0.008830968
808.8,0.0091257775,0.0023172724,0.008590911
809,0.012006463,0.0017201585,0.0074109384
809.19995,0.014151488,0.0011981835,0.0055998745
809.39996,0.015082148,0.0008549262,0.003623439
809.6,0.01459921,0.0007842904,0.0019226997
809.7999,0.012775357,0.001029786,0.00083488994
810,0.0099774,0.0015515271,0.0006055414
810.19995,0.0068815933,0.0022165957,0.0013421413
810.4,0.0043346407,0.0028268173,0.002904911
810.6,0.0030533657,0.0032020088,0.004894184
810.80005,0.0033731335,0.0032684363,0.0067948317
811,0.0052099833,0.0030616955,0.008149858
811.19995,0.008157512,0.0026529806,0.008655685
811.4,0.0115634985,0.00210883,0.008204542
811.6,0.014599397,0.0015292389,0.0069077904
811.8,0.016447421,0.0010690289,0.005072014
812,0.016588388,0.0008644485,0.0031195015
812.2,0.014995811,0.00094874337,0.0015030848
812.39996,0.012113474,0.001267441,0.00063509034
812.6,0.008691564,0.0017470769,0.00078617805
812.8,0.0055952067,0.0023097019,0.0019529643
812.99994,0.0036035588,0.0028364281,0.0038086253
813.2,0.0032110969,0.003170825,0.005836073
813.39996,0.004511497,0.0031926904,0.007551853
813.6,0.0072071874,0.002887532,0.008620024
813.8,0.010688312,0.002347724,0.008817115
814,0.014134195,0.0017265473,0.008019186
814.19995,0.01667486,0.0011873387,0.006324519
814.39996,0.017629677,0.0008616729,0.0041600126
814.6,0.016727524,0.0008203076,0.00214972
814.7999,0.0141953435,0.001060504,0.000817947
815,0.010697344,0.0015080299,0.00042160388
815.19995,0.0071578757,0.0020376476,0.0009962819
815.4,0.004496216,0.0025149016,0.0024226727
815.6,0.0033525901,0.0028341976,0.0044004787
815.80005,0.003943894,0.002926026,0.0064496463
816,0.0060967277,0.0027555262,0.008048036
816.19995,0.009343308,0.0023486158,0.008805424
816.4,0.012970215,0.0018150995,0.00854097
816.6,0.016081028,0.0013067166,0.007298366
816.8,0.017808665,0.00093852135,0.0053654225
817,0.017647991,0.0007656917,0.0032406587
817.2,0.015676687,0.0008171756,0.0014864561
817.39996,0.012486772,0.0011009517,0.000547971
817.6,0.008913666,0.0015583775,0.00064487784
817.8,0.0057833972,0.0020549598,0.0017380273
817.99994,0.0037783966,0.0024508552,0.0035443413
818.2,0.0033562733,0.0026621239,0.005616002
818.39996,0.0046539376,0.0026518898,0.007463292
818.6,0.0074159345,0.0024146596,0.0086481245
818.8,0.011015212,0.0020009293,0.008844631
819,0.01456958,0.0015219471,0.007936832
819.19995,0.01714132,0.0010934069,0.006129407
819.39996,0.018020224,0.0007906547,0.0039303796
819.6,0.017000783,0.0006719445,0.0019601735
819.7999,0.014447883,0.00080203265,0.000725852
820,0.011073233,0.0011982991,0.00048934575
820.19995,0.0076433998,0.0017654763,0.00123299
820.4,0.0048723305,0.0023351905,0.0027020168
820.6,0.0034326473,0.0027670527,0.004516278
820.80005,0.0038170516,0.0029827072,0.0062822346
821,0.0060306573,0.002937267,0.007628517
821.19995,0.009459836,0.0026221613,0.008212688
821.4,0.013142828,0.0021036363,0.007814165
821.6,0.016182406,0.0015166996,0.006487868
821.8,0.017937372,0.0010075856,0.004598839
822,0.018018397,0.0006977123,0.0026672427
822.2,0.016340414,0.00068233063,0.0011747058
822.39996,0.013256645,0.0010057479,0.00047313378
822.6,0.009550076,0.0016119359,0.0007498895
822.8,0.0061805896,0.002347912,0.0019697687
822.99994,0.0039669205,0.003033509,0.0038415266
823.2,0.0033994098,0.0035148195,0.005889866
823.39996,0.0045802905,0.0036721989,0.007596401
823.6,0.007213657,0.00344239,0.008520489
823.8,0.010657086,0.0028682363,0.008395842
824,0.014074237,0.002103076,0.007230225
824.19995,0.016640682,0.0013452817,0.005346561
824.39996,0.017721524,0.0007779071,0.0032775605
824.6,0.01700915,0.0005507184,0.0015614557
824.7999,0.014634556,0.00074772444,0.0005906811
825,0.011190377,0.0013253929,0.00057277904
825.19995,0.0075849663,0.0021084324,0.0015258733
825.4,0.0047631734,0.0028822578,0.0032431406
825.6,0.0034319265,0.0034815846,0.005285386
825.80005,0.0038887255,0.0037911197,0.007098006
826,0.005967796,0.0037209128,0.008218415
826.19995,0.009105864,0.0032471064,0.0084183235
826.4,0.0125155095,0.0024767634,0.0076983385
826.6,0.015392188,0.0016292556,0.0062202476
826.8,0.017068537,0.0009368946,0.004289551
827,0.017121496,0.0005643573,0.002361254
827.2,0.015487179,0.0005858202,0.00095069094
827.39996,0.012547228,0.0009777113,0.00044309397
827.6,0.00906482,0.0016182625,0.00095477246
827.8,0.005946044,0.002329504,0.0023429964
827.99994,0.0039644027,0.00294782,0.004275359
828.2,0.0035906206,0.0033582104,0.0062662233
828.39996,0.004922081,0.0034799445,0.007755188
828.6,0.0076500494,0.0032636824,0.008311609
828.8,0.011088843,0.0027334858,0.0078319255
829,0.014340623,0.0020202436,0.006528352
829.19995,0.01656839,0.0013232838,0.004755892
829.39996,0.01723593,0.00082348293,0.002897639
829.6,0.016209772,0.00062494294,0.0013574247
829.7999,0.013746018,0.00075250876,0.0005113293
830,0.010434968,0.0011675972,0.000564634
830.19995,0.0071046683,0.0017703624,0.0014655448
830.4,0.0046274536,0.002406654,0.0029654598
830.6,0.0036524127,0.0029124634,0.004710593
830.80005,0.004410804,0.0031795998,0.006281512
831,0.0067044245,0.0031809967,0.007269409
831.19995,0.010015136,0.002936587,0.0074328664
831.4,0.0136076445,0.002479181,0.006786329
831.6,0.016620845,0.0018752214,0.0055226753
831.8,0.018242994,0.0012648773,0.003904323
832,0.017973173,0.0008332097,0.0022571827
832.2,0.01583163,0.00071073754,0.0009801713
832.39996,0.012389103,0.00091045385,0.00043564168
832.6,0.008599952,0.0013569109,0.0007926563
832.8,0.0055001955,0.00194127,0.0019776942
832.99994,0.0038849008,0.002537153,0.0037113319
833.2,0.00411581,0.0029984526,0.0055465964
833.39996,0.006115759,0.0031898178,0.006970981
833.6,0.009433044,0.0030471024,0.0076198843
833.8,0.013275376,0.0026156078,0.007420395
834,0.016625134,0.0020316863,0.0065037
834.19995,0.018567685,0.00145915,0.005050699
834.39996,0.018655669,0.0010235005,0.0033080678
834.6,0.0169853,0.00079108786,0.001689828
834.7999,0.013998757,0.0007961567,0.0006824614
835,0.010338175,0.0010607643,0.00056618213
835.19995,0.006847256,0.0015615874,0.0012963254
835.4,0.0044557326,0.0021858655,0.0026487694
835.6,0.0038309207,0.0027614716,0.0043546758
835.80005,0.0051015094,0.0031452412,0.006071509
836,0.007910762,0.0032633438,0.0073652132
836.19995,0.01161721,0.0030847962,0.007863699
836.4,0.015381577,0.0026202456,0.007442178
836.6,0.018240523,0.0019730912,0.00623379
836.8,0.019389482,0.0013389606,0.0045248186
837,0.018544145,0.00090456137,0.002706653
837.2,0.01602746,0.00076351553,0.001251347
837.39996,0.0125393085,0.0009382031,0.000574153
837.6,0.008893109,0.0014193425,0.0008464007
837.8,0.005880083,0.0021231943,0.0019580554
837.99994,0.004169026,0.0028402065,0.003627991
838.2,0.004169868,0.0033187368,0.0054823533
838.39996,0.0059255864,0.0034316927,0.0070673106
838.6,0.00907805,0.003218748,0.007940681
838.8,0.012893638,0.0027765317,0.007865639
839,0.016397007,0.002178772,0.006911707
839.19995,0.018669572,0.0015213864,0.005358635
839.39996,0.019179154,0.000977382,0.0035609298
839.6,0.017901612,0.0007302164,0.0019116164
839.7999,0.015204657,0.0008497795,0.0008125835
840,0.01169363,0.0012711866,0.00054523686
840.19995,0.008134161,0.0018765614,0.0011538367
840.4,0.005363174,0.002547449,0.0024784752
840.6,0.0040979246,0.0031453948,0.0042400993
840.80005,0.0047121258,0.0035100318,0.0060360627
841,0.0070989905,0.0035315785,0.007350636
841.19995,0.010668144,0.0032183381,0.007759382
841.4,0.014489105,0.002670349,0.0071885525
841.6,0.017578118,0.0020084742,0.005907288
841.8,0.019214943,0.0013563316,0.004284569
842,0.01910372,0.0008653889,0.0026437426
842.2,0.01733185,0.000698053,0.0013069562
842.39996,0.01427421,0.0009466162,0.0006010638
842.6,0.010565782,0.0015643572,0.00071123027
842.8,0.0070680324,0.0023762318,0.001578908
842.99994,0.004692352,0.0031542694,0.0029804455
843.2,0.004105342,0.0037017514,0.00462588
843.39996,0.0054956195,0.0039020726,0.0061493916
843.6,0.008531246,0.003719302,0.007129943
843.8,0.012474826,0.0031810105,0.007263963
844,0.016362237,0.0023889085,0.0065304115
844.19995,0.019208487,0.0015376864,0.005158366
844.39996,0.020246018,0.00086543115,0.0034919023
844.6,0.019160766,0.00053990865,0.0019231288
844.7999,0.016225176,0.0006032085,0.0008459805
845,0.012234145,0.0010225126,0.0005319634
845.19995,0.008252393,0.0017356856,0.0010223631
845.4,0.005287761,0.002606639,0.0021596132
845.6,0.004021154,0.0033887653,0.0036770958
845.80005,0.0046665184,0.0038322464,0.005229883
846,0.0069750417,0.0038431003,0.0064263134
846.19995,0.010345928,0.00348685,0.0069491616
846.4,0.013974635,0.0028668013,0.0066754697
846.6,0.016999716,0.0020786694,0.005676406
846.8,0.018675378,0.0012749454,0.004168524
847,0.018574677,0.0006761154,0.002515512
847.2,0.016730914,0.00045515122,0.0011853424
847.39996,0.0136153465,0.00064658886,0.0005572825
847.6,0.009979268,0.0011880186,0.0007362081
847.8,0.0066687763,0.0019810572,0.0015810695
847.99994,0.00445333,0.0028714624,0.0028555056
848.2,0.003853529,0.0036291988,0.004285715
848.39996,0.00501192,0.004025424,0.0055336077
848.6,0.007671745,0.0039432812,0.006248159
848.8,0.0112357205,0.0034114385,0.006218948
849,0.014852744,0.0025724382,0.0054740435
849.19995,0.017583214,0.0016482163,0.004234184
849.39996,0.018688994,0.00088641373,0.002810959
849.6,0.017899498,0.00047289906,0.0015368876
849.7999,0.015454641,0.0004809645,0.00071261084
850,0.01196538,0.00089292263,0.00054150994
850.19995,0.0082718935,0.0016209338,0.0010679101
850.4,0.005293436,0.00248909,0.002144609
850.6,0.0037608184,0.0032599668,0.003455921
850.80005,0.0039630826,0.0037446432,0.0046244804
851,0.0057545668,0.0038732789,0.0053624706
851.19995,0.008738448,0.0036421486,0.005551427
851.4,0.012320829,0.0030559557,0.005201803
851.6,0.015650483,0.0021899557,0.0043865778
851.8,0.017786378,0.0012729755,0.0032476026
852,0.01813601,0.00060767634,0.0020317668
852.2,0.016706781,0.00038709582,0.0010471565
852.39996,0.013929099,0.00063422497,0.0005449471
852.6,0.010414442,0.0012785436,0.0006438311
852.8,0.0069499766,0.0021944968,0.0013340776
852.99994,0.004472076,0.0031624057,0.0024819293
853.2,0.0037280116,0.0038907244,0.0038086383
853.39996,0.0048966696,0.0041559623,0.004938129
853.6,0.007586702,0.00391371,0.0055558044
853.8,0.011097406,0.0032682254,0.0055451915
854,0.014584614,0.0023886866,0.004970926
854.19995,0.017157309,0.0014748529,0.003978618
854.39996,0.018121006,0.0007424158,0.0027607966
854.6,0.017251309,0.00037370954,0.0015879718
854.7999,0.014827773,0.0004612835,0.00077750254
855,0.011474792,0.0009830323,0.00056349084
855.19995,0.008018267,0.0018005569,0.0009934042
855.4,0.005327346,0.0026883264,0.0019442802
855.6,0.004054626,0.003419173,0.003195431
855.80005,0.004448777,0.0038513644,0.0044726897
856,0.0063947616,0.0039258315,0.005479582
856.19995,0.009496019,0.0036089232,0.0059618712
856.4,0.013030413,0.0029123018,0.005785819
856.6,0.016007874,0.0019877094,0.0049821516
856.8,0.017552614,0.0011190076,0.0037427032
857,0.017305981,0.00055643736,0.0023768502
857.2,0.015444604,0.00039916454,0.0012326519
857.39996,0.012462787,0.0006487897,0.0006078839
857.6,0.00907097,0.0012807497,0.00068122963
857.8,0.00613229,0.002189733,0.0014594737
857.99994,0.004397976,0.0031188542,0.0027474079
858.2,0.0042190286,0.0037659318,0.0042004916
858.39996,0.005540147,0.0039808615,0.0054665585
858.6,0.008043027,0.0037959141,0.006292534
858.8,0.011158061,0.0032976621,0.006508124
859,0.014077495,0.0025621313,0.005996716
859.19995,0.016029276,0.0017137682,0.0047888686
859.39996,0.016603205,0.0009625064,0.0031846475
859.6,0.015755717,0.0005245325,0.0016787078
859.7999,0.013638987,0.0005198097,0.00070839265
860,0.01063303,0.0009517163,0.00049413816
860.19995,0.0074774697,0.00173302,0.0010609641
860.4,0.0050863847,0.0026928128,0.0022794248
860.6,0.004109911,0.003585298,0.0038548047
860.80005,0.004733007,0.0041483324,0.005377927
861,0.0067966324,0.0042026816,0.0064719934
861.19995,0.009881816,0.003737917,0.00689863
861.4,0.013268444,0.002922197,0.0065592406
861.6,0.016050281,0.0020094835,0.0054955613
861.8,0.017472364,0.00121494,0.0039388593
862,0.017191662,0.00067589286,0.0022983237
862.2,0.0153001705,0.0004999082,0.0010173393
862.39996,0.012261079,0.0007690778,0.00040897992
862.6,0.008838279,0.0014415341,0.00059641467
862.8,0.0059168465,0.0023012697,0.001532471
862.99994,0.004233798,0.00308723,0.0030140332
863.2,0.0041966666,0.0036451072,0.0046870373
863.39996,0.0058336295,0.0039063836,0.0061062123
863.6,0.008783001,0.0037890058,0.006878705
863.8,0.012333567,0.0032305242,0.0068211253
864,0.015598376,0.0023357004,0.006006799
864.19995,0.017762588,0.0013963708,0.0046729716
864.39996,0.01827236,0.0007090832,0.0031081254
864.6,0.016960977,0.0004212862,0.0016308876
864.7999,0.014144805,0.0005509666,0.0005986518
865,0.010584506,0.001052611,0.0003162059
865.19995,0.007228269,0.0018108485,0.0008805977
865.4,0.004894367,0.0026289728,0.0021355704
865.6,0.004105652,0.0032995052,0.0037635823
865.80005,0.005061324,0.003686011,0.0053757024
866,0.0076008635,0.0037172772,0.0065621203
866.19995,0.011156345,0.003351531,0.0069990433
866.4,0.014832015,0.0026207217,0.006591609
866.6,0.017670522,0.0017086333,0.0054969057
866.8,0.01897134,0.000907201,0.004005348
867,0.018470023,0.00045236183,0.0024358903
867.2,0.016321512,0.0004257759,0.0011181339
867.39996,0.013005937,0.00079834217,0.0003707054
867.6,0.009273424,0.0014890225,0.000411391
867.8,0.006065935,0.0023429948,0.0012578068
867.99994,0.0042712702,0.003109638,0.0026925737
868.2,0.004382473,0.0035355901,0.004321411
868.39996,0.0063377246,0.0035101774,0.005724772
868.6,0.009634564,0.003099428,0.006620841
868.8,0.01351218,0.002453598,0.006896588
869,0.01706294,0.0017197499,0.00650779
869.19995,0.019386562,0.0010337437,0.0054426943
869.39996,0.019864153,0.00054033345,0.0038493976
869.6,0.018380018,0.00037096578,0.002136687
869.7999,0.015325486,0.0005819637,0.0008296264
870,0.011454602,0.0011112787,0.0003086862
870.19995,0.007712258,0.0017991622,0.00070005475
870.4,0.0050333035,0.0024610478,0.0019033882
870.6,0.0041114613,0.0029509123,0.0036063474
870.80005,0.0052145086,0.0031718712,0.005333367
871,0.0080953995,0.0030648187,0.006626663
871.19995,0.012020787,0.002632099,0.007223934
871.4,0.015985139,0.001976532,0.0070557347
871.6,0.019054528,0.0012770683,0.006156551
871.8,0.020575985,0.0007043775,0.0046738186
872,0.020158416,0.0003734347,0.0029359977
872.2,0.017720005,0.000359412,0.0014033469
872.39996,0.013754095,0.00069239765,0.00049222197
872.6,0.009395334,0.0012974169,0.0004314693
872.8,0.0059292424,0.001985892,0.0012304276
872.99994,0.004194923,0.0025605059,0.002710196
873.2,0.004479889,0.0029096433,0.0045505296
873.39996,0.0066960333,0.0029911068,0.0063367696
873.6,0.010332856,0.0027848003,0.0076108975
873.8,0.014367092,0.0023101647,0.007975381
874,0.017628815,0.0016677076,0.0072734477
874.19995,0.019387245,0.0010179518,0.0057136146
874.39996,0.019468643,0.00051909103,0.0037783515
874.6,0.01794672,0.00029307976,0.0019936557
874.7999,0.015024865,0.00040627798,0.0007790931
875,0.011234974,0.000833852,0.00041834667
875.19995,0.007491479,0.0014598937,0.0010212649
875.4,0.0047896947,0.0021415828,0.0024479579
875.6,0.0038519527,0.002753827,0.004309474
875.80005,0.0049392446,0.0031666174,0.0060928664
876,0.007766378,0.0032437926,0.0073267096
876.19995,0.011564625,0.0029277392,0.007710244
876.4,0.015373027,0.0023061945,0.007183399
876.6,0.018337343,0.0015573817,0.005917384
876.8,0.019795738,0.00086134893,0.004235135
877,0.019333532,0.00038442813,0.0025227037
877.2,0.017000277,0.00027130614,0.0011632051
877.39996,0.013416389,0.0005672326,0.0004679303
877.6,0.009502263,0.0011744475,0.00060894515
877.8,0.0061301156,0.0019351993,0.0015879143
877.99994,0.0040385444,0.0027151424,0.00321737
878.2,0.0037906733,0.0033684596,0.0050932663
878.39996,0.0055170143,0.0036930696,0.0066589913
878.6,0.008761824,0.0035290327,0.007439061
878.8,0.012752912,0.002909913,0.00726883
879,0.016710993,0.0020512298,0.0062889983
879.19995,0.019791253,0.0012020234,0.00478141
879.39996,0.02104088,0.00055627845,0.0030805145
879.6,0.019866642,0.00025329232,0.0015684317
879.7999,0.016587388,0.00036374433,0.0006048265
880,0.012277892,0.0008552981,0.00039896698
880.19995,0.0080992,0.0016067615,0.0009601159
880.4,0.004949428,0.0024487106,0.0021279634
880.6,0.0035359154,0.0031767692,0.0035991755
880.80005,0.0043181046,0.0035834436,0.004986467
881,0.007192518,0.0035518599,0.00595743
881.19995,0.0113823,0.0031174337,0.0063347695
881.4,0.015748143,0.0024145455,0.006060326
881.6,0.019198667,0.001597177,0.0051475735
881.8,0.02093671,0.00083541207,0.0037472607
882,0.020589383,0.00032062235,0.0022111523
882.2,0.01826296,0.00019018906,0.0009859696
882.39996,0.0144960135,0.00045326172,0.00041387437
882.6,0.010165466,0.0010235151,0.0006211454
882.8,0.0063496456,0.0017828546,0.0015095585
882.99994,0.0040313452,0.0025715954,0.0027984024
883.2,0.003725689,0.0031757513,0.0041360054
883.39996,0.0053723883,0.0034195688,0.0052286442
883.6,0.008541372,0.0032739474,0.0058617895
883.8,0.012577298,0.0028229514,0.0058606053
884,0.016542632,0.0021583657,0.0051608677
884.19995,0.019328447,0.0013773363,0.003940754
884.39996,0.020132134,0.0006562264,0.002570499
884.6,0.018846678,0.00021873531,0.0013971147
884.7999,0.0159356,0.00019111304,0.0006467735
885,0.012089934,0.0005485251,0.0004809766
885.19995,0.008119432,0.0012012583,0.0009754638
885.4,0.0049556047,0.002047403,0.0020012825
885.6,0.0034224365,0.002921298,0.0032559563
885.80005,0.0038961926,0.00357735,0.0044508213
886,0.006218815,0.0038095904,0.0053719333
886.19995,0.00983118,0.0035709152,0.0058002793
886.4,0.013871789,0.0029507452,0.005558306
886.6,0.017304618,0.002098243,0.0046910555
886.8,0.019254226,0.0012095354,0.003476099
887,0.019331256,0.00051713065,0.0022229385
887.2,0.017614868,0.00020193082,0.0011721115
887.39996,0.014452751,0.00031437664,0.0005611407
887.6,0.010454981,0.00080264313,0.000600595
887.8,0.0065842355,0.0015745212,0.0013074005
887.99994,0.0039251056,0.0024893165,0.002466974
888.2,0.0031890494,0.0033296258,0.0037836202
888.39996,0.0044732485,0.003859169,0.0049663642
888.6,0.0074091842,0.0039309617,0.0057179932
888.8,0.011332007,0.0035314024,0.0058312067
889,0.01531863,0.0027598692,0.0053352034
889.19995,0.018341316,0.0018092393,0.0044306647
889.39996,0.019617578,0.0009330123,0.003295158
889.6,0.018862631,0.0003604284,0.00207531
889.7999,0.016284052,0.00021597143,0.0010393059
890,0.012497602,0.00050843565,0.0005458143
890.19995,0.008448745,0.0011528161,0.00078689307
890.4,0.0051834844,0.001978123,0.0016800743
890.6,0.0035036486,0.0027585044,0.003005463
890.7999,0.003778961,0.0032937191,0.0044810716
891,0.0059493277,0.003472314,0.0057246657
891.19995,0.0095041655,0.0032711017,0.006363096
891.4,0.013488512,0.0027419322,0.0062652268
891.6,0.016803222,0.0020149632,0.0055574425
891.8,0.018662533,0.0012677027,0.004422645
892,0.018749656,0.00065741746,0.003036597
892.2,0.017064726,0.0003003222,0.001692977
892.39996,0.013896821,0.00029923697,0.0007961785
892.6,0.009975832,0.00070601294,0.000629292
892.8,0.006368586,0.0014160346,0.0012161208
892.99994,0.0040180027,0.0021794464,0.0024031915
893.2,0.0034073319,0.0027741576,0.003924954
893.39996,0.0045944205,0.0031118635,0.005388574
893.6,0.0073031597,0.003166589,0.0063763736
893.8,0.010887785,0.00290067,0.00665171
894,0.014421441,0.0023265884,0.0062077343
894.19995,0.017019736,0.00158768,0.005154919
894.39996,0.018100357,0.00089910853,0.003695434
894.6,0.017419497,0.0004278968,0.0021854688
894.7999,0.015096266,0.0002644598,0.0010499612
895,0.011689077,0.00044656443,0.0005727601
895.19995,0.008082369,0.00093281455,0.0008333456
895.4,0.005168659,0.0015776416,0.0017893147
895.6,0.0036348403,0.002200224,0.0032695471
895.7999,0.0039087585,0.0026739743,0.0049003935
896,0.006017067,0.0029254577,0.0062088897
896.19995,0.009405406,0.0028946367,0.006865514
896.4,0.013094621,0.0025567047,0.0067633167
896.6,0.016137231,0.0019752504,0.0059221066
896.8,0.017885912,0.0012947336,0.0044821976
897,0.017956259,0.00068370765,0.0027948318
897.2,0.016243959,0.00029185019,0.0013525492
897.39996,0.0131036565,0.00021634865,0.00055278424
897.6,0.009362014,0.0004614822,0.0005712827
897.8,0.0060245716,0.000935483,0.0014008207
897.99994,0.0039501805,0.0015016784,0.0028643345
898.2,0.003663234,0.0020250932,0.0045881765
898.39996,0.0052188667,0.0023862056,0.006100624
898.6,0.008164226,0.0025024181,0.0070209824
898.8,0.011729903,0.002361519,0.0071441913
899,0.015092299,0.0020159972,0.006432385
899.19995,0.017466888,0.0015400057,0.0050488277
899.39996,0.018180363,0.0010125578,0.0033662561
899.6,0.016963629,0.00053751905,0.0018241878
899.7999,0.014207485,0.00023621165,0.00076414377
900,0.010757758,0.00019720735,0.00040805977
900.19995,0.0074514984,0.00044495403,0.0008683128
900.4,0.0049308357,0.0009422032,0.0020523379
900.6,0.0037434665,0.0015790027,0.003619384
900.7999,0.004296645,0.002168239,0.0051504653
901,0.0065640872,0.0025206043,0.006328494
901.19995,0.009943628,0.0025527754,0.006919465
901.4,0.013503862,0.0022993234,0.0067295413
901.6,0.016354425,0.0018416041,0.005735656
901.8,0.017852662,0.0012755112,0.0042053997
902,0.01767973,0.00073074317,0.0025684368
902.2,0.015886812,0.0003501741,0.0012089154
902.39996,0.012893012,0.00022160143,0.00042748952
902.6,0.009402029,0.00035396765,0.00044751068
902.8,0.0062484234,0.0007100884,0.0012825549
902.99994,0.0041936114,0.0012183724,0.0026479696
903.2,0.003737369,0.0017563241,0.004131268
903.39996,0.0050236406,0.0021778112,0.0054099667
903.6,0.007816227,0.002380834,0.0062598432
903.8,0.011485049,0.0023304173,0.0064905076
904,0.015095989,0.0020331582,0.006010139
904.19995,0.017713673,0.0015414284,0.0049201245
904.39996,0.018739445,0.0009817277,0.003476643
904.6,0.017997028,0.00052136777,0.0020022497
904.7999,0.015630681,0.0002808491,0.0008586371
905,0.012103727,0.0002957849,0.00038096902
905.19995,0.008274136,0.00054672046,0.00072227
905.4,0.0052279457,0.0009802834,0.0017845423
905.6,0.0038438493,0.0014958172,0.0033076676
905.7999,0.004467707,0.001951364,0.0049429033
906,0.006900884,0.0022154849,0.006267575
906.19995,0.01052097,0.0022191226,0.006904575
906.4,0.014410057,0.001970428,0.006712475
906.6,0.017572755,0.0015440434,0.0058006006
906.8,0.019223053,0.0010565836,0.0043880185
907,0.018967055,0.0006305047,0.0027661577
907.2,0.016850255,0.0003612677,0.0013460807
907.39996,0.013369486,0.00029967143,0.00053533365
907.6,0.009414155,0.0004470654,0.0005135771
907.8,0.0060181804,0.0007644069,0.0012263556
907.99994,0.0040133586,0.0011921737,0.0025337846
908.2,0.0038115098,0.0016579092,0.004201295
908.39996,0.00537831,0.0020601284,0.0057947664
908.6,0.008303504,0.002271028,0.0068135904
908.8,0.011911965,0.0022023895,0.0069969017
909,0.015395053,0.0018773729,0.0063875327
909.19995,0.017928107,0.0014090928,0.005155499
909.39996,0.018814435,0.0009192829,0.0035433564
909.6,0.01773042,0.00051091687,0.0019415751
909.7999,0.014944369,0.0002925239,0.0007955859
910,0.011241503,0.00035746276,0.0003731212
910.19995,0.007578766,0.0007117979,0.0006989412
910.4,0.0048006224,0.0012573818,0.0016495559
910.6,0.003554021,0.0018524025,0.0029849322
910.7999,0.004205965,0.0023551348,0.004351262
911,0.0066687474,0.0026294494,0.0054094265
911.19995,0.010342258,0.0025816625,0.0059724366
911.4,0.0143138375,0.0022246991,0.005971004
911.6,0.017640498,0.0016773798,0.005378228
911.8,0.01953585,0.0010908782,0.0042721187
912,0.019510394,0.0005981611,0.0029083262
912.2,0.017519638,0.00031211405,0.0016253098
912.39996,0.0140293045,0.00030812118,0.00070844556
912.6,0.0099230725,0.00058045937,0.00037353375
912.8,0.006278822,0.0010394186,0.00074768806
912.99994,0.0040621036,0.0015627183,0.0017488756
913.2,0.0038338897,0.002039705,0.0030685212
913.39996,0.0056394762,0.002377405,0.004370021
913.6,0.009090564,0.0024978546,0.0054269144
913.8,0.01343657,0.002351787,0.0060432917
914,0.01758257,0.0019453933,0.0060076416
914.19995,0.020325067,0.001366373,0.005251436
914.39996,0.020874588,0.0007798395,0.0039789337
914.6,0.019204251,0.00036399098,0.0025523424
914.7999,0.015881106,0.00022308694,0.0013146712
915,0.011711552,0.00035926886,0.0005448054
915.19995,0.0076266853,0.00070867734,0.00043479702
915.4,0.0046512745,0.0011734052,0.0010077214
915.6,0.0036126233,0.0016287711,0.0021133157
915.7999,0.0047550895,0.0019493717,0.0035216573
916,0.0076819034,0.0020615943,0.0049439725
916.19995,0.011603598,0.0019652806,0.0059968852
916.4,0.015570108,0.0017043804,0.006321888
916.6,0.01862458,0.001336237,0.0058185705
916.8,0.020012824,0.00092784653,0.004686109
917,0.019398905,0.000557957,0.0032504532
917.2,0.016933456,0.0003101246,0.0018505563
917.39996,0.0131950155,0.0002585274,0.00082694046
917.6,0.009085277,0.0004361345,0.0004381917
917.8,0.0056353053,0.0007978773,0.00074743317
917.99994,0.0037142069,0.0012352876,0.0016500268
918.2,0.0037931665,0.0016440463,0.0029528071
918.39996,0.0058587277,0.0019576973,0.004345497
918.6,0.009414529,0.002113251,0.0054048607
918.8,0.013576033,0.0020318944,0.0058090542
919,0.017330859,0.0016875914,0.0055359215
919.19995,0.019837825,0.0011801311,0.0047630602
919.39996,0.02054408,0.0006812074,0.0036657332
919.6,0.01919338,0.00032279792,0.0024168985
919.7999,0.015964862,0.00017679737,0.0012890338
920,0.011638284,0.0002916372,0.0005993613
920.19995,0.0074184043,0.00066487165,0.0005433193
920.4,0.0044416394,0.0011881603,0.0011320787
920.6,0.0034099645,0.001694655,0.0022172695
920.7999,0.0045309644,0.002061788,0.0034977633
921,0.0075397333,0.0022264847,0.0045940354
921.19995,0.01171865,0.0021420133,0.005232978
921.4,0.016067665,0.001796164,0.0053383247
921.6,0.019583847,0.0012720113,0.0049323244
921.8,0.021432139,0.0007289903,0.0040611653
922,0.021048307,0.00031159978,0.002875958
922.2,0.018374808,0.000104930674,0.00168503
922.39996,0.014077848,0.00015106834,0.0008172987
922.6,0.00936947,0.00044854113,0.00046315484
922.8,0.0055029057,0.00092697004,0.0006736222
922.99994,0.0034021316,0.0014585513,0.0014171294
923.2,0.0035618541,0.0019100914,0.002557563
923.39996,0.0059699863,0.002179473,0.0038202768
923.6,0.010010487,0.0022035516,0.004857255
923.8,0.014592132,0.001967134,0.0053752842
924,0.01852985,0.0015173403,0.0052327984
924.19995,0.020897208,0.00096442364,0.0044799605
924.39996,0.021197455,0.0004597252,0.0033358946
924.6,0.019422887,0.00014663606,0.002103603
924.7999,0.016019385,0.00010056558,0.0010802713
925,0.0117371,0.00031086252,0.0005031072
925.19995,0.0074891998,0.0007194205,0.00049483427
925.4,0.004287563,0.0012466526,0.0010151285
925.6,0.0030604694,0.0017646516,0.0018982696
925.7999,0.0042403694,0.0021008002,0.00294988
926,0.0074766604,0.0021425174,0.0039676656
926.19995,0.011852019,0.0019219331,0.0046962705
926.4,0.01634689,0.0015499841,0.0048874808
926.6,0.020038493,0.0011080543,0.0044764504
926.8,0.022061074,0.0006503365,0.003632111
927,0.021758415,0.00027668962,0.0025998582
927.2,0.019076645,0.00011654613,0.0015802446
927.39996,0.014739757,0.00021858544,0.00077969657
927.6,0.009941239,0.0005256906,0.00044556623
927.8,0.0058655255,0.00095613656,0.00072248396
927.99994,0.0034196242,0.0014402606,0.0015068247
928.2,0.0031542236,0.0018797324,0.0025288893
928.39996,0.005173109,0.0021425819,0.0035406176
928.6,0.009032248,0.002144989,0.004370417
928.8,0.01379243,0.0019048955,0.004863737
929,0.018274412,0.0015002249,0.0048710853
929.19995,0.02138055,0.0010212508,0.0043296623
929.39996,0.022342782,0.00057003635,0.003347254
929.6,0.020882891,0.0002547874,0.002194093
929.7999,0.017319229,0.00015730479,0.0011997151
930,0.0125559345,0.000316875,0.0006314927
930.19995,0.007845907,0.00072432,0.0006270887
930.4,0.0043880544,0.0012876617,0.0011764984
930.6,0.0029999192,0.0018299045,0.0021245114
930.7999,0.0040024966,0.0021879799,0.0032183556
931,0.007201286,0.0023043132,0.0042113974
931.19995,0.011850946,0.0021941147,0.004927878
931.4,0.016730173,0.001873967,0.0052203755
931.6,0.02049571,0.001377532,0.004939262
931.8,0.022180177,0.0008183103,0.004057389
932,0.021481525,0.00036370096,0.0028217821
932.2,0.018704174,0.00013629557,0.0016569847
932.39996,0.014540103,0.00017921423,0.00088955753
932.6,0.009903926,0.00048478,0.00063934264
932.8,0.005829377,0.0009889038,0.0009215732
932.99994,0.0033149084,0.0015505966,0.0017017114
933.2,0.0030614033,0.0020111136,0.0028167334
933.39996,0.005191752,0.0022814549,0.0039505623
933.6,0.009146506,0.0023323963,0.004772174
933.8,0.013877851,0.002132475,0.0050834813
934,0.018226426,0.0016709829,0.0048453184
934.19995,0.021218842,0.0010490755,0.0041435794
934.39996,0.022181265,0.00047643765,0.0031595393
934.6,0.020812757,0.00014236744,0.002126183
934.7999,0.017339133,0.00012092973,0.0012741706
935,0.012607492,0.00038427484,0.000795695
935.19995,0.007883683,0.0008442523,0.0008061529
935.4,0.0043999106,0.0013720362,0.0012958229
935.6,0.00297247,0.0018243298,0.0021294483
935.7999,0.003884413,0.0020862871,0.0031039903
936,0.006915298,0.0021001806,0.0039898125
936.19995,0.011364998,0.0018715346,0.0045514903
936.4,0.01613252,0.001465561,0.00462413
936.6,0.01998233,0.0009885543,0.004206111
936.8,0.021927191,0.0005515721,0.0034368108
937,0.021502867,0.00024170804,0.0024943661
937.2,0.018840237,0.00011637586,0.0015729391
937.39996,0.014608035,0.00020292542,0.0009158164
937.6,0.009866777,0.00048776233,0.0007342599
937.8,0.0057966807,0.00090779434,0.0010579522
937.99994,0.003366414,0.0013587225,0.0017466045
938.2,0.0031098898,0.0017177721,0.0026303292
938.39996,0.005061796,0.0018817646,0.0035400605
938.6,0.008758521,0.0018137338,0.0042374083
938.8,0.013288779,0.0015559881,0.004470216
939,0.01750469,0.001189456,0.0041604806
939.19995,0.020380348,0.00078909483,0.0034552678
939.39996,0.02129379,0.00042407063,0.0025751335
939.6,0.020088702,0.00017413835,0.0017031849
939.7999,0.01702939,0.00010842487,0.0010139511
940,0.0127836615,0.0002449992,0.000687142
940.19995,0.008359118,0.0005518208,0.0008245626
940.4,0.004876692,0.00097463466,0.0013847847
940.6,0.003242773,0.0014347335,0.0022106087
940.7999,0.0038840696,0.0018135934,0.003084644
941,0.0066307173,0.0019909525,0.0037797058
941.19995,0.01076958,0.0019183757,0.004125585
941.4,0.015271523,0.001635823,0.004055088
941.6,0.019097859,0.0012247828,0.0035905414
941.8,0.02141357,0.00077564624,0.0028238532
942,0.021672292,0.00038704564,0.0019292459
942.2,0.019713003,0.00015275928,0.0011432872
942.39996,0.015918877,0.00013231029,0.00067603687
942.6,0.011245492,0.0003425579,0.0006369139
942.8,0.006944149,0.0007613311,0.0010304262
942.99994,0.0041210577,0.0013071345,0.0017654337
943.2,0.0034345163,0.0018286556,0.0026602831
943.39996,0.0050275857,0.00216749,0.0034985289
943.6,0.008558175,0.0022471733,0.004105347
943.8,0.013223714,0.0020828727,0.004353829
944,0.017861353,0.0017265587,0.0041443245
944.19995,0.021239182,0.0012433329,0.0034708993
944.39996,0.022469765,0.00073232077,0.0025105695
944.6,0.021298435,0.00032293223,0.0015591229
944.7999,0.018102393,0.0001252837,0.0008655562
945,0.013690607,0.00019325931,0.00057316106
945.19995,0.009097123,0.0005235109,0.00075855415
945.4,0.005416384,0.0010466202,0.0014104461
945.6,0.0035898339,0.0016112088,0.0023719738
945.7999,0.004129921,0.0020316946,0.003396049
946,0.006916169,0.0021987516,0.0042630127
946.19995,0.011195894,0.002130305,0.004790806
946.4,0.01580764,0.0019028372,0.004796855
946.6,0.019548548,0.0015614234,0.0041920426
946.8,0.02153259,0.0011195046,0.00313
947,0.021373171,0.0006384603,0.0019613907
947.2,0.019164255,0.00026454814,0.0010258054
947.39996,0.015404147,0.0001402888,0.00054192584
947.6,0.010949245,0.00029597874,0.00062277564
947.8,0.0068842266,0.00066380034,0.0012486454
947.99994,0.004224726,0.0011603186,0.0022111908
948.2,0.003612635,0.0017015074,0.0031926755
948.39996,0.005194124,0.0021556402,0.003944671
948.6,0.008629881,0.0023582075,0.0043582376
948.8,0.013123202,0.0022247033,0.00439324
949,0.017547373,0.0018195906,0.004018926
949.19995,0.020767314,0.0012887096,0.0032515253
949.39996,0.021989198,0.00076485623,0.0022321232
949.6,0.020917015,0.00034924503,0.001239652
949.7999,0.017766133,0.00012334745,0.00058971444
950,0.013277052,0.00012973922,0.0004786041
950.19995,0.008628867,0.00035661104,0.0009009079
950.4,0.005091075,0.0007622216,0.0016961257
950.6,0.003569529,0.0012877391,0.0026417032
950.7999,0.004365636,0.00182085,0.0035077804
951,0.007211197,0.0021866767,0.0040945867
951.19995,0.011408333,0.0022441715,0.004280952
951.4,0.015981426,0.001995226,0.0040396433
951.6,0.019854967,0.0015600639,0.0034089112
951.8,0.022052754,0.0010670149,0.0024952965
952,0.021926772,0.00060410803,0.0015129739
952.2,0.019424945,0.0002492472,0.0007433591
952.39996,0.015227928,0.00008901127,0.00039871692
952.6,0.010517778,0.00018426694,0.0005493957
952.8,0.006491293,0.00052914326,0.0011628126
952.99994,0.0040339134,0.0010469772,0.002111844
953.2,0.0036812422,0.0016119536,0.003127066
953.39996,0.00557762,0.0020805148,0.0038722977
953.6,0.009305275,0.0023324843,0.0041598994
953.8,0.013885623,0.0023056243,0.004025653
954,0.018138887,0.0020046844,0.0035723913
954.19995,0.021083971,0.0014983189,0.0028491996
954.39996,0.022065016,0.0009149737,0.0019331964
954.6,0.020776164,0.00041596778,0.001040672
954.7999,0.017427715,0.00013682268,0.00044958768
955,0.012865447,0.00014026614,0.00033088517
955.19995,0.008328678,0.00041535875,0.0007077182
955.4,0.0049680285,0.0008991552,0.0015074348
955.6,0.003521338,0.0014884229,0.0025673897
955.7999,0.004260985,0.0020502193,0.003630147
956,0.0070126317,0.002447629,0.004420331
956.19995,0.011144761,0.0025695572,0.004743743
956.4,0.01564756,0.0023577667,0.0045156954
956.6,0.019388596,0.0018424203,0.003763175
956.8,0.0214406,0.0011651062,0.0026568195
957,0.021311319,0.00053817255,0.0015021623
957.2,0.019022577,0.00015103581,0.00062752166
957.39996,0.015099763,0.00010204926,0.00025257346
957.6,0.010498743,0.00039309135,0.00043919764
957.8,0.006396631,0.0009449922,0.0011131988
957.99994,0.0038309463,0.0016062396,0.0021080782
958.2,0.0033799603,0.0021861484,0.0032128952
958.39996,0.005093922,0.002526237,0.004204314
958.6,0.008604937,0.0025566246,0.004855577
958.8,0.013181464,0.0022937104,0.004973937
959,0.017731426,0.0018066963,0.004492886
959.19995,0.021011002,0.0012005512,0.0035336697
959.39996,0.022086103,0.00061427685,0.0023532766
959.6,0.020698996,0.00019877408,0.0012421819
959.7999,0.017276017,0.000067281726,0.00047009587
960,0.01271559,0.00025604264,0.0002520011
960.19995,0.008165252,0.000722773,0.00067309756
960.4,0.00476466,0.0013639722,0.0016287875
960.6,0.003327611,0.002024385,0.0028608139
960.7999,0.0041332506,0.0025144755,0.004050414
961,0.0069381716,0.002673451,0.00489754
961.19995,0.011081058,0.002456367,0.0051946584
961.4,0.015572999,0.0019589395,0.0048944256
961.6,0.019278128,0.0013460531,0.0041040685
961.8,0.021247394,0.0007649847,0.0030065002
962,0.021013957,0.00032367234,0.0018166497
962.2,0.018664973,0.00011104866,0.0008043004
962.39996,0.014759648,0.0001865764,0.00026435556
962.6,0.010228464,0.0005325896,0.0003736468
962.8,0.0062094503,0.0010438222,0.0010844953
962.99994,0.003747151,0.0015852366,0.0021867196
963.2,0.0034697086,0.0020494685,0.0034283253
963.39996,0.0054293144,0.0023572529,0.0045485166
963.6,0.00913149,0.002435125,0.005271575
963.8,0.013659268,0.0022312917,0.005380626
964,0.017860018,0.0017688428,0.0048373537
964.19995,0.020627696,0.0011697204,0.0038048741
964.39996,0.021236751,0.0006075421,0.002551355
964.6,0.0195725,0.00023079691,0.0013571143
964.7999,0.016124403,0.00012280793,0.000491292
965,0.01178301,0.00030653735,0.00018999368
965.19995,0.007600464,0.0007508914,0.00057646737
965.4,0.0045908517,0.0013564206,0.0015857555
965.6,0.0035026046,0.0019571292,0.0029839117
965.7999,0.004560983,0.0023785527,0.004451878
966,0.007382635,0.002518328,0.0056426777
966.19995,0.011193691,0.0023733792,0.0062243664
966.4,0.015133086,0.0020028874,0.0059906757
966.6,0.018356657,0.0014867419,0.004995328
966.8,0.020043971,0.00091968157,0.003546149
967,0.019618269,0.00042238543,0.0020409555
967.2,0.017120693,0.00013291076,0.00083046756
967.39996,0.01328803,0.00016455507,0.00019797245
967.6,0.0091751125,0.0005434763,0.0003251046
967.8,0.0057323556,0.0011656982,0.0011721654
967.99994,0.0036841845,0.0018270371,0.0024507316
968.2,0.0035412514,0.002327816,0.0038087638
968.39996,0.005466479,0.0025622565,0.0050092954
968.6,0.009078553,0.00251591,0.0058838623
968.8,0.013470715,0.0022134036,0.006202947
969,0.017487882,0.0017040047,0.0057417476
969.19995,0.020071086,0.0010887173,0.004528347
969.39996,0.02054277,0.0005204203,0.0029378815
969.6,0.018797137,0.00015251686,0.0014709091
969.7999,0.015325535,0.00008533731,0.00048892153
970,0.011040587,0.00034090906,0.00015992267
970.19995,0.0070077423,0.00084973796,0.0005219805
970.4,0.0042029303,0.0014619975,0.0014952422
970.6,0.0033089702,0.002012968,0.0028599347
970.7999,0.0045562186,0.002395024,0.004299641
971,0.0076739616,0.0025558106,0.005493169
971.19995,0.011961794,0.0024484806,0.006173331
971.4,0.016409015,0.0020413864,0.0061604274
971.6,0.019869484,0.0014041828,0.0054251687
971.8,0.021373425,0.00073594926,0.004143287
972,0.020493867,0.00025280457,0.0026498209
972.2,0.017505411,0.00006451886,0.0013092858
972.39996,0.013227797,0.00017650478,0.000422732
972.6,0.00873949,0.0005526489,0.00020937856
972.8,0.0051348973,0.0011233739,0.0007753812
972.99994,0.0032939422,0.0017534548,0.0020273046
973.2,0.0036446252,0.0022622824,0.0036424985
973.39996,0.0060519204,0.0025046947,0.005194518
973.6,0.009901893,0.0024271887,0.006324359
973.8,0.014260157,0.002066055,0.0067976043
974,0.018025484,0.0015259477,0.006484902
974.19995,0.020182708,0.0009512998,0.0054072146
974.39996,0.020169765,0.00047698308,0.003820427
974.6,0.018092303,0.00019013965,0.0021665143
974.7999,0.014579193,0.00013957576,0.000878708
975,0.010467692,0.00035690443,0.00023940479
975.19995,0.006626968,0.0008256281,0.0003822061
975.4,0.0039116954,0.0014270451,0.0013085052
975.6,0.0030240275,0.0019714725,0.0028301014
975.7999,0.004256798,0.002315709,0.004552947
976,0.007344675,0.002421097,0.0060118646
976.19995,0.011549829,0.0022963649,0.0068497006
976.4,0.015863186,0.0019432079,0.0068904506
976.6,0.019213771,0.0013964522,0.0061373627
976.8,0.020722548,0.0007889607,0.0047796103
977,0.01998703,0.0003161856,0.003162326
977.2,0.017225128,0.00011950413,0.0016709226
977.39996,0.013169026,0.00022728083,0.0006197521
977.6,0.008817994,0.0005901732,0.0002345001
977.8,0.0052071987,0.001121454,0.0006552336
977.99994,0.0032101625,0.0016978985,0.0018577538
978.2,0.0033405402,0.002167903,0.0035693063
978.39996,0.0056039095,0.002400803,0.0053371084
978.6,0.009481443,0.0023389866,0.0067150104
978.8,0.0140398145,0.0020088507,0.007387215
979,0.018122438,0.0015023733,0.007190265
979.19995,0.020628499,0.000949887,0.0061408943
979.39996,0.020863665,0.00048081277,0.004487321
979.6,0.018800264,0.00018667585,0.0026707347
979.7999,0.015054711,0.00012115986,0.0011673264
980,0.01061044,0.00032341242,0.0003339892
980.19995,0.006516399,0.0007988593,0.0003461627
980.4,0.0037059556,0.0014491264,0.001188938
980.6,0.0028564604,0.0020619063,0.0026604242
980.7999,0.0041910084,0.0024366125,0.004410072
981,0.0073316703,0.002511026,0.0060171154
981.19995,0.011400177,0.0023294697,0.0070745307
981.4,0.015344939,0.0019329599,0.0072825965
981.6,0.018254843,0.0013531648,0.006567665
981.8,0.019505527,0.000711077,0.0051463437
982,0.018803032,0.00023201703,0.0034299733
982.2,0.016235095,0.000092970746,0.001836287
982.39996,0.012328595,0.00029724758,0.0006871326
982.6,0.008024439,0.0007290952,0.00022241943
982.8,0.0044775065,0.0012620722,0.00058651547
982.99994,0.002677557,0.0017803367,0.0017235428
983.2,0.0030660757,0.0021567852,0.0033285718
983.39996,0.005428301,0.0022835834,0.0049750456
983.6,0.009116946,0.0021328237,0.006288498
983.8,0.013323807,0.0017594318,0.006998593
984,0.017154409,0.0012572275,0.0069274763
984.19995,0.019648125,0.00073859433,0.0060498007
984.39996,0.02003119,0.00032857992,0.004573563
984.6,0.018117893,0.00012449388,0.002888282
984.7999,0.014447804,0.00015353471,0.0014044399
985,0.010023957,0.00039130572,0.00045159832
985.19995,0.005954423,0.0008037168,0.00026378638
985.4,0.0032231752,0.0013304995,0.0009327214
985.6,0.002510428,0.0018313049,0.0023186621
985.7999,0.0040130224,0.0021149202,0.0040643685
986,0.0073938426,0.0020770733,0.0057472
986.19995,0.011889847,0.0017782215,0.007004223
986.4,0.016441448,0.0013582557,0.0075443434
986.6,0.019854177,0.0009205998,0.0071748164
986.8,0.02114717,0.00052158796,0.0059282184
987,0.01997202,0.00022837069,0.004139718
987.2,0.016723756,0.00013196866,0.0023166419
987.39996,0.0122775175,0.0002809838,0.00091732806
987.6,0.0076948274,0.00062488054,0.00024937445
987.8,0.0040745344,0.0010466469,0.00047593733
987.99994,0.0023566624,0.0014377859,0.0015877897
988.2,0.003006073,0.0017311617,0.0033446322
988.39996,0.005843213,0.0018842891,0.005314829
988.6,0.010167255,0.0018603189,0.007016698
988.8,0.014955283,0.0016397103,0.008031134
989,0.019005196,0.0012531144,0.008064914
989.19995,0.021200528,0.00079688244,0.007057126
989.39996,0.020936748,0.00040328392,0.0052795345
989.6,0.018366748,0.00018328635,0.0032546725
989.7999,0.014235757,0.00018932564,0.0015119686
990,0.009554377,0.00041804617,0.00042515612
990.19995,0.005403285,0.000823947,0.00022089646
990.4,0.0027913637,0.0013181942,0.0009895796
990.6,0.0024022672,0.0017735788,0.0025981213
990.7999,0.0043507107,0.0020642506,0.0046540727
991,0.008161101,0.002115931,0.006645776
991.19995,0.012922347,0.0019188983,0.008113586
991.4,0.017462315,0.0015147566,0.00870052
991.6,0.020579396,0.0009988716,0.00818928
991.8,0.021419907,0.0005189596,0.0066436254
992,0.019818638,0.0002186001,0.0044934885
992.2,0.016305774,0.00016486271,0.0023667344
992.39996,0.0118040955,0.0003496959,0.0008100195
992.6,0.0073331157,0.0007411813,0.00016203796
992.8,0.0038854708,0.001280361,0.0005572259
992.99994,0.0023182547,0.0018238344,0.001892656
993.2,0.003097408,0.002166512,0.003796578
993.39996,0.0060336785,0.0021867263,0.0057486244
993.6,0.010294745,0.0019298054,0.00728202
993.8,0.014729339,0.0015175531,0.008072447
994,0.01825031,0.0010414455,0.007928614
994.19995,0.020072684,0.000578696,0.006841924
994.39996,0.019821338,0.0002455668,0.0050719227
994.6,0.01757582,0.00015383397,0.003092596
994.7999,0.013847006,0.00032147724,0.0013970851
995,0.009480082,0.0006755956,0.0003498338
995.19995,0.005512756,0.0011193685,0.00015964819
995.4,0.0029662028,0.0015528323,0.00087081525
995.6,0.0025433947,0.00186248,0.0023258862
995.7999,0.0043682735,0.0019548372,0.004177091
996,0.007968568,0.0018099595,0.0059784832
996.19995,0.012471259,0.0014802356,0.007293393
996.4,0.016794713,0.001052119,0.007786847
996.6,0.019817812,0.00062754215,0.007325302
996.8,0.020695724,0.00030696427,0.0060412344
997,0.019228833,0.0001514901,0.0042816903
997.2,0.01591431,0.00017589497,0.0024729064
997.39996,0.011627486,0.00039009674,0.0010129887
997.6,0.0073296726,0.0008017735,0.00022165601
997.8,0.004005899,0.0013313737,0.00029116857
997.99994,0.0025510872,0.001777094,0.0012338237
998.2,0.003419751,0.001967962,0.0028772682
998.39996,0.006371395,0.0019150138,0.004900562
998.6,0.010619128,0.0017282721,0.006861462
998.8,0.01513894,0.0014491135,0.008244915
999,0.018834373,0.0010472422,0.008614188
999.19995,0.020711863,0.0005728512,0.00782125
999.39996,0.020250423,0.00021339662,0.006098236
999.6,0.017660856,0.00012912613,0.0039450224
999.7999,0.013697745,0.00032178636,0.00192998
1000,0.009277099,0.0007075317,0.0005402248
1000.19995,0.0053273663,0.0012085501,0.00009426672
1000.4,0.002780565,0.0017286391,0.00068315497
1000.6,0.0023508833,0.002120774,0.0021565952
1000.7999,0.004182918,0.0022583767,0.0041717784
1001,0.007776994,0.0021196632,0.006270527
1001.19995,0.012235676,0.0017608291,0.0079558585
1001.4,0.016513752,0.0012524874,0.008792803
1001.6,0.019578923,0.0006942229,0.008543725
1001.8,0.020648204,0.00025018174,0.007263594
1002,0.019459955,0.000086638094,0.0052796826
1002.2,0.016333899,0.00026106258,0.0030838642
1002.39996,0.01200587,0.0007071303,0.0012220258
1002.6,0.0074680243,0.0013008883,0.00018287309
1002.8,0.00384745,0.0018924593,0.000244983
1002.99994,0.0021370694,0.0023075307,0.0013527665
1003.2,0.0028191148,0.0024033291,0.0031631584
1003.39996,0.0056976085,0.0021564625,0.005235384
1003.6,0.010043479,0.0016695809,0.0071561467
1003.8,0.014822008,0.0010912197,0.008517171
1004,0.018876009,0.0005552775,0.008914242
1004.19995,0.021178696,0.00017764099,0.008126409
1004.39996,0.02115213,0.000049512382,0.006333822
1004.6,0.018823072,0.0002005682,0.004083841
1004.7999,0.014738901,0.0005815397,0.0020063124
1005,0.009840883,0.0010908686,0.0005802049
1005.19995,0.005364558,0.0016058865,0.000097382814
1005.4,0.0025603916,0.0019996068,0.0006778303
1005.6,0.0022036678,0.0021711465,0.0022108112
1005.7999,0.004281841,0.002086627,0.0043125986
1006,0.008131202,0.0017827369,0.0064265253
1006.19995,0.012770378,0.0013300596,0.008010926
1006.4,0.017104086,0.00081381365,0.008681066
1006.6,0.020067984,0.00035040078,0.008281361
1006.8,0.020899171,0.00008107362,0.006923943
1007,0.01940328,0.0001064715,0.0049642976
1007.2,0.01597186,0.00042620246,0.002886652
1007.39996,0.011412397,0.0009479135,0.0011711216
1007.6,0.006798634,0.001534379,0.00021966902
1007.8,0.0032973303,0.0020402444,0.00029731655
1007.99994,0.001824382,0.0023466214,0.0014241751
1008.2,0.0026987707,0.0023963975,0.003301262
1008.39996,0.0056003863,0.0021948025,0.0054113516
1008.6,0.009780836,0.001778793,0.007243857
1008.8,0.014244202,0.0012140621,0.008432509
1009,0.01788439,0.00062824547,0.0087371925
1009.19995,0.019766303,0.00019885665,0.008025946
1009.39996,0.019460957,0.00006095551,0.00637796
1009.6,0.017125243,0.00024268791,0.0041896086
1009.7999,0.013320517,0.0007000834,0.0020809968
1010,0.008870231,0.0013593863,0.00062815176
1010.19995,0.00481893,0.0020877132,0.00015760932
1010.4,0.0022351062,0.002670459,0.00072716887
1010.6,0.0018156766,0.0029029073,0.0021920756
1010.7999,0.0036339918,0.0027220636,0.0042442647
1011,0.0072201234,0.0022139628,0.006440771
1011.19995,0.0117446035,0.0015222029,0.0082760155
1011.4,0.016122097,0.000805965,0.009291316
1011.6,0.019187622,0.0002547954,0.009189938
1011.8,0.020072145,0.00004436527,0.007945903
1012,0.018554114,0.00022700176,0.0058657518
1012.2,0.015104359,0.0006993435,0.0035186925
1012.39996,0.01065676,0.0012941997,0.0015288036
1012.6,0.0063133813,0.001871237,0.0003606988
1012.8,0.0030838097,0.0023228102,0.0002321815
1012.99994,0.0016772468,0.0025499314,0.0011392615
1013.2,0.00238431,0.0024795572,0.0028915259
1013.39996,0.0050436496,0.0021131765,0.0051160175
1013.6,0.009047766,0.0015454902,0.007282922
1013.8,0.0134234615,0.00092784746,0.008819518
1014,0.017064039,0.00041214307,0.009302975
1014.19995,0.019045783,0.000117608666,0.008626687
1014.39996,0.018863011,0.00012309909,0.007020481
1014.6,0.016538855,0.0004539881,0.004918637
1014.7999,0.012658319,0.0010451722,0.0028000223
1015,0.0082519725,0.0017231045,0.0011072111
1015.19995,0.004452099,0.0022729537,0.00021801931
1015.4,0.0021168557,0.002555581,0.00037724158
1015.6,0.0016986604,0.00255033,0.0015888197
1015.7999,0.0032970242,0.0022944384,0.0035739653
1016,0.0066222763,0.0018266197,0.0058495468
1016.19995,0.010889225,0.001214933,0.007859322
1016.4,0.014960856,0.00060853,0.009096059
1016.6,0.017787518,0.00019484924,0.009232532
1016.8,0.018743526,0.00008301644,0.008243857
1017,0.017637212,0.000262069,0.0064167087
1017.2,0.01465935,0.0006673598,0.00421499
1017.39996,0.010473627,0.0012345167,0.002131714
1017.6,0.0061892928,0.0018725195,0.00063704775
1017.8,0.0029735188,0.002426329,0.00014220932
1017.99994,0.001593771,0.0027195532,0.0008567806
1018.2,0.002293917,0.002648968,0.002619604
1018.39996,0.004900181,0.002231351,0.004922593
1018.6,0.008835914,0.0015833715,0.0071457154
1018.8,0.01310952,0.00088493666,0.0087755155
1019,0.016564643,0.0003332562,0.009469541
1019.19995,0.01831454,0.00006939348,0.009062214
1019.39996,0.017985038,0.00012502828,0.00761499
1019.6,0.015683781,0.000447178,0.0054578595
1019.7999,0.011939456,0.0009576158,0.0031273928
1020,0.007667047,0.0015646527,0.0012159266
1020.19995,0.003964723,0.0021317962,0.000207086
1020.4,0.0017524571,0.0024876727,0.00034418266
1020.6,0.0015292761,0.0025144538,0.0015666073
1020.7999,0.0033442625,0.0022251734,0.0035464575
1021,0.006798225,0.0017336404,0.005791599
1021.19995,0.01103098,0.0011651037,0.007747962
1021.4,0.014899925,0.00062001613,0.008908358
1021.6,0.017386695,0.00020502339,0.008967976
1021.8,0.017930046,0.00004688559,0.007949844
1022,0.016478948,0.00023137523,0.006165989
1022.2,0.0134015195,0.0007275071,0.004053545
1022.39996,0.009410427,0.0013944067,0.0020615254
1022.6,0.005455288,0.0020566552,0.0006274378
1022.8,0.0025150012,0.0025585413,0.00010952131
1022.99994,0.0013544661,0.0027772265,0.00063887815
1023.2,0.0023101068,0.0026431545,0.0020486119
1023.39996,0.0051311525,0.0021790226,0.003966457
1023.6,0.008999225,0.0015088948,0.0059431833
1023.8,0.012832276,0.00081444904,0.007515931
1023.99994,0.015684295,0.0002778668,0.008283983
1024.2,0.0169363,0.00004359966,0.008047659
1024.3999,0.016301895,0.00018410098,0.0068901423
1024.6,0.013888986,0.00066501845,0.005113263
1024.7999,0.010293711,0.0013478795,0.0031252415
1025,0.006458348,0.0020458384,0.0013779888
1025.2,0.0033049444,0.0025868723,0.000296099
1025.4,0.0014934283,0.0028447476,0.00014901915
1025.6,0.0014194627,0.002752999,0.00096021267
1025.7999,0.0031863062,0.0023249842,0.0025260458
1026,0.0064302133,0.0016640561,0.004475647
1026.2,0.010280394,0.00094197807,0.006327611
1026.4,0.013669803,0.00035240437,0.0076098167
1026.6,0.015747573,0.000058373953,0.0080280965
1026.8,0.016063461,0.00014310484,0.007531619
1027,0.014570371,0.00058034976,0.0062412643
1027.2,0.011628218,0.001245878,0.004403644
1027.4,0.007966925,0.0019649623,0.0024299256
1027.6,0.004494476,0.0025622337,0.00085304264
1027.8,0.0020389552,0.0028951662,0.00011333755
1028,0.0011758319,0.0028799782,0.00037730206
1028.2,0.0021261133,0.0025124587,0.0015584212
1028.3999,0.004670322,0.0018746917,0.003404207
1028.6,0.008159708,0.0011244175,0.005501417
1028.7999,0.011704968,0.00046470168,0.0073080766
1029,0.01443824,0.00008279763,0.008336502
1029.2,0.015702505,0.00007521621,0.008345067
1029.3999,0.015172937,0.00041927482,0.0073547475
1029.6,0.012959583,0.0010161493,0.0055792634
1029.7999,0.009620476,0.0017410836,0.0034268133
1030,0.00600171,0.0024409974,0.0014775167
1030.2,0.0029766448,0.0029245103,0.00028744325
1030.4,0.001236989,0.0030265148,0.00015005292
1030.6,0.0011778963,0.002713576,0.0010424447
1030.7999,0.002826048,0.002102225,0.002713819
1031,0.005804384,0.0013707218,0.0047481074
1031.2,0.009389162,0.00068361213,0.0066239983
1031.4,0.0126840025,0.00019043217,0.007872637
1031.6,0.014861971,0.000027450396,0.0082392655
1031.8,0.015386647,0.00026019884,0.007690911
1032,0.014137066,0.00082456076,0.0063366704
1032.2,0.011417645,0.0015521605,0.0044286205
1032.4,0.007884831,0.0022518644,0.002406753
1032.6,0.0044105733,0.0027631791,0.0008131669
1032.8,0.0018667541,0.0029706638,0.000082349434
1033,0.00086792867,0.0028204285,0.00040187076
1033.2,0.0016041471,0.002343553,0.001706833
1033.3999,0.0038532284,0.0016559128,0.0037015446
1033.6,0.0070960727,0.0009267108,0.0058870404
1033.7999,0.010611757,0.00033660748,0.007684256
1034,0.01356627,0.0000391615,0.008631203
1034.2,0.015189891,0.00012043915,0.008508802
1034.3999,0.01502206,0.00056254753,0.007355662
1034.6,0.013076571,0.0012374826,0.005452771
1034.7999,0.009839879,0.0019515358,0.0032849421
1035,0.006145606,0.0025222113,0.0014102405
1035.2,0.0029681155,0.0028361685,0.0002817548
1035.4,0.0011442162,0.002851319,0.0001496427
1035.6,0.001106698,0.0025670407,0.0010509002
1035.7999,0.002782001,0.0020197497,0.0027911202
1036,0.0056849546,0.0013145873,0.0049252473
1036.2,0.009081135,0.00063163403,0.006853805
1036.4,0.012126134,0.00016132552,0.008044351
1036.6,0.014037461,0.000023445597,0.0082223
1036.8,0.014332944,0.0002475094,0.007413332
1037,0.013000515,0.0007947915,0.005869468
1037.2,0.010445851,0.0015572585,0.0039623305
1037.4,0.0072836466,0.0023485282,0.0020996362
1037.6,0.0041809073,0.0029552195,0.0006858221
1037.8,0.0018161584,0.003231604,0.00008242178
1038,0.00080422,0.0031377894,0.0004930623
1038.2,0.0014741297,0.0027041668,0.0018218801
1038.3999,0.0036546455,0.0020089932,0.0036837787
1038.6,0.0067210235,0.0012018172,0.0055979667
1038.7999,0.0098835165,0.0004965245,0.007153061
1039,0.012435471,0.000090597845,0.008018199
1039.2,0.013822616,0.00008601291,0.007944441
1039.3999,0.013681421,0.00048237445,0.0068871775
1039.6,0.011977805,0.0012030613,0.005111167
1039.7999,0.009114532,0.002103474,0.0030985607
1040,0.0058210716,0.0029850102,0.0013532913
1040.2,0.0029009846,0.003640971,0.000285364
1040.4,0.0010513873,0.0039030209,0.00015051862
1040.6,0.00076694216,0.003671356,0.0009657674
1040.7999,0.0021884015,0.0029626365,0.002499917
1041,0.0049521504,0.0019594799,0.004406119
1041.2,0.0082845315,0.0009679605,0.0063202255
1041.4,0.011343587,0.00027441196,0.0078120288
1041.6,0.013483309,0.000040970284,0.00840016
1041.8,0.0142676355,0.00031256463,0.0078181
1042,0.013443074,0.0010396746,0.0062652235
1042.2,0.011078397,0.0020485977,0.0042702705
1042.4,0.0077226255,0.0030478276,0.0023442607
1042.6,0.0042955847,0.0037488446,0.00085715373
1042.8,0.0017240164,0.003997219,0.0001228444
1043,0.0006230645,0.0037798185,0.0003706279
1043.2,0.0011973744,0.0031578052,0.0015646388
1043.3999,0.003282123,0.0022512597,0.003359156
1043.6,0.006406387,0.0012680432,0.005279138
1043.7999,0.009860432,0.00047172542,0.0068885875
1044,0.012808968,0.00007223657,0.007836883
1044.2,0.0144859245,0.0001447768,0.007905138
1044.3999,0.014438642,0.000643136,0.0070810798
1044.6,0.012691661,0.0014549799,0.005554713
1044.7999,0.009712935,0.0024223165,0.0036489384
1045,0.006236108,0.0033238523,0.0017915617
1045.2,0.0030900554,0.003892996,0.0004775867
1045.4,0.0010588791,0.003930395,0.0000979571
1045.6,0.00068612257,0.0034350334,0.0007410811
1045.7999,0.0020732372,0.00259991,0.0021884374
1046,0.0048527606,0.0016702625,0.0040645283
1046.2,0.008350048,0.0008364965,0.00594005
1046.4,0.011746139,0.00025058573,0.0073779044
1046.6,0.014184145,0.000060510352,0.008030016
1046.8,0.014967191,0.00035133917,0.0077435016
1047,0.0138535295,0.0010634586,0.0065728
1047.2,0.011184456,0.0020190468,0.0047524786
1047.4,0.0077004945,0.003009054,0.0027100726
1047.6,0.0042588175,0.003810966,0.0010084669
1047.8,0.0016669447,0.0041789543,0.00012920413
1048,0.00056090165,0.00394182,0.00027829708
1048.2,0.0012175208,0.003155612,0.001388536
1048.3999,0.0034282943,0.0020998318,0.0031942872
1048.6,0.006587413,0.0010987421,0.005242108
1048.7999,0.009900676,0.00037993857,0.0069622085
1049,0.012554537,0.000071124785,0.007895291
1049.2,0.013870997,0.00023473377,0.007863376
1049.3999,0.013512361,0.0008531105,0.006920934
1049.6,0.011614023,0.001796496,0.005267426
1049.7999,0.0086982865,0.0028299578,0.003274239
1050,0.0054616174,0.0036674857,0.0014632543
1050.2,0.0026275888,0.004063662,0.00030849982
1050.4,0.0008658859,0.0039126934,0.000067926994
1050.6,0.00064799737,0.0032844367,0.0008001238
1050.7999,0.0020533942,0.002367607,0.002380338
1051,0.004705267,0.0013897433,0.004407405
1051.2,0.007915938,0.0005761861,0.006255751
1051.4,0.010911987,0.000121896024,0.0074074646
1051.6,0.012996033,0.0001445348,0.0076952777
1051.8,0.013653991,0.0006521902,0.0071802093
1052,0.012678807,0.0015431067,0.005957264
1052.2,0.01028315,0.0026047225,0.004201641
1052.4,0.007082542,0.003533825,0.002300809
1052.6,0.0039034719,0.004050414,0.00077698793
1052.8,0.0015306275,0.004044972,0.00006000425
1053,0.0005332737,0.003589809,0.00034626285
1053.2,0.0011729172,0.002819829,0.0015540684
1053.3999,0.0033236775,0.0018711424,0.0033224423
1053.6,0.006443104,0.0009355951,0.0051523205
1053.7999,0.009708096,0.00027285263,0.00665096
1054,0.012291124,0.00008713484,0.0076056025
1054.2,0.01358912,0.00041915284,0.007843922
1054.3999,0.013311477,0.0011763187,0.0071915695
1054.6,0.011511231,0.0021917783,0.005678071
1054.7999,0.008610226,0.003221868,0.0036900651
1055,0.005330989,0.0039799153,0.0017954052
1055.2,0.0024922395,0.004262845,0.00047055373
1055.4,0.00078699377,0.004034671,0.000034013698
1055.6,0.00063567865,0.003379151,0.0006584428
1055.7999,0.0020839612,0.0024369573,0.002265165
1056,0.004755425,0.0014128134,0.004455189
1056.2,0.007962894,0.00056671834,0.0066686426
1056.4,0.010947912,0.0001258892,0.008400101
1056.6,0.013050367,0.00020646573,0.00926002
1056.8,0.013752254,0.0008050327,0.008997781
1057,0.012772242,0.0017957066,0.007619867
1057.2,0.010273152,0.0029244095,0.0054651364
1057.4,0.0069335755,0.0038875374,0.00309868
1057.6,0.0036889117,0.0044615828,0.0011369855
1057.8,0.0013510075,0.004537254,0.00010801714
1058,0.00041959225,0.004074635,0.00029161747
1058.2,0.0010811582,0.0031336073,0.0015964943
1058.3999,0.0032083113,0.0019532435,0.003648135
1058.6,0.006332673,0.00088992296,0.005995224
1058.7999,0.009705166,0.0002310274,0.00816289
1059,0.012472839,0.0001139839,0.0095969755
1059.2,0.013902208,0.0005770248,0.009801685
1059.3999,0.013594553,0.001557211,0.008659487
1059.6,0.011632568,0.002818867,0.0065363455
1059.7999,0.008561555,0.0039978097,0.0040473547
1060,0.0051905117,0.0047769225,0.0018113079
1060.2,0.0023386555,0.004981641,0.00036434658
1060.4,0.00065155036,0.0045563364,0.00006671416
1060.6,0.00049818424,0.0035827109,0.0009662556
1060.7999,0.0019209407,0.0023287314,0.0028027734
1061,0.0046296855,0.0011589295,0.0051408173
1061.2,0.008026109,0.00035603205,0.0074337665
1061.4,0.011271178,0.000068498935,0.009064015
1061.6,0.0134824645,0.0003669278,0.009553595
1061.8,0.0140642,0.0012241484,0.008817059
1062,0.012940969,0.0024346518,0.007135527
1062.2,0.010487729,0.003664679,0.004926984
1062.4,0.007299104,0.0046202065,0.002652403
1062.6,0.0040684603,0.0051176473,0.00085350114
1062.8,0.0015605979,0.0050402903,0.000035822366
1063,0.00046170078,0.004355762,0.00041239097
1063.2,0.0011140668,0.003205294,0.001836595
1063.3999,0.0033788446,0.0018987868,0.003959507
1063.6,0.006701868,0.00078652415,0.006325939
1063.7999,0.010240825,0.00015014278,0.008364153
1064,0.013039353,0.00015556559,0.009503762
1064.2,0.014342903,0.00080724276,0.009437966
1064.3999,0.013897689,0.0019357406,0.008242686
1064.6,0.011940356,0.0032703858,0.0062520993
1064.7999,0.008956512,0.004514072,0.003915628
1065,0.005559991,0.005355297,0.0017634904
1065.2,0.0025307976,0.0055258987,0.0003466766
1065.4,0.00069100125,0.0049598734,0.00006316616
1065.6,0.0005427382,0.0038602843,0.0009925582
1065.7999,0.0020506147,0.0025492506,0.0028728247
1066,0.0047836737,0.0013086059,0.005211202
1066.2,0.008130016,0.00039529792,0.0074514835
1066.4,0.011345295,0.000082410326,0.009112588
1066.6,0.013615762,0.0005283231,0.009839811
1066.8,0.014323683,0.0016120106,0.0094157355
1067,0.013313415,0.0029952545,0.007843407
1067.2,0.010884732,0.0043224273,0.0054720356
1067.4,0.0076147323,0.0053022006,0.0029592647
1067.6,0.004250364,0.005693118,0.0010023746
1067.8,0.0016307395,0.0053593973,0.00006961747
1068,0.00046744934,0.004370472,0.0003344378
1068.2,0.0010715044,0.0029988105,0.0017304047
1068.3999,0.0032726254,0.0016122669,0.0039692847
1068.6,0.006538625,0.00056119135,0.0065369643
1068.7999,0.010110516,0.00009339849,0.008779959
1069,0.013120944,0.00030284992,0.010102564
1069.2,0.014801629,0.0011422308,0.010173496
1069.3999,0.014734686,0.0024622683,0.009018998
1069.6,0.012960638,0.0040001106,0.0069598267
1069.7999,0.009907612,0.005365906,0.0044775438
1070,0.006286375,0.0061590145,0.0021294304
1070.2,0.0029948405,0.006162841,0.00049666595
1070.4,0.00091851625,0.0054057045,0.000042833202
1070.6,0.00062871637,0.0040730173,0.00091261545
1070.7999,0.0021848236,0.0024642618,0.0028817686
1071,0.0051678657,0.0010157381,0.005497518
1071.2,0.008831609,0.00019174888,0.0081856325
1071.4,0.012253816,0.00023233445,0.010253466
1071.6,0.014543696,0.0010404282,0.011028629
1071.8,0.015129311,0.002325143,0.0102212
1072,0.013941428,0.0037738103,0.0081413565
1072.2,0.01134114,0.005087245,0.005476892
1072.4,0.007926567,0.005969898,0.0029132997
1072.6,0.004436427,0.0061877556,0.0009798775
1072.8,0.0017045272,0.0056576505,0.00006757921
1073,0.00046488646,0.0044880654,0.00038988472
1073.2,0.0010469037,0.0029636226,0.0018970019
1073.3999,0.0032526734,0.0014841151,0.004269698
1073.6,0.0065126256,0.0004476841,0.006963831
1073.7999,0.010084097,0.00011426007,0.009263357
1074,0.013136708,0.0005321503,0.010466498
1074.2,0.014870679,0.001557092,0.010220998
1074.3999,0.014789721,0.0029195154,0.008702738
1074.6,0.012938073,0.00429791,0.006428452
1074.7999,0.009852276,0.005383307,0.0039552045
1075,0.006303367,0.0059266347,0.0017775123
1075.2,0.003089655,0.0057761846,0.00035883125
1075.4,0.00094273046,0.0049279607,0.000071363174
1075.6,0.0004099018,0.0035730444,0.0010384407
1075.7999,0.0016730218,0.0020750524,0.0030513857
1076,0.004440806,0.0008456368,0.005622252
1076.2,0.008025076,0.00018814791,0.0081026675
1076.4,0.011545616,0.00021979175,0.009844611
1076.6,0.014149153,0.00090303295,0.010399664
1076.8,0.015194016,0.0021075571,0.009660414
1077,0.014398884,0.003609041,0.007852538
1077.2,0.011938448,0.0050465674,0.0054235393
1077.4,0.008433664,0.0059822933,0.0029336894
1077.6,0.0047923834,0.006119984,0.00097177736
1077.8,0.0019328294,0.005478328,0.000052870073
1078,0.00052044215,0.0043098764,0.0004779502
1078.2,0.00084179343,0.0028998302,0.0021947727
1078.3999,0.0028031685,0.001515631,0.0047517326
1078.6,0.0059566344,0.00048505797,0.007430655
1078.7999,0.009538179,0.0001489707,0.009519019
1079,0.012613072,0.00064334186,0.010541935
1079.2,0.014362554,0.0017935379,0.010324284
1079.3999,0.014367694,0.003258951,0.00893982
1079.6,0.0127054965,0.0046996754,0.00667197
1079.7999,0.009838937,0.0058025643,0.0040134033
1080,0.006441744,0.0062895925,0.0016315172
1080.2,0.003271161,0.0060112863,0.00021854226
1080.4,0.0010668626,0.0050256513,0.00022669115
1080.6,0.00040141697,0.003573258,0.0016319447
1080.7999,0.0014931324,0.0020133026,0.00394389
1081,0.0040983534,0.0007597947,0.006485581
1081.2,0.0075682527,0.00016014974,0.0086757075
1081.4,0.01102518,0.0003542918,0.010090092
1081.6,0.013573942,0.0012504313,0.010408432
1081.8,0.014535522,0.0026055367,0.009472994
1082,0.013674999,0.0040758904,0.007444049
1082.2,0.011281422,0.005248202,0.0048300014
1082.4,0.008010324,0.0057724635,0.0023187199
1082.6,0.0046357694,0.005535172,0.0005683007
1082.8,0.0019105638,0.0046719434,0.000050199895
1083,0.00049689575,0.003432576,0.00090173876
1083.2,0.0007998104,0.0020920692,0.002842838
1083.3999,0.0027534643,0.0009456133,0.005301261
1083.6,0.0058137993,0.00026077215,0.007677624
1083.7999,0.009201605,0.00017691469,0.009499321
1084,0.012141807,0.00067700073,0.010401577
1084.2,0.01395926,0.0016377338,0.010121451
1084.3999,0.014173016,0.0028462983,0.008619563
1084.6,0.0126793375,0.003992075,0.006210298
1084.7999,0.009855419,0.0047491607,0.003528189
1085,0.006430031,0.004926863,0.0013156693
1085.2,0.0032416647,0.0045237397,0.0001541214
1085.4,0.0010628384,0.0036591133,0.00028013973
1085.6,0.0004616545,0.0025202085,0.0015780438
1085.7999,0.0016227309,0.0013692112,0.003708863
1086,0.004235577,0.0005042578,0.0062177093
1086.2,0.0076026856,0.00014151457,0.008543938
1086.4,0.010894441,0.00033658888,0.010066578
1086.6,0.013349862,0.001010716,0.010320673
1086.8,0.014380375,0.0020014644,0.009247904
1087,0.013685467,0.0030774197,0.007206442
1087.2,0.011395118,0.0039659413,0.0047438894
1087.4,0.0080967685,0.00443522,0.0024062775
1087.6,0.004653067,0.004372858,0.0007013238
1087.8,0.0019198711,0.0037995821,0.00005456527
1088,0.00053659116,0.0028467497,0.00064423436
1088.2,0.00082690734,0.0017433193,0.0022770688
1088.3999,0.0027391966,0.00078198616,0.004490697
1088.6,0.005816499,0.0002208279,0.006765869
1088.7999,0.009277898,0.00017382379,0.008613261
1089,0.012237054,0.0005934047,0.009562154
1089.2,0.013952945,0.0013455567,0.0092716105
1089.3999,0.014006033,0.0022747135,0.007772755
1089.6,0.01239425,0.0032017988,0.005540146
1089.7999,0.009545685,0.0039121504,0.0032301077
1090,0.006193054,0.004207323,0.001363137
1090.2,0.0031373445,0.0039969664,0.00025377315
1090.4,0.0010623485,0.0033379782,0.00010277854
1090.6,0.0004646841,0.0023951104,0.0009946421
1090.7999,0.0015608286,0.0013877692,0.0027739245
1091,0.0041137068,0.0005622551,0.005005107
1091.2,0.00741003,0.00015525165,0.0071101435
1091.4,0.010561969,0.00031603337,0.008554198
1091.6,0.012868998,0.0010290936,0.008976444
1091.8,0.013901176,0.0021077064,0.008285563
1092,0.013415011,0.003267953,0.0066915154
1092.2,0.011414156,0.0042216023,0.004609016
1092.4,0.008318409,0.004732501,0.0025096214
1092.6,0.004923896,0.004653019,0.0008549867
1092.8,0.0021080822,0.0039794357,0.00006398602
1093,0.0005668858,0.0028957836,0.0003802659
1093.2,0.0007029989,0.0017201254,0.0017191975
1093.3999,0.0025252944,0.0007604587,0.0037021565
1093.6,0.005571594,0.00021175732,0.0058404957
1093.7999,0.009047188,0.00016344278,0.007646468
1094,0.012128596,0.0006296014,0.008663253
1094.2,0.014148526,0.001516594,0.008586178
1094.3999,0.014622142,0.0025922516,0.0074385363
1094.6,0.013340961,0.0035597305,0.005567777
1094.7999,0.010555402,0.004184017,0.0034520328
1095,0.006986691,0.004344792,0.001559183
1095.2,0.0035793113,0.004019482,0.00032454345
1095.4,0.001208167,0.0032806215,0.00007230691
1095.6,0.00047703195,0.0023005416,0.00085845444
1095.7999,0.0015554258,0.0013079304,0.0024491197
1096,0.004105519,0.0005242772,0.00447549
1096.2,0.007431136,0.00013087472,0.006533016
1096.4,0.010736642,0.00023586465,0.008147083
1096.6,0.013262158,0.000815815,0.008824875
1096.8,0.014344937,0.0017076229,0.008308797
1097,0.01361574,0.0026927278,0.0067743347
1097.2,0.011241326,0.0035683734,0.004711716
1097.4,0.007899026,0.004136596,0.002644717
1097.6,0.0044769747,0.004214914,0.0009942671
1097.8,0.0018018935,0.0037474202,0.000106286716
1098,0.0004989098,0.0028834988,0.00024866036
1098.2,0.0008542837,0.0018860776,0.001489179
1098.3999,0.002705517,0.0009840364,0.0035705117
1098.6,0.005523551,0.00034134992,0.005939656
1098.7999,0.008623504,0.00009904206,0.007948118
1099,0.011291734,0.00035018328,0.009089006
1099.2,0.012856002,0.0010559745,0.009124567
1099.3999,0.0128748715,0.0020294706,0.008081663
1099.6,0.011361001,0.0030148118,0.006205523
1099.7999,0.008768537,0.00377528,0.003930791
1100,0.005751179,0.004145482,0.001819045
1100.2,0.002968753,0.0040540416,0.00040808762
1100.4,0.0010300586,0.0035173683,0.000037587837
1100.6,0.0004129484,0.0026299225,0.0007709481
1100.7999,0.0013115573,0.0015847019,0.0024243195
1101,0.0035484475,0.00066950696,0.0046188515
1101.2,0.006614719,0.00015391436,0.006829249
1101.4,0.009769862,0.0001476382,0.00848889
1101.6,0.01220122,0.0005986229,0.0091659855
1101.8,0.013276838,0.0013925161,0.008708598
1102,0.012760986,0.0023797832,0.007255664
1102.2,0.0108253965,0.0033288498,0.0051538427
1102.4,0.007925832,0.003964622,0.0028892786
1102.6,0.004722157,0.0041148504,0.0010311874
1102.8,0.0020180158,0.0037820279,0.00008425262
1103,0.0005740711,0.003072901,0.00027443396
1103.2,0.000834908,0.0021352132,0.0014706675
1103.3999,0.002763985,0.001172511,0.0033267052
1103.6,0.005857976,0.0004278455,0.0054483893
1103.7999,0.009288359,0.00008730123,0.0074121403
1104,0.012153243,0.00021632192,0.008742533
1104.2,0.013773986,0.0007839193,0.009036901
1104.3999,0.01384826,0.0016841306,0.008174387
1104.6,0.012392572,0.002713654,0.0063782833
1104.7999,0.009673917,0.003592393,0.004105973
1105,0.00626901,0.004071464,0.0019329863
1105.2,0.00306107,0.004036363,0.0004469113
1105.4,0.00096101884,0.003523529,0.000047402464
1105.6,0.00052699284,0.0026801252,0.0007657176
1105.7999,0.0018208845,0.0017135531,0.0023269462
1106,0.0045084385,0.0008395965,0.0043598246
1106.2,0.007968632,0.00024400532,0.0064691408
1106.4,0.011365592,0.00006666694,0.008177707
1106.6,0.013822719,0.0003741216,0.008996132
1106.8,0.01470125,0.0011072102,0.008661088
1107,0.013799318,0.0020708572,0.0072698635
1107.2,0.0113669485,0.0030121636,0.005188564
1107.4,0.008007179,0.0037130243,0.0029253531
1107.6,0.0045385635,0.0040191514,0.0010610472
1107.8,0.0018158691,0.0038443622,0.000101754704
1108,0.0005198853,0.0032109527,0.00027025805
1108.2,0.0009799777,0.0022826686,0.001464635
1108.3999,0.003086095,0.0013128268,0.0033932356
1108.6,0.0063108997,0.00053702877,0.005646984
1108.7999,0.009841859,0.00010868003,0.0076766303
1109,0.012796838,0.00010373445,0.008901936
1109.2,0.014457864,0.00053680205,0.008980672
1109.3999,0.014446535,0.0013395988,0.007945579
1109.6,0.01279466,0.002326185,0.0060929162
1109.7999,0.009908909,0.0032235645,0.0038537276
1110,0.0064663794,0.0037917867,0.0017686273
1110.2,0.0032785188,0.0039318562,0.00039527123
1110.4,0.0011234737,0.0036707143,0.000088781155
1110.6,0.00054839614,0.0030728064,0.0008770823
1110.7999,0.001717585,0.0022164984,0.002537117
1111,0.0043913485,0.0012565966,0.004695047
1111.2,0.007999993,0.00045047552,0.0068523986
1111.4,0.011723325,0.0000638689,0.008466085
1111.6,0.014614429,0.0002397373,0.009131553
1111.8,0.015872985,0.0009464701,0.008706665
1112,0.015169643,0.0020010627,0.007292764
1112.2,0.012746819,0.0031230787,0.0051950775
1112.4,0.00924028,0.0040196143,0.0029160574
1112.6,0.005468691,0.004476219,0.0010601236
1112.8,0.0023345957,0.004395551,0.00012144297
1113,0.00068274885,0.0037928356,0.00032218278
1113.2,0.0010080949,0.0028041592,0.0015943445
1113.3999,0.0032205568,0.0016822558,0.0036179258
1113.6,0.0067004864,0.00072009,0.0058789956
1113.7999,0.010560548,0.00015243064,0.007814107
1114,0.0138900485,0.00012163665,0.0089941425
1114.2,0.015926441,0.0006698204,0.009192922
1114.3999,0.016198322,0.0016873776,0.008346636
1114.6,0.014619703,0.0028916881,0.0065710624
1114.7999,0.011512452,0.0039392137,0.0042558904
1115,0.0075886254,0.004577702,0.0020318937
1115.2,0.0038509183,0.0046848706,0.0005218322
1115.4,0.001314291,0.0042390157,0.000091038746
1115.6,0.00064297504,0.003336872,0.00079375034
1115.7999,0.001969778,0.0022102382,0.0024332355
1116,0.004958293,0.0011466594,0.0046010916
1116.2,0.008910282,0.0003843057,0.006738456
1116.4,0.012852024,0.0000845965,0.008297139
1116.6,0.015758667,0.0003296841,0.008918174
1116.8,0.016909253,0.0010751724,0.008496501
1117,0.016085003,0.0021357648,0.007147161
1117.2,0.0134979375,0.0032660542,0.005168488
1117.4,0.00969753,0.0042321174,0.00300997
1117.6,0.005583257,0.004804336,0.0011890278
1117.8,0.002271567,0.004786066,0.0001648185
1118,0.00067200174,0.004143659,0.00022682566
1118.2,0.0011258584,0.0030742942,0.001410176
1118.3999,0.0034380353,0.0018882584,0.0034400767
1118.6,0.0070812907,0.00086154,0.0057774945
1118.7999,0.011244708,0.00021331498,0.007807943
1119,0.01485889,0.0001179557,0.009048227
1119.2,0.01689953,0.0006380525,0.009222374
1119.3999,0.016832622,0.0016563185,0.008259989
1119.6,0.014775388,0.0029135626,0.006352474
1119.7999,0.01131462,0.0040965974,0.0039979042
1120,0.0072864136,0.00489947,0.0018509916
1120.2,0.0036335904,0.0051005557,0.00044685323
1120.4,0.0012187262,0.004658586,0.00007275919
1120.6,0.00060419337,0.0037221643,0.0008189517
1120.7999,0.0019443212,0.0025360554,0.0025732932
1121,0.0049712462,0.0013647141,0.004913001
1121.2,0.008974266,0.00047615686,0.007161049
1121.4,0.0128917135,0.00009963118,0.008702504
1121.6,0.015670145,0.00033961775,0.009227627
1121.8,0.016666954,0.0011390246,0.008681469
1122,0.01573977,0.0023111044,0.00716215
1122.2,0.013107725,0.003571159,0.004983671
1122.4,0.00932259,0.004581104,0.0027104039
1122.6,0.0053109326,0.0050669736,0.0009516655
1122.8,0.0021525044,0.0049349437,0.0001108561
1123,0.00064025534,0.0042627193,0.00034625342
1123.2,0.0010579826,0.0032132762,0.0016252471
1123.3999,0.0032674682,0.0020032602,0.0036741158
1123.6,0.006773509,0.00091230765,0.0059507643
1123.7999,0.010696723,0.00022729792,0.007840701
1124,0.013966855,0.00013422163,0.008915724
1124.2,0.015764358,0.00066283485,0.008985117
1124.3999,0.015773486,0.0016974693,0.0080245035
1124.6,0.01407022,0.0029956966,0.006204314
1124.7999,0.010996239,0.0042229965,0.0039535747
1125,0.0072175474,0.0050456417,0.0018584266
1125.2,0.0036793272,0.0052457303,0.00045151528
1125.4,0.001273788,0.004783263,0.00008608705
1125.6,0.0005347734,0.003791269,0.0008819416
1125.7999,0.0016177282,0.0025279887,0.0026525112
1126,0.0043455902,0.001304619,0.0049170265
1126.2,0.008121756,0.00041775825,0.0070964983
1126.4,0.011951047,0.00009916119,0.008715176
1126.6,0.014794307,0.0004484905,0.009429544
1126.8,0.015975645,0.0013521339,0.009015937
1127,0.015282736,0.0024971862,0.007490384
1127.2,0.012881776,0.0035315477,0.0052276636
1127.4,0.009308895,0.004220657,0.0028539319
1127.6,0.0054477863,0.0044603427,0.0009914986
1127.8,0.0022942286,0.0042198487,0.00008969851
1128,0.0006249078,0.0035384365,0.0003617653
1128.2,0.00080841035,0.0025548453,0.0017340907
1128.3999,0.0027547632,0.0014911478,0.003851491
1128.6,0.00592174,0.00060241425,0.006198842
1128.7999,0.00945299,0.00012544288,0.008239233
1129,0.012462168,0.00019708282,0.009483204
1129.2,0.014264344,0.0007644777,0.009577725
1129.3999,0.014447345,0.0016091187,0.00846342
1129.6,0.012933669,0.0024899868,0.0064449557
1129.7999,0.01008879,0.0032340456,0.004060746
1130,0.006663843,0.0037058105,0.0018891371
1130.2,0.0034986092,0.0037843864,0.00043947328
1130.4,0.0012647212,0.0034259234,0.00006966749
1130.6,0.00043185128,0.002712806,0.00087255513
1130.7999,0.0012531448,0.0018141328,0.0026399156
1131,0.003589671,0.00093439035,0.004961849
1131.2,0.006802183,0.00029753277,0.0073287357
1131.4,0.0099880295,0.00009179324,0.009169153
1131.6,0.012370554,0.00037085626,0.009958982
1131.8,0.013464774,0.0010396405,0.009453072
1132,0.013039481,0.0019378065,0.007820694
1132.2,0.011140956,0.0028763665,0.005525507
1132.4,0.008188951,0.003608478,0.0031190845
1132.6,0.004927885,0.0038866748,0.0011492985
1132.8,0.002186603,0.0036239724,0.00011192893
1133,0.00063115824,0.0029500513,0.00030954284
1133.2,0.00062049273,0.002083322,0.0017058684
1133.3999,0.0021307268,0.0012136188,0.0039415965
1133.6,0.004754725,0.00051220745,0.00646834
1133.7999,0.007828012,0.00015070291,0.0086618
1134,0.010619249,0.00023556902,0.009932096
1134.2,0.012471384,0.00074669713,0.009908652
1134.3999,0.0129077155,0.0015599547,0.008607621
1134.6,0.011777648,0.0024874741,0.006417911
1134.7999,0.009366722,0.00329123,0.0039273635
1135,0.006317213,0.003737395,0.0017418767
1135.2,0.0033882454,0.003704014,0.00035919802
1135.4,0.0012494947,0.00322956,0.000074235046
1135.6,0.0003871679,0.0024554457,0.0009275296
1135.7999,0.0010294181,0.0015609749,0.0027146833
1136,0.003051995,0.0007504561,0.005018542
1136.2,0.005963927,0.00023082222,0.0072583375
1136.4,0.009035607,0.0001425833,0.00883283
1136.6,0.01149499,0.00050779514,0.009350088
1136.8,0.012714835,0.0012377709,0.008757537
1137,0.012384662,0.0021545005,0.007257893
1137.2,0.010618959,0.003003344,0.005167529
1137.4,0.007903315,0.0035149648,0.0029033383
1137.6,0.0049035763,0.0035323892,0.00101825
1137.8,0.0022940973,0.0030936082,0.00007190174
1138,0.0006699269,0.0023767254,0.00036570683
1138.2,0.00044933098,0.0015765708,0.0018112987
1138.3999,0.0017254633,0.0008441434,0.004029976
1138.6,0.004195724,0.00030903151,0.0065012355
1138.7999,0.007265781,0.00009544881,0.008641697
1139,0.01022644,0.00026995665,0.00990193
1139.2,0.01237957,0.0007798707,0.009934655
1139.3999,0.013158778,0.0014750408,0.00872165
1139.6,0.012315201,0.0021866004,0.006567922
1139.7999,0.01005923,0.0027647817,0.004014547
1140,0.006997702,0.003073561,0.0017224995
1140.2,0.003906055,0.0030197774,0.00029919614
1140.4,0.0015148676,0.0026150874,0.0001003543
1140.6,0.00038455412,0.0019799795,0.0011373167
1140.7999,0.00081158034,0.0012731433,0.0031372812
1141,0.0027353724,0.00063831743,0.0056534247
1141.2,0.005699985,0.00020834187,0.008135634
1141.4,0.00894092,0.00009658625,0.009993589
1141.6,0.01161084,0.00034061336,0.010714498
1141.8,0.013056191,0.0008736601,0.010032996
1142,0.012986046,0.0015699354,0.008081265
1142.2,0.011461552,0.0022908489,0.0054058484
1142.4,0.008818834,0.0028836753,0.0027724074
1142.6,0.005644377,0.0031936392,0.0008541384
1142.8,0.0027208342,0.003130217,0.000038943414
1143,0.0008076398,0.0027170465,0.00044312878
1143.2,0.00036463625,0.0020638853,0.0019747298
1143.3999,0.0014595801,0.0013146938,0.004315464
1143.6,0.0038515425,0.0006355983,0.006913156
1143.7999,0.007036822,0.00020543601,0.009113875
1144,0.010245727,0.00015954382,0.010362934
1144.2,0.012603957,0.0005269044,0.01033772
1144.3999,0.013479872,0.0012227295,0.009022304
1144.6,0.012719425,0.0020816806,0.006757285
1144.7999,0.010589812,0.0028930167,0.0041599683
1145,0.0076078586,0.003445565,0.0018827782
1145.2,0.00444231,0.0035904755,0.0004117237
1145.4,0.0018386655,0.003289807,0.000046015215
1145.6,0.00046414835,0.002624517,0.00090660155
1145.7999,0.00071833923,0.0017702216,0.0028244967
1146,0.0026029013,0.0009482908,0.0052760444
1146.2,0.0056872126,0.0003594035,0.007582872
1146.4,0.009203337,0.00013455912,0.009215348
1146.6,0.01227222,0.000325202,0.009887607
1146.8,0.014142419,0.00089792407,0.009475922
1147,0.014331751,0.0017113351,0.008010141
1147.2,0.012730649,0.0025307906,0.005769182
1147.4,0.009717746,0.0031255167,0.0032911678
1147.6,0.0061261724,0.0033698282,0.0012231173
1147.8,0.0029353038,0.0032475193,0.000118728276
1148,0.0009098095,0.0027976003,0.0002747223
1148.2,0.0004718443,0.002103276,0.0016369737
1148.3999,0.001734685,0.0013163466,0.0038346082
1148.6,0.0044699763,0.00063333765,0.0063359323
1148.7999,0.008049508,0.00022130879,0.008589644
1149,0.011568414,0.0001781343,0.010081654
1149.2,0.014126742,0.0005422354,0.010413266
1149.3999,0.0150629,0.0012771861,0.009455453
1149.6,0.014098681,0.0022189768,0.0074355653
1149.7999,0.011460918,0.003088346,0.0048544127
1150,0.007875253,0.0036210872,0.0023488402
1150.2,0.0043116417,0.003698798,0.00058380817
1150.4,0.0016446342,0.0033517904,0.00007670307
1150.6,0.00047042366,0.0026819685,0.0009610733
1150.7999,0.001058952,0.001826494,0.0029355607
1151,0.0032965466,0.0009755562,0.00547651
1151.2,0.0066552735,0.00035859886,0.0080361
1151.4,0.010305852,0.00015871937,0.010051164
1151.6,0.01333221,0.0004251458,0.010965273
1151.8,0.014947385,0.0010656993,0.010452141
1152,0.014714318,0.0019058728,0.008644223
1152.2,0.012725928,0.0027468547,0.006077804
1152.4,0.009564986,0.00339541,0.0034302906
1152.6,0.0060347826,0.0036904854,0.0013185007
1152.8,0.0029192255,0.0035473367,0.00021133985
1153,0.00090953754,0.0029998114,0.00035986438
1153.2,0.00052959885,0.0021977443,0.0017425695
1153.3999,0.0019454821,0.0013474675,0.0040671886
1153.6,0.004841094,0.0006422242,0.0068009016
1153.7999,0.008520462,0.00023333824,0.009241232
1154,0.012109795,0.00022837393,0.010715061
1154.2,0.014724676,0.0006630999,0.010850292
1154.3999,0.015673654,0.0014503697,0.009689603
1154.6,0.014701956,0.0023833045,0.0075761946
1154.7999,0.012076872,0.003222602,0.0050047557
1155,0.008451561,0.0037797338,0.0025557203
1155.2,0.004699446,0.003926022,0.00080878654
1155.4,0.001787937,0.0035908495,0.00018158932
1155.6,0.000533865,0.0028201954,0.00082243164
1155.7999,0.0012727194,0.0018246358,0.0026156153
1156,0.0037531485,0.0009055855,0.0051895636
1156.2,0.007327937,0.00031402434,0.00791645
1156.4,0.011153083,0.00018386093,0.010058968
1156.6,0.014281846,0.00054025766,0.011059994
1156.8,0.015859485,0.0012897911,0.0107191345
1157,0.015453221,0.002211387,0.009146891
1157.2,0.013217444,0.003036741,0.0066893375
1157.4,0.0097604925,0.0035709434,0.0039295475
1157.6,0.005935075,0.0037200456,0.001597599
1157.8,0.0026783787,0.003447475,0.0003051266
1158,0.00078528153,0.002788658,0.00032456935
1158.2,0.0006583984,0.0019098622,0.001582475
1158.3999,0.0022654,0.0010677595,0.0037400292
1158.6,0.00526884,0.00047196436,0.006239063
1158.7999,0.009059359,0.00021904663,0.008412677
1159,0.012713031,0.000335623,0.009716398
1159.2,0.015195906,0.0008002695,0.009904001
1159.3999,0.015823042,0.0015001121,0.009007581
1159.6,0.014521573,0.0022334736,0.007236817
1159.7999,0.011698262,0.0028088454,0.004946801
1160,0.008028092,0.0031199614,0.0026376813
1160.2,0.0043699793,0.0031189478,0.0008764723
1160.4,0.0016301922,0.0027815674,0.00013348115
1160.6,0.00048267352,0.0021491842,0.0006067387
1160.7999,0.0011759332,0.0013797929,0.0021267473
1161,0.003540751,0.0007015396,0.0042344024
1161.2,0.0070329513,0.00030087747,0.006405681
1161.4,0.010777543,0.0002584078,0.008215646
1161.6,0.013799874,0.00055957556,0.009310027
1161.8,0.015394174,0.0011253072,0.009351838
1162,0.015293273,0.0018281479,0.008175806
1162.2,0.013565602,0.0025015431,0.0060361736
1162.4,0.010531622,0.0029631308,0.0035836236
1162.6,0.0068222466,0.0030707775,0.001527357
1162.8,0.0033477424,0.0027948301,0.00034831013
1163,0.001034224,0.0022381423,0.00025833637
1163.2,0.0005136481,0.0015696826,0.0012375369
1163.3999,0.0019517025,0.0009434307,0.0030270775
1163.6,0.0049988446,0.00048120477,0.0051721917
1163.7999,0.008876671,0.00028981906,0.0071571497
1164,0.012643912,0.00043763014,0.008516648
1164.2,0.015472305,0.0009013654,0.00889455
1164.3999,0.016724665,0.0015626168,0.008150932
1164.6,0.015975505,0.0022603835,0.0064802207
1164.7999,0.013234882,0.0028290278,0.0043581547
1165,0.009195461,0.0031104314,0.002322241
1165.2,0.005049841,0.0029987074,0.0008140163
1165.4,0.0019298717,0.0025146094,0.0001645894
1165.6,0.0005203793,0.0018168228,0.0005676193
1165.7999,0.0010534663,0.0011154059,0.0019611327
1166,0.003380308,0.00057523965,0.0039701653
1166.2,0.0069509735,0.00028879422,0.0060363673
1166.4,0.010874906,0.00029689146,0.00762579
1166.6,0.014159742,0.00060030224,0.008364288
1166.8,0.01597919,0.0011449307,0.008098661
1167,0.01586882,0.0018066898,0.00692071
1167.2,0.013868202,0.0024108943,0.005130686
1167.4,0.010525387,0.0027930953,0.0031442621
1167.6,0.0066858055,0.0028639315,0.0014096301
1167.8,0.0032306407,0.0026284445,0.00034985854
1168,0.0009551486,0.0021574227,0.0002704561
1168.2,0.0004743443,0.0015566479,0.0012328075
1168.3999,0.00198864,0.0009555628,0.0029955849
1168.6,0.0050989,0.0004907755,0.0050915782
1168.7999,0.008956324,0.00027248904,0.006987963
1169,0.0126069635,0.00036054972,0.008234442
1169.2,0.015198128,0.00075774937,0.008547683
1169.3999,0.016069826,0.0013915618,0.007838574
1169.6,0.014943675,0.0020949498,0.0062281876
1169.7999,0.012108044,0.0026520502,0.004078957
1170,0.008329691,0.0029087807,0.001973706
1170.2,0.0045538987,0.0028356174,0.0005406285
1170.4,0.0016736514,0.0024841945,0.0001810265
1170.6,0.00040002607,0.0019291787,0.000919107
1170.7999,0.001087145,0.0012779833,0.002477692
1171,0.0035715979,0.0006951512,0.0044404506
1171.2,0.007216029,0.00035157969,0.0063474877
1171.4,0.011125383,0.00033655693,0.007741738
1171.6,0.014359349,0.0006384774,0.008254185
1171.8,0.016119072,0.0011845906,0.007726588
1172,0.015958402,0.0018549269,0.006289793
1172.2,0.013925176,0.002477202,0.004336673
1172.4,0.010525901,0.0028733069,0.0023900194
1172.6,0.0065819565,0.0029425966,0.00092483556
1172.8,0.0030635518,0.0026897036,0.00024154382
1173,0.00086075295,0.0021852362,0.0004422786
1173.2,0.00051685376,0.001536326,0.0014606602
1173.3999,0.002104694,0.0008921726,0.003075087
1173.6,0.0052897767,0.00042632569,0.0049202424
1173.7999,0.009395725,0.00026919442,0.006557945
1174,0.013421499,0.00045245708,0.0075984383
1174.2,0.0162368,0.0009172947,0.007795626
1174.3999,0.017031066,0.0015539307,0.0070855035
1174.6,0.015664438,0.0022212884,0.005604076
1174.7999,0.012610225,0.0027513255,0.0036934256
1175,0.008661434,0.002980663,0.0018458971
1175.2,0.0047260365,0.002823258,0.0005650137
1175.4,0.0017226478,0.0023315796,0.00020234847
1175.6,0.0004082257,0.00167409,0.00085095403
1175.7999,0.0011450436,0.0010370716,0.0023293716
1176,0.0037703062,0.0005490914,0.0042467476
1176.2,0.0076429835,0.0002878847,0.0061189868
1176.4,0.011816008,0.00031167732,0.007494204
1176.6,0.015274907,0.0006343075,0.008049894
1176.8,0.017190624,0.0011704103,0.0076508215
1177,0.01711097,0.0017538752,0.0063796374
1177.2,0.01504558,0.0022356713,0.0045384276
1177.4,0.0114608,0.0025409448,0.002592297
1177.6,0.007204206,0.0026363553,0.0010399244
1177.8,0.0033426052,0.0024932143,0.00025583993
1178,0.00090089,0.0021107625,0.0003903454
1178.2,0.0005532545,0.0015571335,0.0013681138
1178.3999,0.0023968057,0.00096539146,0.0029437277
1178.6,0.005938284,0.0004910612,0.0047604893
1178.7999,0.010287723,0.00026935962,0.0064110872
1179,0.014404616,0.0003774746,0.007515637
1179.2,0.017287666,0.00080291374,0.007800992
1179.3999,0.018172575,0.0014441098,0.0071611647
1179.6,0.016788276,0.0021456662,0.005707465
1179.7999,0.013509989,0.0027345135,0.003791449
1180,0.0092246635,0.0030534228,0.0019319754
1180.2,0.005005447,0.003015615,0.0006308023
1180.4,0.0018397284,0.0026501592,0.00019625672
1180.6,0.00046450645,0.002076587,0.00069098524
1180.7999,0.0012069666,0.0014319711,0.0019705272
1181,0.0038641503,0.000840564,0.0037243762
1181.2,0.007762853,0.00043349934,0.005522572
1181.4,0.011976511,0.0003384863,0.0069120964
1181.6,0.015534385,0.00061514066,0.007537081
1181.8,0.017579611,0.0012105387,0.0072291056
1182,0.017558599,0.0019829832,0.006060354
1182.2,0.01541874,0.0027490028,0.0043462235
1182.4,0.011673814,0.0033174427,0.002549349
1182.6,0.0072752107,0.0035359513,0.0011129329
1182.8,0.003352302,0.003348576,0.00034477044
1183,0.0009035668,0.0028102607,0.00039289493
1183.2,0.0005299305,0.0020512762,0.0012376807
1183.3999,0.0023123508,0.0012480285,0.0026775748
1183.6,0.005831502,0.0006088278,0.004377082
1183.7999,0.010237987,0.0003259544,0.0059636184
1184,0.014392695,0.0004971131,0.0070711114
1184.2,0.017182978,0.001086119,0.007359535
1184.3999,0.017919442,0.0019438094,0.0066536814
1184.6,0.016517961,0.0028470766,0.0051344293
1184.7999,0.013389791,0.0035490745,0.0033013697
1185,0.009267793,0.0038604669,0.0016851713
1185.2,0.0051034275,0.0037165326,0.0006385989
1185.4,0.0019050955,0.0031707063,0.00035365147
1185.6,0.00045612676,0.0023517478,0.00089721597
1185.7999,0.0010893248,0.0014518818,0.0021349285
1186,0.00364566,0.0007118953,0.0037102373
1186.2,0.00752661,0.00033310102,0.0052001914
1186.4,0.011782644,0.0003799852,0.006273708
1186.6,0.015328993,0.0007919656,0.0067070983
1186.8,0.017276036,0.0014616604,0.006377378
1187,0.01717285,0.0022532507,0.005338409
1187.2,0.015062016,0.0029722098,0.0038591267
1187.4,0.011444273,0.0034011304,0.0023187324
1187.6,0.007199699,0.00341662,0.0010715699
1187.8,0.0033864002,0.0030537983,0.00039693635
1188,0.0009419302,0.0024453346,0.00047277467
1188.2,0.0004523205,0.0017328688,0.0013109887
1188.3999,0.0020425601,0.0010478834,0.0027243956
1188.6,0.0053225104,0.0005298321,0.0043773623
1188.7999,0.009430955,0.00031177123,0.005862349
1189,0.013285936,0.00046915936,0.006776749
1189.2,0.01593921,0.0009771283,0.006846889
1189.3999,0.016797015,0.0017095912,0.006053511
1189.6,0.015672484,0.0024834669,0.0046338704
1189.7999,0.012813818,0.0031246983,0.0029693048
1190,0.00891211,0.0035106381,0.0014787295
1190.2,0.004946675,0.0035665869,0.0005350317
1190.4,0.0018835361,0.0032557885,0.0003508948
1190.6,0.00042570397,0.002607898,0.0009053183
1190.7999,0.00090155296,0.0017626185,0.0020075012
1191,0.003212444,0.0009579853,0.0034054623
1191.2,0.0068197646,0.0004434279,0.004799573
1191.4,0.010851469,0.00037836487,0.0058284444
1191.6,0.014321968,0.0007841501,0.006181138
1191.8,0.016355248,0.001557461,0.0057737944
1192,0.016376946,0.002510366,0.0047741644
1192.2,0.014312875,0.0034093258,0.003459998
1192.4,0.010705891,0.004018001,0.0021064547
1192.6,0.006570383,0.004163976,0.0009797661
1192.8,0.0030009067,0.0038119485,0.0003331142
1193,0.00081492675,0.0030770113,0.0003376445
1193.2,0.0004373116,0.0021564139,0.0010100828
1193.3999,0.0019335463,0.0012552588,0.0021957872
1193.6,0.0050014067,0.0005690533,0.003595098
1193.7999,0.008927103,0.00027883836,0.0048283124
1194,0.012687481,0.0004934141,0.0055583967
1194.2,0.015269862,0.0011788071,0.0056219944
1194.3999,0.016021967,0.0021643962,0.0050665056
1194.6,0.014810573,0.0032111134,0.0040735025
1194.7999,0.01197997,0.004062487,0.002861762
1195,0.008232597,0.00448847,0.0016551602
1195.2,0.0044754655,0.0043701935,0.0007039471
1195.4,0.0016143142,0.0037620007,0.00026929358
1195.6,0.00034471505,0.002841935,0.0005163312
1195.7999,0.0010081799,0.0018190062,0.0013984399
1196,0.0034995836,0.00091468776,0.0026718709
1196.2,0.0072230315,0.00037086266,0.004028806
1196.4,0.011207341,0.0003668944,0.005191219
1196.6,0.014429325,0.0009063804,0.00590498
1196.8,0.016140912,0.0018342477,0.005948286
1197,0.015984282,0.0029450203,0.0052392716
1197.2,0.013970549,0.0040141777,0.003941436
1197.4,0.010511353,0.004768543,0.0024244708
1197.6,0.006445517,0.004952715,0.0011096043
1197.8,0.0028528946,0.0044831377,0.00033674255
1198,0.0006819231,0.003503814,0.0003015695
1198.2,0.00045478623,0.0022980222,0.001025805
1198.3999,0.0021803705,0.0011892418,0.0023448009
1198.6,0.005390397,0.00047087125,0.0039245887
1198.7999,0.009253782,0.0003084688,0.005324522
1199,0.012803373,0.0006842822,0.006129267
1199.2,0.015203612,0.001474827,0.00612099
1199.3999,0.01592001,0.0025394852,0.005364412
1199.6,0.014784307,0.0036739756,0.0041221585
1199.7999,0.012037676,0.004544252,0.0027063293
1200,0.008326885,0.004823072,0.0014108492
1200.2,0.004561824,0.004440813,0.000507421
1200.4,0.0016626769,0.003606248,0.00020618176
1200.6,0.00032628732,0.0025821233,0.00058736466
1200.7999,0.00087956246,0.0015538058,0.0015772998
1201,0.0032145751,0.0007016938,0.0029617823
1201.2,0.0068031,0.0002540955,0.0044044326
1201.4,0.010784366,0.00037346213,0.0055245315
1201.6,0.014119426,0.0010258644,0.0060490705
1201.8,0.015859002,0.0020106963,0.0058948337
1202,0.015512769,0.0030774947,0.0051051006
1202.2,0.013275654,0.00398791,0.0037982543
1202.4,0.0098648,0.00453463,0.0022470204
1202.6,0.006129141,0.004581785,0.000912308
1202.8,0.0028385844,0.0041104737,0.00023717363
1203,0.000715081,0.003227348,0.00039016537
1203.2,0.0003700407,0.0021418952,0.0012593751
1203.3999,0.0019893856,0.001124006,0.002608384
1203.6,0.0051080585,0.00043632294,0.0041392744
1203.7999,0.008813712,0.0002603485,0.005485402
1204,0.012165816,0.00064856774,0.0062965495
1204.2,0.014425003,0.001502364,0.0063756513
1204.3999,0.015086915,0.0025801533,0.0057118325
1204.6,0.013957899,0.003572775,0.00444095
1204.7999,0.0112863965,0.0042308345,0.0028512368
1205,0.007748383,0.0044414634,0.001368436
1205.2,0.0042301933,0.00420193,0.00040596817
1205.4,0.0015704257,0.003566482,0.0001937514
1205.6,0.00038440686,0.0026470346,0.00075888395
1205.7999,0.000944762,0.0016356197,0.0019933947
1206,0.003101022,0.0007773799,0.003657959
1206.2,0.0063029644,0.00029768245,0.0053634048
1206.4,0.009751895,0.0003349312,0.006660431
1206.6,0.012602205,0.00089803606,0.0072019645
1206.8,0.014142432,0.0018492356,0.0068429154
1207,0.013961746,0.0029362622,0.0056648557
1207.2,0.012092139,0.0038806756,0.003973373
1207.4,0.009031941,0.0044695507,0.0022244018
1207.6,0.0055812085,0.0045933276,0.000863225
1207.8,0.0025796446,0.0042347694,0.00020310645
1208,0.0007075174,0.0034543485,0.00041506183
1208.2,0.00038493387,0.002399576,0.0015131262
1208.3999,0.0016944163,0.0013178992,0.0032600746
1208.6,0.004322292,0.0005160872,0.005151432
1208.7999,0.0076110763,0.00024289794,0.006626414
1209,0.010745355,0.0005757873,0.007337588
1209.2,0.012966221,0.0014136897,0.0072119026
1209.3999,0.0137315225,0.0025501044,0.0063327174
1209.6,0.012836146,0.0037189375,0.0048654913
1209.7999,0.010486713,0.0046084607,0.003095664
1210,0.007267624,0.0049388576,0.0014462926
1210.2,0.0039875545,0.0046033147,0.00036683213
1210.4,0.0014761869,0.0037278568,0.0001546373
1210.6,0.0003730185,0.0025835577,0.00084985216
1210.7999,0.00093121384,0.0014633687,0.0022567378
1211,0.0029394997,0.00061941944,0.0040298747
1211.2,0.0058449795,0.00023056637,0.005751227
1211.4,0.008966145,0.00036809704,0.006996876
1211.6,0.011620007,0.0009890649,0.007432864
1211.8,0.013179775,0.0019551718,0.00693279
1212,0.013202234,0.0030374774,0.005639886
1212.2,0.011617028,0.0039397553,0.0039127325
1212.4,0.008809619,0.004406609,0.0021874597
1212.6,0.005512898,0.004345992,0.0008499941
1212.8,0.0025795065,0.0038266527,0.00017673321
1213,0.00072609505,0.002980147,0.00032812357
1213.2,0.0003393702,0.0019624876,0.0013361332
1213.3999,0.0014424835,0.0009953264,0.0030483159
1213.6,0.0037828404,0.0003480356,0.0050716256
1213.7999,0.0068673138,0.00021120378,0.0068288925
1214,0.009938601,0.0006037255,0.007779828
1214.2,0.012132686,0.0014078015,0.0076732594
1214.3999,0.012864305,0.0024408968,0.006624397
1214.6,0.012060576,0.0034785413,0.004981963
1214.7999,0.010007744,0.004270196,0.0031489143
1215,0.007132784,0.0046004467,0.0015014487
1215.2,0.0040331273,0.004364827,0.00038746686
1215.4,0.0015151771,0.003612374,0.0000956797
1215.6,0.00030203117,0.00254378,0.0007531603
1215.7999,0.00065104465,0.0014551124,0.002228989
1216,0.0023490458,0.0006344556,0.004147682
1216.2,0.0049756602,0.0002718619,0.0060172817
1216.4,0.0080088815,0.00043238793,0.007378735
1216.6,0.010770096,0.0010663397,0.007909513
1216.8,0.012523508,0.002021141,0.007487912
1217,0.012765656,0.0030699547,0.0062248525
1217.2,0.011421251,0.0039638253,0.0044320864
1217.4,0.008831653,0.004476953,0.0025328035
1217.6,0.0056615784,0.0044505494,0.0009732102
1217.8,0.0027451774,0.003867033,0.00015027609
1218,0.0008231903,0.0028992435,0.00031077754
1218.2,0.00032144974,0.0018346462,0.0014374108
1218.3999,0.0013273623,0.0009303461,0.0032341678
1218.6,0.0036424112,0.00036080723,0.0052486886
1218.7999,0.006754546,0.00026048467,0.007016043
1219,0.009857382,0.0007056943,0.008133565
1219.2,0.012095137,0.0016027755,0.008316281
1219.3999,0.012891853,0.0026678643,0.0074854507
1219.6,0.012098293,0.0035937193,0.005826934
1219.7999,0.009953523,0.004202598,0.0037512255
1220,0.0070024054,0.004418666,0.001786071
1220.2,0.003971265,0.004185637,0.00044710957
1220.4,0.0015736934,0.0034965128,0.00008867382
1220.6,0.0003469119,0.002488159,0.0007889582
1220.7999,0.0005800274,0.0014387693,0.0023579658
1221,0.0022535,0.000641189,0.0044299425
1221.2,0.004979228,0.00028333178,0.0065226112
1221.4,0.008074636,0.0004230792,0.008089593
1221.6,0.010783564,0.0010195879,0.008689137
1221.8,0.0124694435,0.001958415,0.008194905
1222,0.012714287,0.0030549935,0.0068114046
1222.2,0.01142687,0.004061166,0.0048925616
1222.4,0.008933306,0.0047102114,0.0028261617
1222.6,0.005882824,0.0048044394,0.0010718942
1222.8,0.0030076944,0.0042981855,0.00013195007
1223,0.0009624826,0.003323668,0.00032105864
1223.2,0.00026361647,0.002149742,0.0015645641
1223.3999,0.0011567585,0.0010934866,0.0034719356
1223.6,0.0034515543,0.0004170156,0.005558649
1223.7999,0.0065615033,0.00026217388,0.0073670493
1224,0.009735784,0.000654045,0.0084898975
1224.2,0.012227417,0.0015236635,0.008635227
1224.3999,0.013379715,0.002687661,0.007737308
1224.6,0.012828582,0.0038318727,0.0060046855
1224.7999,0.010736834,0.004602426,0.0038638182
1225,0.0077340887,0.004775196,0.0018491871
1225.2,0.0045851725,0.004341176,0.00047857137
1225.4,0.0019662112,0.0034531963,0.00011923066
1225.6,0.0004614251,0.0023423752,0.0008696432
1225.7999,0.00051007385,0.0012729834,0.0025126766
1226,0.0021866313,0.0004966628,0.0045929193
1226.2,0.005069667,0.00018963395,0.0065967645
1226.4,0.008389755,0.00041239284,0.0081068
1226.6,0.011296176,0.0010950009,0.008821701
1226.8,0.013062209,0.0020317477,0.008519747
1227,0.013251386,0.0029346063,0.007143441
1227.2,0.011845452,0.0035654726,0.0049824445
1227.4,0.0092295185,0.0038240885,0.0026790681
1227.6,0.00604458,0.003697332,0.0009267441
1227.8,0.003043402,0.0031838526,0.00014684735
1228,0.00096118014,0.002340316,0.0004372797
1228.2,0.00031965293,0.001375023,0.0016911716
1228.3999,0.0012448615,0.0005909924,0.0036489528
1228.6,0.0034692578,0.00020308942,0.0058769765
1228.7999,0.0064704507,0.00026209452,0.007815874
1229,0.009559707,0.00072451646,0.0089375805
1229.2,0.011941252,0.0014913342,0.008922337
1229.3999,0.012921397,0.0023666474,0.007775036
1229.6,0.012222486,0.0030751913,0.005829705
1229.7999,0.01010333,0.0033978587,0.0036150152
1230,0.007177483,0.003280099,0.0016625449
1230.2,0.0041609397,0.0028029562,0.00040159625
1230.4,0.0017407609,0.002100373,0.0001403931
1230.6,0.0004931571,0.0013262193,0.0010011282
1230.7999,0.0007461961,0.0006525834,0.0028042477
1231,0.0024480966,0.0002427181,0.0050773104
1231.2,0.0051578907,0.00019691748,0.0072396575
1231.4,0.0081715025,0.0005083685,0.008778643
1231.6,0.01072146,0.0010647071,0.009311605
1231.8,0.012185117,0.001704567,0.008652097
1232,0.012229214,0.0022852875,0.0069337105
1232.2,0.010849678,0.0027000508,0.004628401
1232.4,0.008352895,0.0028561407,0.0023662646
1232.6,0.0053290967,0.002689253,0.00071560196
1232.8,0.0025589736,0.0022244507,0.000061166706
1233,0.0007856977,0.0015901518,0.00052564894
1233.2,0.00045588944,0.00094759086,0.0019158241
1233.3999,0.0016184956,0.00043256703,0.0038125825
1233.6,0.003991703,0.00016540877,0.005780634
1233.7999,0.0070463708,0.00024278942,0.0074684415
1234,0.010058629,0.0006550969,0.008532557
1234.2,0.012244896,0.0012536679,0.008618737
1234.3999,0.013015342,0.0018643645,0.007565764
1234.6,0.012182215,0.0023923323,0.005624421
1234.7999,0.009980718,0.0027696695,0.0033796555
1235,0.0069616265,0.0028671292,0.001448539
1235.2,0.003868188,0.0025625695,0.00027820858
1235.4,0.0014886258,0.001914009,0.00012203349
1235.6,0.0004459931,0.0011684237,0.0010285913
1235.7999,0.0010033117,0.0005644257,0.0027863353
1236,0.0030013735,0.00020656842,0.0049394313
1236.2,0.0059361374,0.00012607726,0.0069263037
1236.4,0.009102239,0.00035398192,0.008245872
1236.6,0.011755738,0.0008760317,0.0085733775
1236.8,0.013273069,0.0015557584,0.007833572
1237,0.013277968,0.0021757772,0.006224789
1237.2,0.01173022,0.002564253,0.004159199
1237.4,0.008976249,0.0026548256,0.0021413788
1237.6,0.0057064504,0.0024570655,0.0006510031
1237.8,0.0027607423,0.002024147,0.000047404388
1238,0.00086292543,0.0014494925,0.00048012397
1238.2,0.0004500878,0.0008596617,0.0018340973
1238.3999,0.0016364433,0.0003888111,0.0037588642
1238.6,0.0042047203,0.0001494395,0.0057699657
1238.7999,0.0075880154,0.00020442875,0.007367511
1239,0.010950009,0.00054181454,0.0081498
1239.2,0.013421823,0.0010710993,0.00792146
1239.3999,0.014376911,0.001653541,0.0067560948
1239.6,0.013596559,0.00214707,0.004964582
1239.7999,0.011297139,0.002441756,0.0029868595
1240,0.008054291,0.0024793406,0.001278141
1240.2,0.004650415,0.0022579082,0.00023022841
1240.4,0.0018953386,0.0018244691,0.00010705254
1240.6,0.00047128223,0.0012683091,0.0009690392
1240.7999,0.0007834465,0.0007180159,0.0026157438
1241,0.0028009282,0.00031776165,0.004617665
1241.2,0.005999797,0.00017204398,0.0064588524
1241.4,0.009532244,0.00030308036,0.00770436
1241.6,0.012529539,0.0006630636,0.0080845505
1241.8,0.014319376,0.0011722225,0.007501705
1242,0.014503633,0.00173142,0.0060534454
1242.2,0.013009558,0.0022162795,0.0040807747
1242.4,0.0101494985,0.0024962295,0.002114545
1242.6,0.006599709,0.0024832727,0.0006703338
1242.8,0.003253992,0.0021722224,0.00005540033
1243,0.0009970344,0.0016458388,0.0003484133
1243.2,0.00044420658,0.0010472444,0.0014754077
1243.3999,0.0017222196,0.0005295245,0.0032184427
1243.6,0.0044355174,0.00020835086,0.0051738005
1243.7999,0.007859459,0.0001480587,0.0068192864
1244,0.011181496,0.0003664199,0.0077171586
1244.2,0.0136341145,0.00081689155,0.0076797735
1244.3999,0.014597167,0.0013717832,0.0067759375
1244.6,0.013784171,0.0018764988,0.005248925
1244.7999,0.01139837,0.002240127,0.0034436528
1245,0.0080683315,0.0024372265,0.0017458403
1245.2,0.0046144966,0.0024254785,0.0005166634
1245.4,0.0018483521,0.0021309021,0.000041876192
1245.6,0.00044325416,0.0015657992,0.00048362263
1245.7999,0.00078382983,0.00091218133,0.0018038931
1246,0.0028129832,0.00040409248,0.0037106029
1246.2,0.006009771,0.00016621045,0.005729709
1246.4,0.009541073,0.00022071021,0.0073828157
1246.6,0.012505749,0.0005617131,0.008315531
1246.8,0.014182509,0.0011293748,0.008312437
1247,0.014207119,0.0017545937,0.0073073483
1247.2,0.012612509,0.0022372925,0.005469147
1247.4,0.009764448,0.0024846059,0.003260641
1247.6,0.0062982263,0.0025056913,0.001321114
1247.8,0.0030540004,0.002306069,0.00020744915
1248,0.0008888128,0.0018733806,0.00019007658
1248.2,0.00037328948,0.0012691269,0.0012247482
1248.3999,0.0015958152,0.0006631693,0.0030389712
1248.6,0.004208959,0.00024222246,0.005216218
1248.7999,0.007584657,0.00012102636,0.0072492156
1249,0.010927885,0.00033723208,0.0086222775
1249.2,0.013397372,0.0008558663,0.008958274
1249.3999,0.014324951,0.0015464937,0.00816217
1249.6,0.013456428,0.0022066417,0.0064555323
1249.7999,0.0110464245,0.0026535266,0.004286045
1250,0.007751128,0.0027913263,0.0021892916
1250.2,0.004399986,0.0026054706,0.0006640185
1250.4,0.0017678596,0.0021396982,0.00007017411
1250.6,0.0004349262,0.0014956852,0.0005547462
1250.7999,0.0007250627,0.00082947174,0.0020197248
1251,0.0026314973,0.000320133,0.004129032
1251.2,0.005716677,0.00011888655,0.006363455
1251.4,0.009145065,0.0002899614,0.008160249
1251.6,0.01196333,0.0007704094,0.009106383
1251.8,0.013458208,0.0013981875,0.0090454025
1252,0.013328684,0.0019968392,0.008025791
1252.2,0.011658586,0.0024320239,0.006221029
1252.4,0.008855697,0.0026098478,0.0039638565
1252.6,0.005596187,0.0024801844,0.0018046086
1252.8,0.0026800693,0.002073449,0.00037951287
1253,0.000803608,0.0015070711,0.000111634086
1253.2,0.00038224572,0.0009245402,0.0010368314
1253.3999,0.0014939131,0.0004399364,0.0028907952
1253.6,0.0038922806,0.0001459713,0.005263597
1253.7999,0.0070430296,0.0001303352,0.007646201
1254,0.01019654,0.00043103524,0.009449571
1254.2,0.012525755,0.00097263604,0.010147904
1254.3999,0.013345061,0.0015858492,0.0095066875
1254.6,0.01237547,0.0021023096,0.007702416
1254.7999,0.0099049285,0.0024147867,0.00524069
1255,0.006677997,0.0024668234,0.0027655184
1255.2,0.0035709331,0.002238599,0.0008876818
1255.4,0.0013073871,0.0017702228,0.00006416657
1255.6,0.00035466382,0.0011803448,0.0004978728
1255.7999,0.0008993945,0.00062907697,0.0020653962
1256,0.0027973098,0.0002471995,0.004337445
1256.2,0.005560847,0.00010029556,0.0067172213
1256.4,0.008481921,0.00020561408,0.008619334
1256.6,0.010840359,0.0005538648,0.0095953
1256.8,0.012077858,0.0010969652,0.009404733
1257,0.011903275,0.0017230893,0.008077456
1257.2,0.010354864,0.0022693283,0.0059399726
1257.4,0.0078064655,0.0025817961,0.0035386933
1257.6,0.0048839743,0.0025752508,0.0014749933
1257.8,0.0023045926,0.0022538227,0.00024583115
1258,0.00069065625,0.0017025492,0.00013846316
1258.2,0.00041483843,0.0010662887,0.0011667404
1258.3999,0.0015200146,0.00050932827,0.0030607705
1258.6,0.0037305278,0.00016427942,0.0053403936
1258.7999,0.006532688,0.0001032241,0.0074449526
1259,0.009287111,0.00034070143,0.008860563
1259.2,0.011352794,0.00084014994,0.009232926
1259.3999,0.012213547,0.0015057814,0.00846827
1259.6,0.011601745,0.0021836301,0.0067713335
1259.7999,0.0096099675,0.0026998133,0.0045753205
1260,0.006736587,0.0029213345,0.002410218
1260.2,0.0037657542,0.0027969754,0.0007818125
1260.4,0.0014819087,0.002359336,0.00007008818
1260.6,0.0004084039,0.0017080986,0.0004414479
1260.7999,0.0007454479,0.0009963213,0.0018139735
1261,0.0024330392,0.00040872916,0.0038890818
1261.2,0.0051558334,0.000109433284,0.0061978363
1261.4,0.008301949,0.00017498189,0.00815781
1261.6,0.011065035,0.0005718636,0.009221403
1261.8,0.0127243325,0.0011995237,0.009104275
1262,0.012884443,0.0019383987,0.007903255
1262.2,0.011525917,0.0026472881,0.0059855534
1262.4,0.008962649,0.003147408,0.0037987782
1262.6,0.0058059795,0.0032710223,0.0017939989
1262.8,0.0028615112,0.0029620712,0.0004316175
1263,0.0008996322,0.0023176796,0.000105980784
1263.2,0.00041676662,0.0015254539,0.0009618371
1263.3999,0.0015186805,0.0007818035,0.00277477
1263.6,0.0039134226,0.00026003493,0.0050373
1263.7999,0.006977953,0.00009369474,0.007179323
1264,0.009931617,0.00033448212,0.008736973
1264.2,0.012084755,0.0009220382,0.009389635
1264.3999,0.013006171,0.0017102812,0.00895686
1264.6,0.012529952,0.002520685,0.0074704057
1264.7999,0.01071526,0.0031740053,0.0052705426
1265,0.007885411,0.003508632,0.0029471775
1265.2,0.004682256,0.003417493,0.0011028815
1265.4,0.0019639323,0.0028981585,0.00015741712
1265.6,0.00051442115,0.0020778812,0.00032962073
1265.7999,0.0007433548,0.0011845696,0.001654017
1266,0.0025693597,0.00046819902,0.0038894524
1266.2,0.0055043544,0.00011271366,0.006460138
1266.4,0.008819247,0.0001916498,0.008642536
1266.6,0.011701529,0.00067587127,0.009880445
1266.8,0.013418794,0.0014497146,0.009925886
1267,0.013512735,0.002316152,0.008787992
1267.2,0.011954321,0.0030340282,0.0067048324
1267.4,0.009154348,0.003409932,0.00417239
1267.6,0.0058279424,0.0033737575,0.0018612988
1267.8,0.0028073348,0.0029697353,0.00038794143
1268,0.0008552319,0.002303178,0.00011656807
1268.2,0.0004693974,0.0015158238,0.0010969819
1268.3999,0.0017204969,0.0007814869,0.003076876
1268.6,0.0042293738,0.00027132407,0.0055513405
1268.7999,0.0073170844,0.000100626814,0.007887416
1269,0.010228373,0.00031178613,0.009499881
1269.2,0.012310369,0.0008856155,0.009991375
1269.3999,0.013112564,0.0017246768,0.0092336945
1269.6,0.012439804,0.0026215622,0.00741272
1269.7999,0.010395378,0.003303615,0.004998307
1270,0.0074150735,0.0035705962,0.0026035772
1270.2,0.004230691,0.0033918438,0.0008089916
1270.4,0.0016892175,0.0028631648,0.00004239526
1270.6,0.0004713489,0.002109983,0.0005038463
1270.7999,0.00088039314,0.0012681888,0.0020965384
1271,0.0028024726,0.00052852044,0.0044099577
1271.2,0.005770031,0.00011709306,0.006820605
1271.4,0.009050836,0.00017130347,0.00868161
1271.6,0.01180423,0.00064947,0.009511877
1271.8,0.013331441,0.0013878038,0.00912331
1272,0.0132920155,0.0022085595,0.007653931
1272.2,0.011749142,0.0029431325,0.00549824
1272.4,0.009084939,0.0034042182,0.0031831816
1272.6,0.0059091076,0.0034287213,0.0012540426
1272.8,0.002971478,0.0029893047,0.00017180065
1273,0.0010099754,0.0022329523,0.00019531406
1273.2,0.0005449277,0.0013893398,0.0012919031
1273.3999,0.0017148517,0.00066201057,0.0031527772
1273.6,0.004227811,0.0001979932,0.005302475
1273.7999,0.007447214,0.000097241136,0.007222641
1274,0.010584178,0.00039614807,0.008454931
1274.2,0.012908446,0.0010329111,0.008696633
1274.3999,0.013886527,0.0018418282,0.007876165
1274.6,0.013257251,0.002593586,0.0061785863
1274.7999,0.011117572,0.0030689475,0.004018254
1275,0.007978438,0.0031408886,0.0019528997
1275.2,0.004656737,0.0028169984,0.00052408467
1275.4,0.0020050732,0.0022107954,0.00008297499
1275.6,0.0006611658,0.0014784466,0.0007121511
1275.7999,0.0009350973,0.00078119576,0.002255517
1276,0.002772437,0.00027224646,0.004361342
1276.2,0.005735098,0.000069552865,0.0065141018
1276.4,0.00907073,0.0002187602,0.008138371
1276.6,0.01192618,0.0006803094,0.008788087
1276.8,0.0136100985,0.0013403996,0.0082976725
1277,0.013766368,0.0020290734,0.006808821
1277.2,0.012416319,0.002560742,0.004716413
1277.4,0.009901984,0.0028023308,0.0025683644
1277.6,0.006778044,0.0027175227,0.0009069359
1277.8,0.0037144814,0.002348857,0.00010908246
1278,0.0014307129,0.001780765,0.00032637117
1278.2,0.0005753714,0.0011318634,0.001501375
1278.3999,0.0014850132,0.00055096473,0.0033651276
1278.6,0.0039643706,0.0001766041,0.0054448023
1278.7999,0.00732636,0.00009026265,0.00719062
1279,0.010686582,0.00030925445,0.008173733
1279.2,0.013252544,0.00079627516,0.008185066
1279.3999,0.014452987,0.0014494809,0.00722099
1279.6,0.013997129,0.0021049688,0.005485216
1279.7999,0.0119585,0.0025923373,0.0034055093
1280,0.008818075,0.002801632,0.0015321152
1280.2001,0.0053624376,0.0026978157,0.00033343592
1280.3999,0.0024570297,0.002304337,0.00006823811
1280.6,0.0008075742,0.0017032078,0.0007848847
1280.8,0.00080000435,0.0010354245,0.0023278005
1280.9999,0.0024449027,0.00046546556,0.004319972
1281.2,0.005390516,0.00013324068,0.0062356004
1281.4,0.008960014,0.0001296247,0.007584937
1281.6001,0.012247889,0.0004792685,0.008066732
1281.7999,0.014358651,0.0011145212,0.0075999945
1282,0.0147340875,0.0018779917,0.006299428
1282.2,0.013338411,0.0025744268,0.004454104
1282.3999,0.0105795795,0.0030242978,0.0024891333
1282.6,0.007125272,0.0030942778,0.00088730006
1282.8,0.003789824,0.0027433457,0.00007568765
1283,0.0014195291,0.0020726633,0.0002834709
1283.2,0.00064480497,0.00129379,0.0014335617
1283.3999,0.001628325,0.0006186647,0.0031830242
1283.6,0.0040538087,0.0001924998,0.005095099
1283.7999,0.0073228683,0.00010697091,0.0067605223
1284,0.010709979,0.00039682363,0.007798929
1284.2,0.013414765,0.0009843436,0.007898407
1284.4,0.014693928,0.0016785768,0.006986995
1284.5999,0.014143321,0.0022774944,0.005339024
1284.7999,0.011911112,0.0026518323,0.0034264787
1285,0.008628042,0.0027347615,0.001685232
1285.2001,0.005142901,0.0025022232,0.00045276896
1285.3999,0.002289344,0.002004203,0.000015266172
1285.6,0.00075200363,0.0013744852,0.0005429392
1285.8,0.00095268554,0.0007692888,0.001937679
1285.9999,0.0029199284,0.000311932,0.003831749
1286.2,0.006209658,0.00009727587,0.005766387
1286.4,0.00996651,0.00018908152,0.0073247487
1286.6001,0.013159705,0.0005663872,0.008145556
1286.7999,0.014926406,0.0011073372,0.00797575
1287,0.0148523925,0.0016713103,0.0068104994
1287.2,0.013040417,0.0021671783,0.0049495744
1287.3999,0.009989533,0.0025161179,0.0028783823
1287.6,0.006436299,0.0026025395,0.0011135896
1287.8,0.003223172,0.002336685,0.000116047006
1288,0.0011300737,0.0017718555,0.00018665691
1288.2,0.00065689103,0.0011012573,0.001313077
1288.3999,0.0018861825,0.0005277036,0.0031375499
1288.6,0.0045121214,0.00017671773,0.0051463954
1288.7999,0.0079428,0.00011070242,0.0068933396
1289,0.011372413,0.0003497601,0.008049311
1289.2,0.013897383,0.0008489337,0.008349201
1289.4,0.014791948,0.0014866777,0.0076349075
1289.5999,0.0138248755,0.0021022712,0.006008107
1289.7999,0.0113405045,0.0025413572,0.0038925686
1290,0.008039882,0.0026829822,0.0018785892
1290.2001,0.004704221,0.0024751788,0.00048069452
1290.3999,0.0020588378,0.0019741468,0.000010018425
1290.6,0.000707471,0.0013307955,0.0005732149
1290.8,0.0009972329,0.00071976235,0.0020764149
1290.9999,0.0028620895,0.0002801357,0.0041933334
1291.2,0.005815097,0.0001033054,0.0063916524
1291.4,0.009124424,0.00023150315,0.008091625
1291.6001,0.012031051,0.0006400355,0.008874947
1291.7999,0.013890405,0.0012303567,0.008590441
1292,0.014265864,0.0018574712,0.0073261745
1292.2,0.013032797,0.0023697617,0.0053550308
1292.3999,0.010458949,0.0026393232,0.0031215055
1292.6,0.00716691,0.0025916372,0.001198694
1292.8,0.0039596246,0.0022353393,0.00012413423
1293,0.0016005404,0.0016649725,0.00018563631
1293.2,0.0006483108,0.0010277162,0.0013349453
1293.3999,0.0013592483,0.00048123323,0.0032749265
1293.6,0.003620446,0.00016141898,0.005579283
1293.7999,0.006924198,0.0001533518,0.007739058
1294,0.0104539525,0.00046726997,0.009206476
1294.2,0.013306472,0.0010350047,0.009542164
1294.4,0.014761791,0.0017220732,0.00861215
1294.5999,0.014476269,0.002343272,0.0066681406
1294.7999,0.012547162,0.0027040332,0.0042487783
1295,0.009467033,0.0026881585,0.0019950897
1295.2001,0.00599317,0.0023282766,0.00047057218
1295.3999,0.0029577794,0.0017704645,0.00001417187
1295.6,0.0010670286,0.0011699449,0.0006675179
1295.8,0.0007424967,0.0006367973,0.002219532
1295.9999,0.0020356409,0.00026182615,0.0043120277
1296.2,0.0046267654,0.00014203732,0.006498456
1296.4,0.007910633,0.00033751415,0.0082622655
1296.6001,0.011140154,0.000803668,0.009117089
1296.7999,0.013579076,0.0013962225,0.008815651
1297,0.0146431625,0.0019477628,0.0074857455
1297.2,0.014037317,0.002330333,0.005531529
1297.3999,0.011863163,0.0024689022,0.0034131058
1297.6,0.008627538,0.0023360536,0.0015378402
1297.8,0.005123158,0.0019535522,0.00029538802
1298,0.0022360925,0.0013999364,0.000050763792
1298.2,0.0007387752,0.0008091506,0.0009739253
1298.3999,0.0010840597,0.00034215683,0.0028570646
1298.6,0.0032406207,0.00013111033,0.0051636626
1298.7999,0.006667925,0.00022964104,0.007284706
1299,0.010480745,0.00060440355,0.008741544
1299.2,0.013718612,0.0011573217,0.009223062
1299.4,0.015591729,0.0017458599,0.008593568
1299.5999,0.015648812,0.0022054506,0.0069698864
1299.7999,0.013872068,0.0023994294,0.004757523
1300,0.010693297,0.0022780814,0.0025258877
1300.2001,0.006908523,0.0018952162,0.0008161746
1300.3999,0.0034830319,0.0013702172,0.000027776767
1300.6,0.0012799036,0.0008362867,0.00035475436
1300.8,0.00081047544,0.00040692644,0.0016979049
1300.9999,0.0021313354,0.00016139944,0.0036484774
1301.2,0.0049121813,0.00014215079,0.005659844
1301.4,0.008550549,0.00035598286,0.007273933
1301.6001,0.012230297,0.00076807436,0.008186788
1301.7999,0.015011381,0.0012945076,0.008198692
1302,0.016092362,0.0018157196,0.007248506
1302.2,0.01515523,0.002209587,0.005529548
1302.3999,0.012504084,0.0023747582,0.0034809934
1302.6,0.00888513,0.002244434,0.0016112264
1302.8,0.0051938733,0.0018236099,0.00035335368
1303,0.00228004,0.0012283255,0.000034909757
1303.2,0.0008331739,0.00065018394,0.0008089905
1303.3999,0.0012432883,0.00025248813,0.002502044
1303.6,0.0034535541,0.000112713795,0.0046049454
1303.7999,0.0069200145,0.0002498443,0.0065277796
1304,0.010742362,0.00064731715,0.007859881
1304.2,0.013927575,0.0012189589,0.008386695
1304.4,0.015681634,0.0017949897,0.0079867365
1304.5999,0.015607215,0.0022019045,0.0066510336
1304.7999,0.013750911,0.0023547655,0.004622086
1305,0.010555107,0.0022509662,0.0024354102
1305.2001,0.0067834985,0.0019134786,0.0007384471
1305.3999,0.0033843424,0.0013904182,0.000015258976
1305.6,0.0012338714,0.0008011882,0.00042770823
1305.8,0.00085049286,0.00032536808,0.0018406285
1305.9999,0.002257571,0.00010767577,0.0039262883
1306.2,0.0050395485,0.00018251894,0.0062213317
1306.4,0.008487445,0.0004930523,0.00814997
1306.6001,0.011761568,0.00095544505,0.009146878
1306.7999,0.014077173,0.0014903467,0.0089033125
1307,0.014887929,0.0020051212,0.00752687
1307.2,0.0140034985,0.002369917,0.005444009
1307.3999,0.011626149,0.0024479781,0.0031830564
1307.6,0.008325318,0.0021863354,0.0012607278
1307.8,0.0049187234,0.0016726631,0.00014924754
1308,0.0022427998,0.0010777921,0.00016507675
1308.2,0.00091538124,0.0005539081,0.0013102902
1308.3999,0.0012213065,0.00020346828,0.0032565864
1308.6,0.0031046136,0.00010485136,0.0054960335
1308.7999,0.006172139,0.0003028225,0.0074946457
1309,0.009718151,0.0007579264,0.008779394
1309.2,0.01286291,0.0013416135,0.009028277
1309.4,0.014796676,0.0018980897,0.008170198
1309.5999,0.015005966,0.002293423,0.006412303
1309.7999,0.013409268,0.0024259337,0.004181763
1310,0.010403894,0.0022523124,0.0020342816
1310.2001,0.0067882463,0.001825785,0.00052216346
1310.3999,0.0035213,0.0012755913,0.0000163635
1310.6,0.0014191004,0.00073617394,0.0005971498
1310.8,0.0009544744,0.00031387687,0.002101368
1310.9999,0.0021990591,0.000098722085,0.0042128256
1311.2,0.0048310673,0.0001459115,0.006459598
1311.4,0.008190221,0.0004257205,0.008220578
1311.6001,0.011432063,0.00083629787,0.008934018
1311.7999,0.013759211,0.0012817648,0.008409182
1312,0.014618902,0.0017001727,0.006900196
1312.2,0.013806937,0.0020125103,0.0048778597
1312.3999,0.011504265,0.0021018602,0.0028024146
1312.6,0.008256802,0.0018983523,0.0010889632
1312.8,0.0048651565,0.0014688848,0.00012425179
1313,0.0021792876,0.0009711492,0.00016488196
1313.2,0.00086398236,0.0005344023,0.0011931433
1313.3999,0.0012285302,0.00022250557,0.0029113297
1313.6,0.003180216,0.000083081635,0.0048715547
1313.7999,0.0062845415,0.0001736996,0.0065978174
1314,0.009853844,0.00051081576,0.0076612597
1314.2,0.013030589,0.0010104228,0.007781909
1314.4,0.014946572,0.0015163586,0.0069464315
1314.5999,0.015019915,0.0018908271,0.0054164776
1314.7999,0.013234581,0.0020629426,0.0035918278
1315,0.010142928,0.0020107308,0.0018640412
1315.2001,0.006585543,0.0017405786,0.0005773656
1315.3999,0.003403671,0.0013027617,0.00003365805
1315.6,0.0013152141,0.0008057466,0.00041720865
1315.8,0.00084668957,0.0003828361,0.0016646524
1315.9999,0.0021920279,0.00013687737,0.0034429934
1316.2,0.0050793295,0.00012026745,0.0052892966
1316.4,0.008803455,0.00034411062,0.0067705493
1316.6001,0.012426085,0.0007683754,0.0075514903
1316.7999,0.015024879,0.0012821573,0.007428763
1317,0.015923368,0.0017364473,0.0064027803
1317.2,0.014875262,0.002023424,0.004725141
1317.3999,0.012145834,0.0021107772,0.0028317315
1317.6,0.008443542,0.0020007715,0.0011973139
1317.8,0.0047289142,0.0016942506,0.00021038995
1318,0.0019527351,0.0012216482,0.000094384806
1318.2,0.0007832809,0.0006928805,0.00085853424
1318.3999,0.0014299823,0.0002740841,0.0022988962
1318.6,0.0036560518,0.00009385524,0.0040626246
1318.7999,0.0069241137,0.00018023138,0.005732636
1319,0.010522248,0.00047879195,0.006906165
1319.2,0.013630847,0.0009042861,0.0072948635
1319.4,0.015445369,0.0013718703,0.006827078
1319.5999,0.015423775,0.0018000206,0.005655128
1319.7999,0.013529783,0.0021038055,0.00405335
1320,0.010275009,0.0022029653,0.0023374846
1320.2001,0.006525202,0.0020547397,0.0008793603
1320.3999,0.0032163542,0.0016863004,0.000093417424
1320.6,0.0011327926,0.0011901294,0.0002654361
1320.8,0.0007808793,0.000686942,0.0013542098
1320.9999,0.0022968643,0.0002947911,0.0030159394
1321.2,0.0053603784,0.00011543519,0.004822957
1321.4,0.009199433,0.00021153103,0.006411116
1321.6001,0.012795022,0.00057075184,0.0074601118
1321.7999,0.015226752,0.0010955818,0.007671677
1322,0.015941128,0.00164105,0.0068886834
1322.2,0.0148194805,0.0020714817,0.0052642114
1322.3999,0.012136057,0.0022969495,0.0032672172
1322.6,0.008513993,0.002281095,0.0014738591
1322.8,0.004835358,0.0020330467,0.00032932826
1323,0.0020273505,0.0015985038,0.00005979887
1323.2,0.0007940721,0.0010616707,0.0007070048
1323.3999,0.0014353285,0.00054759975,0.0021445216
1323.6,0.0037904289,0.00019553935,0.004040941
1323.7999,0.0072708754,0.0001028653,0.0058896244
1324,0.010992632,0.00028891227,0.0071855295
1324.2,0.014019745,0.0007083927,0.0076245624
1324.4,0.015627954,0.0012751751,0.0071511683
1324.5999,0.015462524,0.0018605881,0.0058869575
1324.7999,0.013572873,0.002303334,0.004097252
1325,0.010389429,0.0024743027,0.0022069018
1325.2001,0.0066626878,0.0023455175,0.00072670064
1325.3999,0.0033199242,0.0019797492,0.000060972
1325.6,0.0012212683,0.001466481,0.00036064818
1325.8,0.0008870594,0.0008989134,0.0015260817
1325.9999,0.0023313686,0.0004032143,0.0032676698
1326.2,0.0051054573,0.00013388775,0.0051408117
1326.4,0.008511161,0.00019317842,0.006624376
1326.6001,0.011810006,0.00055684336,0.0073012006
1326.7999,0.014309572,0.0010949736,0.007025909
1327,0.015405217,0.0016544978,0.0059359837
1327.2,0.014724794,0.0021157076,0.0043393327
1327.3999,0.012344431,0.0023987633,0.0026092925
1327.6,0.008859938,0.002452047,0.0011266764
1327.8,0.0051986775,0.0022504427,0.0002223708
1328,0.0023069035,0.0018121272,0.00010557552
1328.2,0.00089750026,0.0012237504,0.0008126185
1328.3999,0.0012977327,0.0006420836,0.0021916828
1328.6,0.0033834416,0.0002420911,0.0039161057
1328.7999,0.006632144,0.00013680782,0.0055466983
1329,0.010284816,0.00033853616,0.006662621
1329.2,0.013512788,0.00078702567,0.0070038564
1329.4,0.015538663,0.0013937433,0.0065285955
1329.5999,0.015787097,0.0020481022,0.0053710095
1329.7999,0.014107536,0.0025982296,0.0037798258
1330,0.010919454,0.0028694733,0.0020973997
1330.2001,0.00709833,0.002749241,0.0007378032
1330.3999,0.0036445097,0.002269949,0.00008520615
1330.6,0.0013724135,0.0015945832,0.0003321881
1330.8,0.0007694494,0.000920082,0.001388903
1330.9999,0.0019703573,0.00040568132,0.0029429593
1331.2,0.004738809,0.00016919045,0.0045967307
1331.4,0.008454615,0.00028987095,0.005969683
1331.6001,0.012199587,0.00076707965,0.0067534116
1331.7999,0.014993162,0.0014796518,0.006769618
1332,0.016099844,0.0022183256,0.0060230945
1332.2,0.015253594,0.002775004,0.004696439
1332.3999,0.012706968,0.0030114227,0.0030891837
1332.6,0.009124871,0.002881148,0.0015579981
1332.8,0.005391061,0.002429387,0.0004634891
1333,0.00238905,0.0017773099,0.00008137532
1333.2,0.0008137942,0.0010850528,0.0005044804
1333.3999,0.0010472055,0.00051310076,0.0016277082
1333.6,0.0030782912,0.00019965708,0.0032177938
1333.7999,0.0064506317,0.00023265873,0.00496376
1334,0.010310761,0.00060523505,0.0064765434
1334.2,0.013648949,0.0012042911,0.007340073
1334.4,0.015646333,0.0018679817,0.007270874
1334.5999,0.01588714,0.0024527765,0.0062677967
1334.7999,0.0143440515,0.0028416836,0.004612599
1335,0.011313676,0.0029289837,0.0027491245
1335.2001,0.0074496646,0.0026582482,0.0011527924
1335.3999,0.003751519,0.0020898562,0.0002202926
1335.6,0.0012793646,0.0013920049,0.00017344873
1335.8,0.00069937826,0.0007489298,0.0010173962
1335.9999,0.002045821,0.0003005594,0.0025672785
1336.2,0.004850011,0.00015457146,0.004481344
1336.4,0.008390792,0.00038071285,0.0062844926
1336.6001,0.011835772,0.0009356719,0.0074711125
1336.7999,0.014337182,0.0016259032,0.0077082375
1337,0.015230978,0.0022144187,0.006976298
1337.2,0.014278646,0.0025639576,0.005514539
1337.3999,0.011752468,0.0026512255,0.003678754
1337.6,0.008308465,0.002486467,0.0018765758
1337.8,0.0047815624,0.0020817483,0.00054623187
1338,0.0020084737,0.0014987655,0.000051145224
1338.2,0.0006604228,0.0008792235,0.00052407273
1338.3999,0.0010687083,0.00038896367,0.0018219096
1338.6,0.003119982,0.00013850426,0.003615762
1338.7999,0.006292006,0.00016453884,0.0054921764
1339,0.009796589,0.00045583767,0.007015961
1339.2,0.012755112,0.00096158613,0.00781627
1339.4,0.014391989,0.001576867,0.007702602
1339.5999,0.014252426,0.00214735,0.006715412
1339.7999,0.012372632,0.0025115546,0.0050805127
1340,0.009282659,0.0025585848,0.003151276
1340.2001,0.0058109034,0.0022723547,0.0013859746
1340.3999,0.0028118188,0.0017406343,0.00028333487
1340.6,0.00096158125,0.0011189635,0.00021515015
1340.8,0.0006626014,0.00056918,0.0012486975
1340.9999,0.0019982122,0.00021574149,0.0031057212
1341.2,0.0046897386,0.0001340946,0.0052779703
1341.4,0.008098843,0.00034258814,0.0072008814
1341.6001,0.011356927,0.000783518,0.008403374
1341.7999,0.0136196315,0.0013286744,0.008609611
1342,0.014324164,0.0018345308,0.007784238
1342.2,0.013319877,0.002200003,0.0061230063
1342.3999,0.010860734,0.0023694246,0.0040159877
1342.6,0.0075358152,0.002302378,0.0019872594
1342.8,0.004170448,0.0019767608,0.0005716925
1343,0.0016522731,0.0014385108,0.00012784408
1343.2,0.00067100563,0.0008308489,0.0007013399
1343.3999,0.0014797335,0.0003426274,0.002060373
1343.6,0.0038281984,0.00011422153,0.003856103
1343.7999,0.0070999716,0.00019043221,0.005734095
1344,0.010526259,0.0005397847,0.007321525
1344.2,0.013335418,0.0010837037,0.008208961
1344.4,0.014840913,0.0016989829,0.008076127
1344.5999,0.014581766,0.002223515,0.006908787
1344.7999,0.012538419,0.0025068822,0.005064722
1345,0.009244939,0.0024785122,0.0030826502
1345.2001,0.005617821,0.002165337,0.0014294721
1345.3999,0.0025940107,0.0016534025,0.00040869747
1345.6,0.00086471916,0.0010559297,0.00020882634
1345.8,0.0008170874,0.00051282323,0.00092038454
1345.9999,0.0025203472,0.00017120643,0.0024545435
1346.2,0.005632814,0.00012231179,0.0044765132
1346.4,0.009373782,0.00036000434,0.0064783217
1346.6001,0.012749607,0.0008133057,0.007954083
1346.7999,0.0149174165,0.001397286,0.0085467035
1347,0.01538877,0.0020114146,0.008114949
1347.2,0.014031514,0.002514902,0.006761073
1347.3999,0.011093049,0.002758106,0.004824378
1347.6,0.007289597,0.0026621995,0.0027948683
1347.8,0.0036903697,0.0022538947,0.0011643331
1348,0.0012765472,0.0016337116,0.0003099893
1348.2,0.00053922733,0.00095016055,0.00045173557
1348.3999,0.001486274,0.00039421016,0.0016151124
1348.6,0.0038855604,0.00014218038,0.0035612537
1348.7999,0.0073320605,0.00025861512,0.005783517
1349,0.011101673,0.000682723,0.0076723984
1349.2,0.014168155,0.0013138374,0.008756326
1349.4,0.015612267,0.0020553977,0.008825744
1349.5999,0.015092198,0.0027580417,0.00790457
1349.7999,0.012897997,0.0031926192,0.006198164
1350,0.00964431,0.0031779394,0.0040831827
1350.2001,0.0060318788,0.0027373477,0.00206754
1350.3999,0.0028348858,0.0020653175,0.0006648006
1350.6,0.00086428196,0.0013595306,0.00024183412
1350.8,0.0007065904,0.00074109726,0.0009202303
1350.9999,0.0024248573,0.00030405656,0.002548304
1351.2,0.0055380417,0.00015734213,0.0047370554
1351.4,0.009271504,0.0003750239,0.0069593214
1351.6001,0.012796629,0.00092758064,0.0086766975
1351.7999,0.015326793,0.0016865241,0.009448065
1352,0.016208913,0.0024752424,0.0090345275
1352.2,0.015132428,0.003105124,0.0075133042
1352.3999,0.012328313,0.0034113773,0.0053049685
1352.6,0.008536498,0.0033114164,0.00301724
1352.8,0.00473415,0.0028410398,0.0012111051
1353,0.0018411876,0.002127278,0.0002866676
1353.2,0.0005471055,0.0013355012,0.00048225067
1353.3999,0.0011997086,0.00064228417,0.0018180233
1353.6,0.0036843228,0.0002166997,0.003982047
1353.7999,0.0073869005,0.00017598232,0.006377231
1354,0.011365979,0.0005387496,0.008386433
1354.2,0.014654247,0.0012187691,0.009588871
1354.4,0.016484251,0.002050678,0.009751555
1354.5999,0.016389037,0.0028191847,0.008779427
1354.7999,0.014307093,0.0033055649,0.0068179197
1355,0.010714974,0.0033706303,0.004360773
1355.2001,0.006583195,0.0030216412,0.0021027848
1355.3999,0.0030362909,0.0023901698,0.0006260206
1355.6,0.0009405693,0.0016441761,0.00024375452
1355.8,0.0007266816,0.0009305192,0.0010527412
1355.9999,0.0024310688,0.00038317646,0.0029506672
1356.2,0.005716968,0.00013575156,0.0055266395
1356.4,0.009824283,0.0002794201,0.008058547
1356.6001,0.013666224,0.00079689606,0.009806239
1356.7999,0.01618937,0.0015531916,0.010374599
1357,0.016770044,0.0023562743,0.009781584
1357.2,0.015354937,0.0030188828,0.008248277
1357.3999,0.012351532,0.0033805813,0.0060453517
1357.6,0.008475639,0.0033266034,0.003564115
1357.8,0.004636697,0.0028407956,0.001416208
1358,0.0017747332,0.002050616,0.0002753493
1358.2,0.0006083172,0.0011923923,0.0005165081
1358.3999,0.0014090345,0.0005083577,0.0020256923
1358.6,0.0039354875,0.00016250889,0.0043435553
1358.7999,0.0075332285,0.00021956742,0.00689994
1359,0.011314057,0.0006521385,0.009110024
1359.2,0.014353403,0.0013432421,0.010416012
1359.4,0.015898664,0.0021068014,0.010438721
1359.5999,0.015569885,0.0027469245,0.009167591
1359.7999,0.013475028,0.003120027,0.0069749397
1360,0.010161052,0.003152803,0.004435528
1360.2001,0.006424158,0.0028293452,0.0021415255
1360.3999,0.003108421,0.002197499,0.0006145128
1360.6,0.0009772088,0.0013985625,0.00023192416
1360.8,0.0005920432,0.0006610842,0.0011036675
1360.9999,0.0021108366,0.0002157609,0.0029885971
1361.2,0.0051197014,0.00018073546,0.0053602993
1361.4,0.008747147,0.0005187048,0.0075964397
1361.6001,0.0120591335,0.0010980614,0.009170833
1361.7999,0.014381558,0.0017798282,0.009759788
1362,0.015305325,0.002441688,0.009256581
1362.2,0.014575633,0.0029448303,0.0077521987
1362.3999,0.012187718,0.0031285482,0.005544773
1362.6,0.008632348,0.0028873652,0.0031517735
1362.8,0.004883512,0.0022684317,0.0012102486
1363,0.0019798758,0.0014716238,0.00023653233
1363.2,0.0005981064,0.00074173417,0.00042119154
1363.3999,0.0009807701,0.0002625516,0.0016366496
1363.6,0.0030529005,0.00012543314,0.0035822727
1363.7999,0.0064087925,0.00033856236,0.005862643
1364,0.010233442,0.0008331288,0.007970299
1364.2,0.013475421,0.0014782338,0.009341156
1364.4,0.015278178,0.0021202404,0.009569446
1364.5999,0.015282192,0.0026191687,0.008612846
1364.7999,0.013585547,0.0028598148,0.0067794314
1365,0.010585095,0.002763262,0.0045439205
1365.2001,0.0069276304,0.0023271132,0.0024006628
1365.3999,0.0034782018,0.0016603798,0.0008209663
1365.6,0.0011231313,0.0009547723,0.00020329317
1365.8,0.00047648314,0.00040389484,0.0007459899
1365.9999,0.0017019763,0.00014176652,0.0023390374
1366.2,0.0045024906,0.00022939734,0.0045932583
1366.4,0.008193722,0.00065185357,0.0069749327
1366.6001,0.01184957,0.0013043594,0.008932122
1366.7999,0.014549,0.0020019403,0.00998671
1367,0.015639013,0.0025423507,0.009845419
1367.2,0.014873229,0.0027863665,0.008518048
1367.3999,0.012423098,0.002692922,0.006341797
1367.6,0.008853256,0.0022999037,0.003871417
1367.8,0.005048892,0.0016975787,0.0017211505
1368,0.0020048257,0.0010236411,0.00044037215
1368.2,0.00051080354,0.00045288022,0.00040170795
1368.3999,0.00090964366,0.00014665887,0.0016756469
1368.6,0.00303799,0.00018322219,0.0039667157
1368.7999,0.0063049756,0.00053018064,0.0066911974
1369,0.009849675,0.0010789089,0.0091474615
1369.2,0.012770582,0.0016954043,0.010680543
1369.4,0.014377119,0.0022467515,0.010839495
1369.5999,0.014346891,0.0026118553,0.0095525235
1369.7999,0.012739075,0.0026994797,0.0072068023
1370,0.0099328775,0.0024714293,0.0044959895
1370.2001,0.006558478,0.0019604024,0.0021249992
1370.3999,0.0033969986,0.0012833722,0.0006145601
1370.6,0.0012122905,0.00063411344,0.00027528376
1370.8,0.0005557104,0.00021853132,0.0011970375
1370.9999,0.001623719,0.00015153307,0.0031624446
1371.2,0.004196955,0.00041016692,0.005621283
1371.4,0.007662381,0.00088776625,0.007873175
1371.6001,0.011146633,0.0014689141,0.009349691
1371.7999,0.013760061,0.0020432365,0.009760597
1372,0.014855542,0.0024851814,0.009062401
1372.2,0.014179654,0.0026728115,0.007402608
1372.3999,0.011897969,0.0025464166,0.0051312502
1372.6,0.008559191,0.0021383888,0.0027959482
1372.8,0.005003119,0.0015501314,0.0010110518
1373,0.0021525498,0.0009215322,0.0002386
1373.2,0.0007196906,0.0004115361,0.00063426944
1373.3999,0.0009991614,0.00015732691,0.0020478345
1373.6,0.0028606076,0.00021479663,0.0041236216
1373.7999,0.0058523747,0.000541097,0.0063959076
1374,0.009286373,0.0010372174,0.008348625
1374.2,0.012332742,0.0015929665,0.009491641
1374.4,0.014226549,0.0020966185,0.009493138
1374.5999,0.0145263495,0.0024370046,0.008316274
1374.7999,0.013225086,0.002526227,0.006258802
1375,0.010653889,0.0023280992,0.0038614604
1375.2001,0.007349059,0.0018735336,0.0017442033
1375.3999,0.0040159714,0.0012686716,0.0004402408
1375.6,0.0014943195,0.00068269105,0.0002615281
1375.8,0.00055546366,0.0002835571,0.0012257873
1375.9999,0.0015755899,0.00015489997,0.0030739116
1376.2,0.0043375804,0.00027931784,0.0053599477
1376.4,0.008116141,0.000594915,0.0075567197
1376.6001,0.011942206,0.0010394289,0.009150308
1376.7999,0.014871796,0.0015356875,0.009745626
1377,0.016196536,0.0019694339,0.009182313
1377.2,0.015598485,0.0022213361,0.007599488
1377.3999,0.013224482,0.0022262984,0.0053951438
1377.6,0.009649529,0.0019897646,0.0031032108
1377.8,0.0057464144,0.0015641922,0.0012575054
1378,0.0024960374,0.0010406525,0.00028696295
1378.2,0.000749886,0.00055055885,0.00044474244
1378.3999,0.0009775728,0.00022727219,0.0017577903
1378.6,0.0031034024,0.00014318379,0.0039909245
1378.7999,0.0065414594,0.0002925139,0.0066468366
1379,0.010410727,0.00062573224,0.009051781
1379.2,0.013788719,0.0010740353,0.010552163
1379.4,0.015891664,0.0015408621,0.010748056
1379.5999,0.01620085,0.0019049702,0.009621785
1379.7999,0.014594685,0.002066243,0.007494089
1380,0.01144439,0.0019920291,0.004889083
1380.2001,0.0075528184,0.0017165906,0.0024192932
1380.3999,0.0039104866,0.0013113726,0.00069470983
1380.6,0.0014021451,0.00086546474,0.00018498283
1380.8,0.0006051275,0.00047547737,0.0010465158
1380.9999,0.0016943464,0.0002259702,0.0030413668
1381.2,0.0044095404,0.00016684271,0.005631593
1381.4,0.00809687,0.00030867255,0.00817257
1381.6001,0.011861919,0.00063106173,0.010069834
1381.7999,0.014793167,0.0010823291,0.010868495
1382,0.016169986,0.0015710497,0.010338432
1382.2,0.015623037,0.0019741566,0.00857391
1382.3999,0.013253103,0.0021758478,0.0060235523
1382.6,0.009654211,0.002116998,0.0033671905
1382.8,0.0057600345,0.0018172753,0.0012824355
1383,0.0025561224,0.0013576245,0.00024520015
1383.2,0.0008192386,0.0008487832,0.00045745252
1383.3999,0.0009716505,0.0004133842,0.0018656439
1383.6,0.0029996384,0.00017166726,0.0041755755
1383.7999,0.006403825,0.0002028344,0.006847638
1384,0.010278621,0.00049444486,0.009170307
1384.2,0.013593537,0.00093918014,0.010488605
1384.4,0.015540767,0.0013998765,0.010477901
1384.5999,0.01572648,0.0017758788,0.009237158
1384.7999,0.014160216,0.0020065703,0.007145594
1385,0.01118704,0.002040315,0.0046767406
1385.2001,0.007462134,0.0018404895,0.0023429669
1385.3999,0.0038873653,0.0014360836,0.00069523085
1385.6,0.0013984698,0.00094269303,0.00019642337
1385.8,0.0006572634,0.0005052497,0.0009905847
1385.9999,0.0018304033,0.0002229207,0.0028125246
1386.2,0.0045682155,0.00013554152,0.005147942
1386.4,0.008148056,0.00025564706,0.007448755
1386.6001,0.011687661,0.0005742992,0.009213645
1386.7999,0.014360096,0.0010232485,0.010006841
1387,0.015564036,0.0014607855,0.009572361
1387.2,0.015021469,0.0017395695,0.007996508
1387.3999,0.012818915,0.0017961095,0.0057158046
1387.6,0.009424338,0.0016589328,0.0033252018
1387.8,0.0056527667,0.0013855617,0.0013726177
1388,0.002496453,0.0010237752,0.00027852965
1388.2,0.00081289996,0.0006331335,0.0003066706
1388.3999,0.0010306637,0.00030773622,0.001474658
1388.6,0.003058183,0.00014064544,0.0034682963
1388.7999,0.0063927337,0.00016562332,0.0057208706
1389,0.010271564,0.0003532015,0.0076528117
1389.2,0.01378464,0.00065207144,0.0088646235
1389.4,0.016029984,0.0010080895,0.009153303
1389.5999,0.01637651,0.001350068,0.008452893
1389.7999,0.014715371,0.0015932925,0.0068549695
1390,0.011506902,0.0016781575,0.004690704
1390.2001,0.0075953933,0.0015946941,0.0025077034
1390.3999,0.0039455714,0.0013635064,0.0008764028
1390.6,0.0014300637,0.0010183159,0.00017814324
1390.8,0.00066365127,0.0006271731,0.00053820584
1390.9999,0.0018516962,0.00030568597,0.0018695771
1391.2,0.0046984535,0.00016488852,0.0039018905
1391.4,0.008457274,0.00023947778,0.0061864327
1391.6001,0.01214452,0.0004894342,0.008166035
1391.7999,0.014843655,0.00085884944,0.009329008
1392,0.015961252,0.001296862,0.0093624415
1392.2,0.015316831,0.0017190671,0.008239709
1392.3999,0.013080749,0.0019875856,0.0062411036
1392.6,0.009702971,0.0019796086,0.0038940278
1392.8,0.0059118737,0.0016895782,0.0018119158
1393,0.002656131,0.0012392642,0.00049603765
1393.2,0.0008350059,0.00078432803,0.00021816464
1393.3999,0.0009351102,0.00043060392,0.0010128593
1393.6,0.0028840401,0.00022784706,0.0027036658
1393.7999,0.006189038,0.00020317321,0.0049192146
1394,0.010110909,0.0003741165,0.0071425396
1394.2,0.013734721,0.0007257543,0.008828047
1394.4,0.01610532,0.0011844437,0.009546179
1394.5999,0.01654938,0.0016277579,0.00909725
1394.7999,0.014965216,0.0019324647,0.00757561
1395,0.011812841,0.0020219306,0.0053649424
1395.2001,0.007891394,0.00188125,0.003034382
1395.3999,0.0041515813,0.0015478965,0.0011717479
1395.6,0.001541777,0.0011038868,0.00024929416
1395.8,0.00075269176,0.0006674302,0.00055212236
1395.9999,0.0019614466,0.0003603843,0.0021026281
1396.2,0.0048138537,0.00025813136,0.0045613702
1396.4,0.008613683,0.00036739232,0.007234906
1396.6001,0.012478014,0.0006492479,0.009315505
1396.7999,0.015433457,0.0010447435,0.0102372905
1397,0.016649952,0.001468438,0.009869517
1397.2,0.015795065,0.0018004329,0.008432965
1397.3999,0.0131837865,0.0019281213,0.00630321
1397.6,0.009566877,0.0018156368,0.003910235
1397.8,0.005813539,0.0015189291,0.0017565994
1398,0.0027497238,0.0011323438,0.0004040716
1398.2,0.0010827029,0.0007413899,0.00030476827
1398.3999,0.001248533,0.00042318364,0.0015555788
1398.6,0.0032395413,0.00025276246,0.0038045468
1398.7999,0.0065823076,0.00027567658,0.006412626
1399,0.0104742395,0.00047787715,0.0087145455
1399.2,0.013969118,0.000802121,0.010179407
1399.4,0.016187694,0.0011871279,0.010465496
1399.5999,0.016565818,0.0015714765,0.009482953
1399.7999,0.015032558,0.0018699116,0.007467329
1400,0.011994081,0.0019812384,0.00494367
1400.2001,0.008178148,0.0018459421,0.0025463146
1400.3999,0.0044788127,0.0014957937,0.00082986965
1400.6,0.0018111587,0.0010400562,0.00017914876
1400.8,0.0008949086,0.00061094784,0.0007654984
1400.9999,0.002007103,0.00032269405,0.0024783993
1401.2,0.0048711356,0.00025049862,0.004899558
1401.4,0.008754444,0.0004085069,0.0074179727
1401.6001,0.012686077,0.0007384694,0.009428144
1401.7999,0.015700046,0.0011364515,0.010468581
1402,0.01707143,0.0015024488,0.010282714
1402.2,0.016490525,0.0017672104,0.008882397
1402.3999,0.014105808,0.0018840807,0.006599951
1402.6,0.010458485,0.0018193075,0.0040206
1402.8,0.0063913884,0.0015682467,0.0017912843
1403,0.002919626,0.0011809896,0.00044476253
1403.2,0.0009815034,0.00075992156,0.0003124048
1403.3999,0.0011171987,0.00042080414,0.0014645421
1403.6,0.003284061,0.0002500403,0.0036490276
1403.7999,0.006923688,0.00028732972,0.0063150674
1404,0.011161737,0.000527528,0.008774038
1404.2,0.01499236,0.000920939,0.010406819
1404.4,0.0174649,0.0013721487,0.010813574
1404.5999,0.017930776,0.0017566662,0.009902424
1404.7999,0.016259886,0.001962407,0.007920634
1405,0.012878251,0.0019349104,0.0053808945
1405.2001,0.008627677,0.0016950673,0.00289664
1405.3999,0.00456334,0.0013186614,0.0010382895
1405.6,0.0017247517,0.00089939975,0.00025814614
1405.8,0.00084728946,0.0005273265,0.0008019846
1405.9999,0.0021098012,0.00028595646,0.0025742468
1406.2,0.0051124725,0.00024102323,0.0050981315
1406.4,0.009091572,0.00040849863,0.0076876525
1406.6001,0.013146893,0.00073207443,0.009709
1406.7999,0.016346779,0.0011076945,0.0107275555
1407,0.017843498,0.0014394862,0.010525755
1407.2,0.017142588,0.0016690793,0.009118592
1407.3999,0.014381703,0.001761333,0.0068020364
1407.6,0.0103306,0.0016884132,0.0041401754
1407.8,0.006080643,0.0014459072,0.0018260921
1408,0.0026866663,0.0010817748,0.0004648436
1408.2,0.0009426783,0.0006937373,0.00038761838
1408.3999,0.0012391126,0.00038660294,0.0015786955
1408.6,0.0034574938,0.00023031014,0.003726546
1408.7999,0.006995847,0.00025109432,0.006328279
1409,0.010959885,0.00044245622,0.008772431
1409.2,0.014388872,0.00076878554,0.01042755
1409.4,0.016428327,0.001160081,0.010819688
1409.5999,0.016522322,0.0015186309,0.009843203
1409.7999,0.014637041,0.0017491353,0.007809304
1410,0.01131732,0.0017942268,0.005271505
1410.2001,0.0074513387,0.0016484723,0.0028187765
1410.3999,0.003945487,0.001348346,0.0009956544
1410.6,0.0015629753,0.00096006226,0.0002640016
1410.8,0.0008670412,0.0005776379,0.00086362456
1410.9999,0.002064325,0.00031284313,0.002648749
1411.2,0.004814302,0.00025647855,0.005107471
1411.4,0.008299493,0.00043177314,0.0075765597
1411.6001,0.0115895355,0.0007855581,0.0094548855
1411.7999,0.013963771,0.0012241782,0.010304541
1412,0.014976122,0.001649527,0.009906986
1412.2,0.014410622,0.00196534,0.008333499
1412.3999,0.012327059,0.0020792698,0.0059707146
1412.6,0.009152862,0.0019361438,0.0034310808
1412.8,0.0056491606,0.0015634557,0.0013673456
1413,0.0027079473,0.0010753766,0.0002702496
1413.2,0.0010848874,0.00062130764,0.00033750018
1413.3999,0.0011850379,0.0003245536,0.0014729147
1413.6,0.0029698554,0.0002519181,0.0033800763
1413.7999,0.006002291,0.00040940594,0.005640234
1414,0.009571367,0.0007467165,0.0077378163
1414.2,0.012824985,0.0011711357,0.009130292
1414.4,0.014929139,0.0015735859,0.0094276285
1414.5999,0.015301093,0.0018558892,0.008561429
1414.7999,0.01382938,0.001949411,0.0067828433
1415,0.010913247,0.0018290709,0.004530585
1415.2001,0.0073081413,0.0015246422,0.002327383
1415.3999,0.003918277,0.0011177704,0.00071811676
1415.6,0.001595384,0.00071473647,0.00014013218
1415.8,0.0009076069,0.0004083577,0.0007484383
1415.9999,0.0019632191,0.00025372184,0.002360181
1416.2,0.004454739,0.00026891645,0.0045562936
1416.4,0.007854916,0.00045102712,0.006802971
1416.6001,0.01149772,0.0007850012,0.008533615
1416.7999,0.014520791,0.0012270048,0.009281552
1417,0.015988875,0.0016751164,0.008863693
1417.2,0.015350018,0.001980775,0.0074451454
1417.3999,0.012816731,0.0020310616,0.005415776
1417.6,0.009213733,0.0018300002,0.0032365988
1417.8,0.0055000875,0.0014790719,0.0013817837
1418,0.0025060235,0.0010850703,0.00029378454
1418.2,0.0009442189,0.00071413425,0.0002593888
1418.3999,0.0013220576,0.0004253769,0.001299687
1418.6,0.0036463877,0.00030109228,0.0031863693
1418.7999,0.0072894664,0.0004054719,0.0055109216
1419,0.011258792,0.0007241555,0.0077113123
1419.2,0.014578131,0.0011743063,0.00915578
1419.4,0.016457068,0.0016598091,0.009394652
1419.5999,0.016369265,0.0020845488,0.008407255
1419.7999,0.014254332,0.002333714,0.006565369
1420,0.010681507,0.002304194,0.0043735947
1420.2001,0.006672523,0.0019839013,0.0022959155
1420.3999,0.003271611,0.001479892,0.0007597611
1420.6,0.001241542,0.00095232646,0.00014747909
1420.8,0.0010078661,0.0005364654,0.0006551251
1420.9999,0.0026444374,0.00032059778,0.0021576304
1421.2,0.0057875533,0.00035156513,0.00424451
1421.4,0.009640909,0.0006252421,0.0063767526
1421.6001,0.013209348,0.0010736624,0.008029644
1421.7999,0.015625112,0.0015782698,0.008799983
1422,0.01635007,0.002006881,0.008506921
1422.2,0.015230228,0.002253745,0.007241389
1422.3999,0.012505283,0.0022694326,0.005320889
1422.6,0.00879813,0.002068383,0.0031969433
1422.8,0.005014005,0.0017076087,0.0013701555
1423,0.002116825,0.0012603935,0.00029374016
1423.2,0.0008573607,0.0008147808,0.0002470527
1423.3999,0.0015668093,0.0004818739,0.0012344501
1423.6,0.0040822295,0.00036979723,0.0029755645
1423.7999,0.007795986,0.00052518584,0.004989206
1424,0.01178505,0.00090144796,0.006736863
1424.2,0.015009202,0.0013840826,0.0077851657
1424.4,0.016592806,0.0018366915,0.007917624
1424.5999,0.016123077,0.0021365285,0.007141626
1424.7999,0.013788803,0.0022084734,0.005637808
1425,0.010257432,0.0020518308,0.0037363253
1425.2001,0.0064096786,0.0017292534,0.0018974532
1425.3999,0.0031248312,0.0013240121,0.00059160264
1425.6,0.0011513927,0.00091285055,0.000112561924
1425.8,0.0009706889,0.00057213794,0.0005077614
1425.9999,0.0026475405,0.00038021538,0.0016702036
1426.2,0.0057865824,0.0003889533,0.0034109796
1426.4,0.009648455,0.0005953342,0.005397464
1426.6001,0.013335846,0.000949118,0.007105401
1426.7999,0.01596517,0.0013788856,0.007990985
1427,0.016848221,0.0018024006,0.007793505
1427.2,0.015701834,0.0021258967,0.00664695
1427.3999,0.0127890445,0.002258494,0.004915326
1427.6,0.008868735,0.002144276,0.0030025432
1427.8,0.0049614087,0.0017929755,0.0013135928
1428,0.0020549372,0.0012923687,0.00026107105
1428.2,0.00086259854,0.0007881334,0.00015870413
1428.3999,0.0016803704,0.00042802645,0.0010570074
1428.6,0.0043457397,0.00030385263,0.0027041824
1428.7999,0.008277368,0.00043507243,0.0046652667
1429,0.012571638,0.00078746723,0.006464801
1429.2,0.016166648,0.0012822553,0.0076730503
1429.4,0.018101245,0.0017893428,0.007982564
1429.5999,0.017822245,0.0021518937,0.0073049604
1429.7999,0.015388082,0.0022594482,0.0058195754
1430,0.011444949,0.002103522,0.003912941
1430.2001,0.007015008,0.0017577775,0.0020500666
1430.3999,0.0032319503,0.0013198636,0.0006612617
1430.6,0.0010809745,0.0008780499,0.00006208059
1430.8,0.001134213,0.00050958514,0.00038631898
1430.9999,0.0033572367,0.00028283463,0.0015476325
1431.2,0.0071322396,0.0002503212,0.0032642689
1431.4,0.011492717,0.00043361192,0.005133065
1431.6001,0.015382462,0.00080192595,0.0067096064
1431.7999,0.017835965,0.001262274,0.0075927796
1432,0.018180996,0.0016882522,0.007535253
1432.2,0.016301597,0.001973795,0.0065432875
1432.3999,0.012743025,0.0020609933,0.0048842453
1432.6,0.0084754145,0.0019315653,0.0029880546
1432.8,0.0045151287,0.0016045459,0.0013184701
1433,0.0017304509,0.0011530082,0.00027158175
1433.2,0.00080403336,0.0006970646,0.000096086325
1433.3999,0.002077085,0.0003573724,0.00083130074
1433.6,0.005279236,0.0002170768,0.0022970624
1433.7999,0.009510666,0.00031426875,0.0041450015
1434,0.013625467,0.00062863046,0.005932421
1434.2,0.01665988,0.0010616084,0.0072050057
1434.4,0.017976183,0.001472428,0.0076146633
1434.5999,0.017257355,0.0017649287,0.0070479363
1434.7999,0.014598618,0.0019183819,0.005669412
1435,0.010619134,0.0019300396,0.0038453976
1435.2001,0.006349547,0.0017725567,0.0020260192
1435.3999,0.0028920784,0.0014374963,0.0006530459
1435.6,0.0010814606,0.0009972268,0.000069335234
1435.8,0.0013001338,0.00058424636,0.00041543136
1435.9999,0.0034459145,0.000315893,0.0015824714
1436.2,0.007007864,0.00026346088,0.0032652798
1436.4,0.011194929,0.00046054908,0.0050531803
1436.6001,0.015059596,0.00088397885,0.0065032793
1436.7999,0.017647067,0.0014272335,0.0072354884
1437,0.01824463,0.0019356756,0.0070644957
1437.2,0.016657513,0.0022787475,0.0060693123
1437.3999,0.013299297,0.002381486,0.0045258235
1437.6,0.009033617,0.0022213093,0.0027900129
1437.8,0.0049235458,0.0018375885,0.001243882
1438,0.0019925372,0.0013334661,0.00026117932
1438.2,0.0009696667,0.0008351803,0.00009687801
1438.3999,0.0020851183,0.00044924798,0.0007602394
1438.6,0.0050705452,0.00026125976,0.0020260666
1438.7999,0.009306446,0.00033624336,0.0035749038
1439,0.013895298,0.00068163767,0.005094698
1439.2,0.017696215,0.0012233736,0.006276944
1439.4,0.019605855,0.0018423487,0.0068150377
1439.5999,0.01906365,0.0024107273,0.0065038777
1439.7999,0.016304398,0.0027794791,0.0053801737
1440,0.01212062,0.0027987359,0.0037536283
1440.2001,0.007505979,0.0024279666,0.0020805404
1440.3999,0.003527261,0.0018036173,0.0007810517
1440.6,0.0012425536,0.0011417352,0.00012532467
1440.8,0.0013887971,0.0006088188,0.00022043832
1440.9999,0.004018332,0.00031903744,0.0010375113
1441.2,0.0084473975,0.00037194637,0.002412478
1441.4,0.013516723,0.000789029,0.0040298887
1441.6001,0.01792891,0.0014323752,0.0054665846
1441.7999,0.02057614,0.0020803662,0.0063310056
1442,0.020835701,0.0025765975,0.0064148726
1442.2,0.018693546,0.0028485174,0.005742747
1442.3999,0.014662501,0.002838056,0.004511812
1442.6,0.009673939,0.0025110177,0.0030089007
1442.8,0.004978962,0.0019314657,0.001559942
1443,0.0018452114,0.0012602988,0.00049157353
1443.2,0.0010690939,0.0006744829,0.00006893661
1443.3999,0.0027233132,0.00032208508,0.0004135093
1443.6,0.006319892,0.00030926656,0.0014481397
1443.7999,0.011028237,0.0006455509,0.002916275
1444,0.015710047,0.0012125575,0.0044683698
1444.2,0.019073166,0.0018518665,0.005750542
1444.4,0.020179879,0.0024587559,0.0064511816
1444.5999,0.018887237,0.0029379828,0.0063463184
1444.7999,0.015728194,0.0031257938,0.0054000258
1445,0.011485295,0.00287517,0.003856003
1445.2001,0.0070033344,0.0022403905,0.002179074
1445.3999,0.003241049,0.0014736878,0.00084487756
1445.6,0.0011564704,0.0008207837,0.00015820947
1445.8,0.0013409681,0.0004095756,0.00022039167
1445.9999,0.0037509187,0.00030319652,0.0009732687
1446.2,0.0077456227,0.00052587374,0.0022212446
1446.4,0.012288313,0.0010089575,0.0036548704
1446.6001,0.016194014,0.0016028368,0.004928908
1446.7999,0.018454853,0.0021751008,0.005750452
1447,0.018554246,0.0026355493,0.005915283
1447.2,0.016565979,0.0028722468,0.005335067
1447.3999,0.013028016,0.0027659454,0.0041145417
1447.6,0.00876753,0.0023164432,0.0025935974
1447.8,0.0047559314,0.0016853588,0.0012218986
1448,0.0019315935,0.0010680654,0.00033850007
1448.2,0.0009791873,0.0005842481,0.00007998779
1448.3999,0.0021388,0.00030593498,0.00046119245
1448.6,0.005103985,0.00030295935,0.0014398692
1448.7999,0.0090776,0.0005988349,0.0028390733
1449,0.013047386,0.001116236,0.0042647463
1449.2,0.016142936,0.0017149259,0.0052468455
1449.4,0.01778607,0.0022588754,0.005535296
1449.5999,0.017609855,0.0026275357,0.0052017854
1449.7999,0.015471277,0.0027199541,0.004445318
1450,0.011716769,0.002502161,0.003394304
1450.2001,0.007331672,0.0020348318,0.0021467719
1450.3999,0.0035799071,0.00143626,0.0009473857
1450.6,0.0014142129,0.0008445176,0.00019648604
1450.8,0.0012402195,0.00041309203,0.00018919687
1450.9999,0.0030505606,0.00027692513,0.00089234224
1451.2,0.006497663,0.00047701556,0.0020345452
1451.4,0.010805371,0.00094277726,0.0033314636
1451.6001,0.014854928,0.001555253,0.0045510666
1451.7999,0.017582906,0.0021821542,0.005438856
1452,0.018361391,0.002658384,0.005718935
1452.2,0.017075742,0.0028202105,0.005244629
1452.3999,0.014031519,0.0026128958,0.0041329768
1452.6,0.009899288,0.0021262649,0.0027172568
1452.8,0.005655669,0.0015078806,0.0013788026
1453,0.0023919833,0.0008958711,0.000425731
1453.2,0.0010143961,0.00043555745,0.00006156777
1453.3999,0.001951907,0.0002623628,0.0003718545
1453.6,0.004975464,0.00040439807,0.0012924996
1453.7999,0.009242568,0.0007589727,0.0026030217
1454,0.0136106135,0.0012057855,0.00398147
1454.2,0.017030967,0.0016829626,0.0050906627
1454.4,0.018759891,0.0021305652,0.0056479173
1454.5999,0.018390259,0.0024262758,0.0054834294
1454.7999,0.015919736,0.0024400854,0.004610902
1455,0.011888514,0.0021473414,0.0032684933
1455.2001,0.007343279,0.0016453197,0.0018473067
1455.3999,0.0034950846,0.0010782597,0.0007251304
1455.6,0.0012950415,0.0005902734,0.0001434352
1455.8,0.0012120107,0.00031210843,0.00020655233
1455.9999,0.0032195738,0.00031854218,0.0009172061
1456.2,0.0068438677,0.0005889716,0.0021408405
1456.4,0.011232945,0.0010376805,0.00355163
1456.6001,0.015313548,0.0015665154,0.004715238
1456.7999,0.018045727,0.002067252,0.0053052614
1457,0.018701255,0.0024125567,0.005238432
1457.2,0.01708227,0.0025008572,0.0046086563
1457.3999,0.013608714,0.0023159063,0.0035641084
1457.6,0.009207465,0.0019225192,0.0022946158
1457.8,0.0050132303,0.0014173354,0.0010853575
1458,0.0020227483,0.00090381835,0.0002740027
1458.2,0.0008737449,0.00049220806,0.0000893242
1458.3999,0.001787055,0.00028517947,0.00054036896
1458.6,0.0045701195,0.00035176397,0.0014650148
1458.7999,0.008599812,0.0007072472,0.0026375118
1459,0.012865257,0.0012890932,0.0038063515
1459.2,0.016218182,0.0019423655,0.004687326
1459.4,0.017785065,0.0024698738,0.005019265
1459.5999,0.017257534,0.002734243,0.0046904883
1459.7999,0.014868445,0.0027016378,0.0038109948
1460,0.0112007335,0.0023976588,0.0026457016
1460.2001,0.007064869,0.001877009,0.0014852065
1460.3999,0.0034274324,0.0012523001,0.00057358155
1460.6,0.0012079208,0.0006931338,0.0000989722
1460.8,0.0009650668,0.0003448392,0.00017495235
1460.9999,0.002724333,0.0002675704,0.000792171
1461.2,0.006048778,0.00046610142,0.0017980208
1461.4,0.010183271,0.00092354894,0.0029454448
1461.6001,0.0141603565,0.0015643196,0.0039735367
1461.7999,0.01697694,0.0022208998,0.004663314
1462,0.017900055,0.0027006587,0.004863466
1462.2,0.016716814,0.0028866082,0.004512551
1462.3999,0.01375043,0.0027524647,0.0036656158
1462.6,0.009719016,0.0023290731,0.0025066123
1462.8,0.0055850632,0.0017100294,0.0013225741
1463,0.002375352,0.0010589842,0.00042857448
1463.2,0.0009156065,0.0005506056,0.00006497393
1463.3999,0.0015830277,0.00030387132,0.00032043812
1463.6,0.004217985,0.00037838012,0.0011194244
1463.7999,0.008180888,0.00077646866,0.0022575776
1464,0.012479906,0.0013982505,0.0034506528
1464.2,0.015992586,0.0020390651,0.0044005825
1464.4,0.017793983,0.0025023108,0.0048851874
1464.5999,0.017445896,0.002702585,0.004822162
1464.7999,0.01508266,0.0026374557,0.0042583724
1465,0.011315463,0.0023200286,0.003319311
1465.2001,0.007074289,0.0017949826,0.0021885033
1465.3999,0.0034160123,0.0011854487,0.0011089663
1465.6,0.0012671365,0.0006570935,0.0003385084
1465.8,0.0011548112,0.00033853814,0.00006433427
1465.9999,0.0030526523,0.00030213862,0.00036082108
1466.2,0.0064170198,0.0005738338,0.0012050144
1466.4,0.010381054,0.0010940775,0.0024658649
1466.6001,0.01399527,0.0016924862,0.0038531483
1466.7999,0.016407542,0.002175568,0.0049526407
1467,0.016986266,0.0024399436,0.0054147923
1467.2,0.0154870385,0.002465313,0.005136503
1467.3999,0.012244445,0.0022452362,0.0042536454
1467.6,0.008160576,0.0017961686,0.0030148153
1467.8,0.004363928,0.0012211712,0.0017098172
1468,0.0017877232,0.00069334544,0.0006531231
1468.2,0.0009834707,0.00035359195,0.00011292427
1468.3999,0.0021198688,0.000254911,0.00019960795
1468.6,0.004934424,0.00038950576,0.0008408818
1468.7999,0.0086792875,0.0007174309,0.0018592576
1469,0.012310723,0.0011623851,0.003036969
1469.2,0.014888826,0.0016160206,0.0041206987
1469.4,0.015855594,0.0019686592,0.0048411908
1469.5999,0.015060067,0.0021393395,0.004998034
1469.7999,0.012710454,0.0020919389,0.0045447266
1470,0.009353477,0.0018439658,0.0035988714
1470.2001,0.005776763,0.0014577007,0.0023940704
1470.3999,0.002809555,0.0010141433,0.0012250368
1470.6,0.0011488739,0.00060032355,0.00038772792
1470.8,0.0012361835,0.0003152093,0.00010438167
1470.9999,0.0031025147,0.00025024358,0.00046180817
1471.2,0.0062729735,0.00043459857,0.0013852194
1471.4,0.009925692,0.0008144195,0.002640965
1471.6001,0.013213974,0.0012937653,0.0038826563
1471.7999,0.015444413,0.0017670027,0.004766155
1472,0.016084196,0.002115589,0.0050809234
1472.2,0.01485968,0.002236214,0.004795163
1472.3999,0.0119838165,0.002107729,0.0040050233
1472.6,0.008206447,0.0017970278,0.0028846096
1472.8,0.0045411927,0.0013839678,0.0016819693
1473,0.0019228125,0.0009251809,0.00069246546
1473.2,0.0010138557,0.0005070238,0.00016347179
1473.3999,0.0020816168,0.00026888622,0.00020615454
1473.6,0.0048864167,0.00030624028,0.00079357834
1473.7999,0.008719035,0.00058735814,0.0018011435
1474,0.012626808,0.0010192636,0.0030128008
1474.2,0.015655102,0.0015335942,0.0041214847
1474.4,0.01702875,0.0020484317,0.004805892
1474.5999,0.016364327,0.0024013757,0.0048684687
1474.7999,0.013850871,0.0024238732,0.004318863
1475,0.010181997,0.0021032311,0.0033415211
1475.2001,0.00626634,0.0015931857,0.0022001648
1475.3999,0.0029986938,0.0010626103,0.0011561671
1475.6,0.0011658069,0.0006099178,0.00042455934
1475.8,0.0012871171,0.0003072968,0.00015141757
1475.9999,0.003368278,0.00023598352,0.0003923296
1476.2,0.006845153,0.00043265632,0.0010921528
1476.4,0.010829595,0.00083550374,0.0020909894
1476.6001,0.014398776,0.0013213119,0.0031696602
1476.7999,0.016731918,0.001775439,0.004102062
1477,0.017215371,0.002109219,0.0046800654
1477.2,0.01563513,0.0022471447,0.004737896
1477.3999,0.012334912,0.0021410664,0.0042177206
1477.6,0.008170673,0.0018063356,0.0032322844
1477.8,0.004261252,0.0013315909,0.002042927
1478,0.0016362758,0.00084409927,0.0009680064
1478.2,0.0009130978,0.0004609691,0.0003016264
1478.3999,0.002166198,0.0002605491,0.00024554197
1478.6,0.0050259586,0.00027891932,0.00081849267
1478.7999,0.008821156,0.00051087374,0.0018200149
1479,0.012635512,0.00090131524,0.002946604
1479.2,0.015441619,0.0013453992,0.003952903
1479.4,0.016465323,0.0017246205,0.0046708905
1479.5999,0.015528121,0.0019579725,0.004927613
1479.7999,0.013009955,0.0020163232,0.004570226
1480,0.009549578,0.0018970734,0.0036312924
1480.2001,0.0058740163,0.0016118045,0.0023986506
1480.3999,0.0027945978,0.0012102725,0.0012521818
1480.6,0.0010869203,0.00079218886,0.0004671627
1480.8,0.0012048761,0.00046705856,0.00018339384
1480.9999,0.0031117764,0.0003053268,0.00045563816
1481.2,0.0063512553,0.000336194,0.0012382396
1481.4,0.010172743,0.00056982326,0.002339284
1481.6001,0.013635282,0.0009907384,0.003459916
1481.7999,0.015833674,0.001523836,0.0043065306
1482,0.016223986,0.0020271563,0.004676077
1482.2,0.014776387,0.002342388,0.0044880114
1482.3999,0.011868008,0.0023686588,0.0037950994
1482.6,0.008144168,0.002107357,0.0027702416
1482.8,0.0044722296,0.0016544339,0.0016597944
1483,0.001808945,0.0011470563,0.00072605367
1483.2,0.00087423564,0.0007040298,0.00019288564
1483.3999,0.0018709034,0.00040832756,0.00018446258
1483.6,0.004498506,0.00032859689,0.00068201113
1483.7999,0.00814492,0.00051980064,0.0015430158
1484,0.012006919,0.0009696868,0.002563546
1484.2,0.015144874,0.0015565571,0.0035218955
1484.4,0.016667023,0.0021007895,0.0041991067
1484.5999,0.016080925,0.0024629002,0.0044204905
1484.7999,0.01356226,0.002578007,0.0041160155
1485,0.009880764,0.002430442,0.0033495012
1485.2001,0.0060329437,0.0020491106,0.0023033125
1485.3999,0.0028963261,0.0015268577,0.0012377694
1485.6,0.0011116444,0.0010004732,0.00042325046
1485.8,0.0010900302,0.0005951859,0.000052434218
1485.9999,0.0029274079,0.00039957243,0.00019429813
1486.2,0.0062318994,0.00047228747,0.0008181076
1486.4,0.01012145,0.0008204583,0.0018204991
1486.6001,0.013532343,0.0013582329,0.0030064872
1486.7999,0.01561764,0.0019295767,0.004089758
1487,0.015940739,0.0023947312,0.004780427
1487.2,0.014465651,0.00267214,0.0048959134
1487.3999,0.011524491,0.0027077238,0.0043977397
1487.6,0.0077979704,0.0024652905,0.0033849254
1487.8,0.00419875,0.0019794987,0.0021056281
1488,0.0016338995,0.0013838765,0.00092642667
1488.2,0.00075516815,0.0008515673,0.00019078304
1488.3999,0.0017867524,0.00051950006,0.00007417578
1488.6,0.00445228,0.0004701355,0.0005737846
1488.7999,0.008033901,0.0007308796,0.0015774653
1489,0.011590212,0.0012416221,0.0028795546
1489.2,0.014245193,0.0018434988,0.004160211
1489.4,0.015397983,0.0023501024,0.0050460896
1489.5999,0.014800481,0.002642608,0.0052644443
1489.7999,0.012573177,0.0026902193,0.0047657983
1490,0.009211184,0.0025056412,0.0037246314
1490.2001,0.005527773,0.00211787,0.0024456873
1490.3999,0.0024660416,0.0015912625,0.0012482967
1490.6,0.0008128969,0.0010448883,0.00038720595
1490.8,0.0009573739,0.00062538584,0.000031811014
1490.9999,0.0028185116,0.0004432164,0.00026583648
1491.2,0.0059363376,0.00053373474,0.0010556943
1491.4,0.009604254,0.00087466894,0.0022125752
1491.6001,0.012964773,0.0014145424,0.0034278962
1491.7999,0.015143254,0.0020567705,0.00438587
1492,0.015512257,0.0026299094,0.004863281
1492.2,0.0139712775,0.002936329,0.004765029
1492.3999,0.01098672,0.002878319,0.0041250866
1492.6,0.0073524453,0.0025142839,0.0030953744
1492.8,0.0039225775,0.0019749138,0.001911814
1493,0.0014929444,0.0013718975,0.0008488721
1493.2,0.0007037952,0.0008130321,0.00017435275
1493.3999,0.00181724,0.00044915726,0.00007628121
1493.6,0.00452851,0.0004256104,0.00056676596
1493.7999,0.008071648,0.0007725668,0.0014623745
1494,0.011551131,0.0013812644,0.0024966614
1494.2,0.01419319,0.002082262,0.0034500144
1494.4,0.015426334,0.0027118316,0.0041683987
1494.5999,0.014946257,0.0031272352,0.00451478
1494.7999,0.012823028,0.0032247582,0.0043729167
1495,0.009528424,0.0029753582,0.0037218146
1495.2001,0.005832082,0.0024375462,0.0026931055
1495.3999,0.002654275,0.0017383331,0.0015480351
1495.6,0.0008817747,0.0010466665,0.0005915831
1495.8,0.0010726918,0.000539609,0.00007268849
1495.9999,0.0031769357,0.00035144837,0.00011715424
1496.2,0.006551607,0.0005324879,0.0007155129
1496.4,0.010283194,0.0010438615,0.0017363374
1496.6001,0.013507334,0.0017724528,0.0029303674
1496.7999,0.015538697,0.002547106,0.0039688516
1497,0.01592031,0.0031718416,0.0045686145
1497.2,0.0145155545,0.003482914,0.0046166847
1497.3999,0.011591601,0.003396992,0.004160017
1497.6,0.0078107445,0.0029278728,0.0033098392
1497.8,0.004114465,0.0021864707,0.002220194
1498,0.0014875397,0.0013685342,0.001134608
1498.2,0.00063168653,0.0007035634,0.00034186305
1498.3999,0.0017314781,0.0003688374,0.000030284165
1498.6,0.0044772103,0.00042639917,0.00023160035
1498.7999,0.008242197,0.0008278587,0.00090417877
1499,0.012204676,0.0014632088,0.0019753946
1499.2,0.015423611,0.002198003,0.003255196
1499.4,0.017032769,0.0028775732,0.004386576
1499.5999,0.016546598,0.003329892,0.0049978467
1499.7999,0.014072256,0.0034112474,0.0049209003
1500,0.010285814,0.0030855692,0.0042299787
1500.2001,0.0061988547,0.0024544678,0.0031292995
1500.3999,0.0028201372,0.0016940915,0.0018791775
1500.6,0.0008828797,0.0009789397,0.000784763
1500.8,0.0007813618,0.00047235514,0.00013654621
1500.9999,0.0026168108,0.00032679847,0.00009210191
1501.2,0.006109596,0.00060673675,0.00061806245
1501.4,0.0104356855,0.0012059552,0.0015490259
1501.6001,0.014381796,0.0019091576,0.0026771654
1501.7999,0.016887354,0.0025420142,0.0037775205
1502,0.017442545,0.0030129415,0.0045876303
1502.2,0.0160247,0.0032398663,0.00484467
1502.3999,0.012935268,0.003129122,0.004423724
1502.6,0.008848707,0.0026637656,0.0034536363
1502.8,0.00479856,0.0019659633,0.002251322
1503,0.0018337127,0.0012320603,0.0011380429
1503.2,0.0006493133,0.00063798006,0.00034248253
1503.3999,0.0015099802,0.00032061082,0.000024712126
1503.6,0.004261588,0.00038211577,0.00027461647
1503.7999,0.0082421135,0.0008411781,0.0010346029
1504,0.012380625,0.0015809017,0.0020828578
1504.2,0.01564161,0.0023825704,0.003145023
1504.4,0.017361114,0.0030206656,0.003992677
1504.5999,0.01718171,0.0033326398,0.004436794
1504.7999,0.014996618,0.0032463316,0.0043299953
1505,0.011210358,0.002793835,0.0036625296
1505.2,0.0068623247,0.0021053792,0.0026254493
1505.3999,0.00319049,0.0013647059,0.0015180607
1505.6,0.0010880323,0.00074719655,0.00060743524
1505.8,0.0010003367,0.00038215079,0.00008753776
1505.9999,0.002997436,0.0003466565,0.0000894113
1506.2,0.0066272765,0.00066090905,0.00063528924
1506.4,0.010852112,0.0012651264,0.0015825842
1506.6001,0.014472564,0.0020040802,0.0026722846
1506.7999,0.016665107,0.0026673898,0.0036490678
1507,0.017070668,0.0030777499,0.004322661
1507.2,0.0156187685,0.0031466056,0.0045516845
1507.3999,0.01254789,0.0028617252,0.004241529
1507.6,0.008544067,0.0022754986,0.0034038636
1507.8,0.0046308017,0.0015329812,0.0022240442
1508,0.0018240216,0.00085537945,0.0010470131
1508.2,0.00083636877,0.00043061932,0.00024645153
1508.3999,0.0019123065,0.00033209036,0.00005283709
1508.6,0.004763466,0.00055580586,0.00047793536
1508.7999,0.0086741755,0.0010696923,0.0013759685
1509,0.012736515,0.0017716612,0.0025308812
1509.2,0.016019978,0.0024517097,0.0036757272
1509.4,0.017683107,0.0028950684,0.004502761
1509.5999,0.017216962,0.003019925,0.0047646943
1509.7999,0.014721496,0.0028563833,0.0044092326
1510,0.01088039,0.0024407026,0.0035856701
1510.2,0.0066636195,0.0018169631,0.002521311
1510.3999,0.0030947535,0.0011213681,0.0014311848
1510.6,0.0011082839,0.00056977326,0.00053336174
1510.8,0.0012744819,0.00033306982,0.00005946272
1510.9999,0.0035294064,0.00046793028,0.00016281482
1511.2,0.00724931,0.00093859644,0.00081306946
1511.4,0.011541462,0.0016273302,0.0018230845
1511.6001,0.015395729,0.0023394867,0.0029658638
1511.7999,0.017800894,0.002880308,0.004021586
1512,0.018096162,0.0031427348,0.00474137
1512.2,0.01629605,0.0030968837,0.004875384
1512.3999,0.012962189,0.0027400893,0.00432688
1512.6,0.008851229,0.0021213775,0.0032645902
1512.8,0.0048250114,0.0013909813,0.0020277204
1513,0.0018917585,0.0007553701,0.00093690277
1513.2,0.00093183306,0.00037633025,0.00022093217
1513.3999,0.0022523822,0.00033489958,0.000043093198
1513.6,0.0055012098,0.00064642605,0.0004710009
1513.7999,0.009910087,0.0012503567,0.0013920602
1514,0.014453869,0.002003712,0.002535008
1514.2,0.017960832,0.0027326946,0.0036121106
1514.4,0.019454045,0.0032873473,0.004403552
1514.5999,0.018549357,0.0035423194,0.0047277333
1514.7999,0.015528424,0.0034060136,0.0044461563
1515,0.011166394,0.0028863158,0.0035768603
1515.2,0.0065733427,0.0021239338,0.0023669112
1515.3999,0.0029512674,0.0013257754,0.0011871192
1515.6,0.0011874456,0.00068543607,0.00035178385
1515.8,0.0016122239,0.00036203302,0.000030166491
1515.9999,0.00409324,0.00045187096,0.00025189872
1516.2,0.008124153,0.0009227132,0.0009309994
1516.4,0.012740618,0.0016162624,0.0018938332
1516.6001,0.01665787,0.0023521069,0.002920097
1516.7999,0.018817045,0.0029990089,0.0037810954
1517,0.01880354,0.0034488395,0.0042748107
1517.2,0.016749555,0.0035922904,0.004273506
1517.3999,0.013110308,0.0033649565,0.0037641556
1517.6,0.008678701,0.0027981314,0.002851207
1517.8,0.0045572147,0.00201393,0.0017416994
1518,0.0018126208,0.0012035565,0.00072870456
1518.2,0.0011061375,0.00060063973,0.00011879206
1518.3999,0.0025972615,0.00039353015,0.0000939109
1518.6,0.0059530297,0.00061641017,0.0006361208
1518.7999,0.01033797,0.0011543195,0.0015902545
1519,0.014605038,0.0018507703,0.002742789
1519.2,0.01770596,0.0025658451,0.0038180605
1519.4,0.018954588,0.0031491222,0.004497213
1519.5999,0.018040728,0.0034354958,0.0045643053
1519.7999,0.015096971,0.003318791,0.004039045
1520,0.010837589,0.0028246872,0.0031181697
1520.2,0.0064085885,0.002103927,0.0020288024
1520.3999,0.002932726,0.0013611985,0.0009921489
1520.6,0.0011907909,0.0007711703,0.00025714558
1520.8,0.0015766181,0.0004289033,0.000039461003
1520.9999,0.0040413374,0.0003671286,0.00039429462
1521.2,0.007983164,0.0006041543,0.0011995988
1521.4,0.012370184,0.0011376168,0.0022547066
1521.6001,0.016104681,0.0018731431,0.0033386126
1521.7999,0.018307567,0.002597609,0.00419781
1522,0.018449262,0.0030825068,0.004579259
1522.2,0.016488547,0.003211541,0.0043455134
1522.3999,0.012940321,0.002988137,0.0035595782
1522.6,0.008693901,0.0024764435,0.0024543246
1522.8,0.0047377027,0.0017910629,0.0013314276
1523,0.0020146284,0.0011035164,0.00046924557
1523.2,0.0012621827,0.00058837526,0.00006527428
1523.3999,0.0026995868,0.00035504505,0.00020136347
1523.6,0.005890043,0.0004419054,0.0008207087
1523.7999,0.010024713,0.00083570677,0.0017302633
1524,0.014234016,0.001454843,0.0026642776
1524.2,0.017576812,0.0021350745,0.0033957541
1524.4,0.019070033,0.0026822737,0.0038033165
1524.5999,0.018149458,0.0029552942,0.0038381757
1524.7999,0.015124968,0.0028995364,0.00347178
1525,0.010975797,0.0025364181,0.0027274673
1525.2,0.006759745,0.0019560056,0.0017593582
1525.3999,0.0033522458,0.0013056525,0.00083898334
1525.6,0.0015121126,0.0007485264,0.00022318665
1525.8,0.0017744044,0.00041253061,0.00004517429
1525.9999,0.004135047,0.00036055176,0.00031943968
1526.2,0.007968819,0.0005836603,0.0009902301
1526.4,0.012301098,0.0010112382,0.0019364893
1526.6001,0.016111242,0.0015376977,0.0029469184
1526.7999,0.018515114,0.0020505588,0.0037400478
1527,0.018943766,0.0024436088,0.0040679323
1527.2,0.017304018,0.0026276326,0.0038442397
1527.3999,0.013981026,0.002554272,0.0031786498
1527.6,0.009721797,0.0022354908,0.0022822688
1527.8,0.0055231806,0.0017379047,0.0013552926
1528,0.0024637436,0.0011696412,0.0005693339
1528.2,0.0013859501,0.00067204674,0.00010409984
1528.3999,0.0025902898,0.00038714075,0.00011618793
1528.6,0.005779254,0.00039453266,0.0006358905
1528.7999,0.010214201,0.0006795381,0.0015269176
1529,0.014885542,0.0011663426,0.002559538
1529.2,0.01866527,0.001758575,0.0034915265
1529.4,0.020553034,0.0023404607,0.004102923
1529.5999,0.020002386,0.0027764852,0.004242728
1529.7999,0.017142557,0.0029518032,0.0038883998
1530,0.012737319,0.002819878,0.00313774
1530.2,0.007918731,0.002407989,0.0021487505
1530.3999,0.0038713822,0.0018009149,0.0011280146
1530.6,0.0015946083,0.0011385885,0.00034419727
1530.8,0.0017085787,0.0005993773,0.00004060304
1530.9999,0.004241963,0.00033746997,0.00028905453
1531.2,0.008521876,0.00042204664,0.0009837396
1531.4,0.013371904,0.0008352325,0.0019672136
1531.6001,0.01756101,0.0014994935,0.0030731217
1531.7999,0.020171268,0.002280253,0.0040515685
1532,0.020696128,0.0029806192,0.004584782
1532.2,0.019015787,0.003386976,0.0044804066
1532.3999,0.01543083,0.003367542,0.0038106171
1532.6,0.010711351,0.0029457903,0.0028124235
1532.8,0.0060081836,0.0022781417,0.001723397
1533,0.002569852,0.0015584911,0.0007588893
1533.2,0.0013458985,0.00093884894,0.0001524231
1533.3999,0.0026553762,0.00052252546,0.0000957452
1533.6,0.006114013,0.00039553377,0.00061736203
1533.7999,0.0108453175,0.0006195931,0.0015609326
1534,0.01576473,0.0011717981,0.0026764974
1534.2,0.019751662,0.0019127878,0.0037075526
1534.4,0.021786168,0.002646261,0.004429598
1534.5999,0.021216687,0.0032060365,0.004677324
1534.7999,0.018085204,0.003481356,0.0043763155
1535,0.013232735,0.003401655,0.0035690775
1535.2,0.008029399,0.002955438,0.0024318218
1535.3999,0.0038631172,0.0022367383,0.0012596087
1535.6,0.0016786776,0.0014431847,0.0003825174
1535.8,0.0018131121,0.0008007926,0.000041545092
1535.9999,0.004125019,0.0004772468,0.00031618026
1536.2,0.008146257,0.0005403859,0.0011368479
1536.4,0.013050873,0.00095764187,0.0023184936
1536.6001,0.017630547,0.0016119971,0.003572766
1536.7999,0.020614123,0.0023318122,0.0045488947
1537,0.021220464,0.002939605,0.004953503
1537.2,0.019421464,0.0033022396,0.0046880273
1537.3999,0.0157481,0.0033513845,0.0038794996
1537.6,0.011032598,0.0030729785,0.002780008
1537.8,0.006336802,0.002504957,0.001645185
1538,0.00283878,0.0017621003,0.0006934509
1538.2,0.0014831669,0.0010409812,0.00012285658
1538.3999,0.0026296643,0.0005555714,0.00009135812
1538.6,0.0059810015,0.00044711694,0.00063732796
1538.7999,0.010717587,0.0007494824,0.0016330567
1539,0.015676811,0.0014001055,0.0028411224
1539.2,0.019613305,0.0022352352,0.0040030824
1539.4,0.0215532,0.0029984724,0.004870401
1539.5999,0.02105322,0.0034413708,0.0052160784
1539.7999,0.018244764,0.0034595784,0.0049093035
1540,0.013776137,0.0031116668,0.0040093423
1540.2,0.008727565,0.0025218595,0.0027570697
1540.3999,0.0043894053,0.0018152006,0.0014721871
1540.6,0.0018747904,0.0011332394,0.00047381147
1540.8,0.0017796641,0.00063610356,0.00004268971
1540.9999,0.0040764157,0.00044540613,0.0003390667
1541.2,0.008190589,0.0005990474,0.0012945726
1541.4,0.0131413145,0.0010602215,0.0026251117
1541.6001,0.017733293,0.0017307168,0.003984421
1541.7999,0.020824362,0.0024492773,0.0050866245
1542,0.021621244,0.0030275693,0.0057068747
1542.2,0.019906476,0.0033244456,0.005668776
1542.3999,0.016107485,0.0032805593,0.0049215253
1542.6,0.011177274,0.0028983187,0.0036332612
1542.8,0.0063447384,0.0022417302,0.002160683
1543,0.0028252024,0.0014690742,0.000902032
1543.2,0.0015174971,0.0008097782,0.00016322208
1543.3999,0.0027184193,0.00045734865,0.00010012929
1543.6,0.006015036,0.0004847772,0.00070490607
1543.7999,0.01048604,0.00085914903,0.0018090861
1544,0.015053952,0.0014906881,0.0031247644
1544.2,0.018705703,0.0022391165,0.004333122
1544.4,0.020578818,0.0029090373,0.005174351
1544.5999,0.020137396,0.0033034915,0.0054856287
1544.7999,0.017440552,0.0033162273,0.0051935343
1545,0.013202464,0.0029715742,0.0043193945
1545.2,0.008507325,0.0023785485,0.003025856
1545.3999,0.004447197,0.0016693939,0.0016388989
1545.6,0.0019389319,0.0009929163,0.00055228936
1545.8,0.0016251492,0.00052979816,0.0000530137
1545.9999,0.003682216,0.0004407775,0.00023028816
1546.2,0.0076342295,0.0007543885,0.0010247894
1546.4,0.012435195,0.0013337648,0.002285693
1546.6001,0.016845739,0.0019838286,0.0037376077
1546.7999,0.01982768,0.0025618686,0.0049656187
1547,0.020731604,0.002973005,0.0055709044
1547.2,0.019337872,0.0031234778,0.005400278
1547.3999,0.015910931,0.0029475994,0.0045905337
1547.6,0.011242098,0.0024786543,0.0034067803
1547.8,0.0065104435,0.0018500728,0.0021087294
1548,0.0029345853,0.0012199187,0.00095318246
1548.2,0.001424761,0.0007197958,0.00020592561
1548.3999,0.0023912012,0.00045811755,0.00006303851
1548.6,0.0056493967,0.00051539205,0.0005677348
1548.7999,0.010383037,0.00090623234,0.0016163978
1549,0.015320793,0.0015560903,0.0029922437
1549.2,0.019180486,0.002318458,0.0043619145
1549.4,0.021082692,0.003007215,0.005320072
1549.5999,0.020655224,0.003436929,0.00555859
1549.7999,0.017973254,0.0034805492,0.00503077
1550,0.013596993,0.0031176389,0.0039363923
1550.2,0.008597387,0.002441351,0.002582342
1550.3999,0.0042870035,0.0016352021,0.0012906933
1550.6,0.0017454257,0.000929883,0.00036935927
1550.8,0.0015223026,0.0005255232,0.00004176075
1550.9999,0.0036248202,0.00051338074,0.0003458828
1551.2,0.007573336,0.0008679179,0.0011307206
1551.4,0.012438136,0.001494051,0.0021689031
1551.6001,0.01700148,0.0022479924,0.0032499447
1551.7999,0.020092988,0.0029353194,0.004173447
1552,0.020930018,0.003363075,0.0047206394
1552.2,0.019313416,0.0034307195,0.004711259
1552.3999,0.015660118,0.003151534,0.0041200947
1552.6,0.010885707,0.0025979576,0.0031158077
1552.8,0.0061648004,0.0018774506,0.0019691738
1553,0.0026526246,0.0011600117,0.0009397613
1553.2,0.0012247236,0.00065783795,0.00024210056
1553.3999,0.0022377982,0.00052672747,0.000048368478
1553.6,0.005398544,0.00079359306,0.00044087274
1553.7999,0.009880253,0.001367829,0.0013431889
1554,0.014618719,0.0020817555,0.002531692
1554.2,0.018539015,0.00273609,0.0037254577
1554.4,0.0206694,0.003171132,0.004654034
1554.5999,0.020356424,0.0033154348,0.0050832643
1554.7999,0.01760428,0.0031566806,0.004874391
1555,0.013189137,0.002704655,0.0040698852
1555.2,0.008332817,0.0020336402,0.0028952532
1555.3999,0.004222396,0.0013284234,0.001655735
1555.6,0.0017499457,0.0008040074,0.000640231
1555.8,0.0014545271,0.0005756901,0.00008808709
1555.9999,0.003446874,0.0006540735,0.00015629464
1556.2,0.0073018074,0.0010264021,0.0008620042
1556.4,0.012082157,0.0016614303,0.0020656707
1556.6001,0.016563544,0.002434783,0.003507742
1556.7999,0.019576639,0.003128578,0.004837899
1557,0.020347105,0.0035472722,0.005658475
1557.2,0.018715497,0.0036007147,0.005673198
1557.3999,0.015145602,0.0032843924,0.0048736404
1557.6,0.010542991,0.0026625225,0.0035509395
1557.8,0.0060098963,0.0018913562,0.0021094363
1558,0.0026193606,0.0011885739,0.0008977962
1558.2,0.0011923463,0.00073784054,0.00017228976
1558.3999,0.0020806051,0.0006399529,0.000095668016
1558.6,0.0050509353,0.0009289799,0.000694352
1558.7999,0.009357676,0.0015553756,0.0018259288
1559,0.013964584,0.0023401226,0.003205843
1559.2,0.017789494,0.0030287362,0.004473808
1559.4,0.01989872,0.0034407799,0.0052906186
1559.5999,0.019693187,0.0035321063,0.0054529537
1559.7999,0.017124565,0.0033187817,0.0049461545
1560,0.012823698,0.002818594,0.003899233
1560.2,0.007953344,0.0021020728,0.0025395937
1560.3999,0.0038026227,0.0013481976,0.0012038405
1560.6,0.0013888277,0.0007822291,0.00028518023
1560.8,0.0012499298,0.0005554745,0.000050471608
1560.9999,0.0033701465,0.0007020776,0.0005145619
1561.2,0.007177621,0.001172848,0.0015177997
1561.4,0.011695102,0.0018605805,0.0028400726
1561.6001,0.015836483,0.0026025013,0.0041860216
1561.7999,0.018652314,0.0032081152,0.005173973
1562,0.01944477,0.0035186452,0.0054973024
1562.2,0.01791795,0.003453738,0.0051039387
1562.3999,0.0144022275,0.0030254195,0.0041569895
1562.6,0.009860244,0.0023363167,0.002885764
1562.8,0.00550933,0.0015648479,0.0015580094
1563,0.002370876,0.00092099083,0.00051020563
1563.2,0.0010836652,0.0005807586,0.00004677452
1563.3999,0.0018936133,0.00063136546,0.00028668353
1563.6,0.004603125,0.0010469411,0.0011628941
1563.7999,0.008543513,0.0016984562,0.0025054328
1564,0.012730677,0.0023980998,0.004023211
1564.2,0.016134953,0.0029636468,0.005275535
1564.4,0.017912595,0.0032673809,0.005846685
1564.5999,0.01760671,0.0032497235,0.0056053037
1564.7999,0.015316236,0.0029184252,0.004719753
1565,0.011672539,0.0023528002,0.0034577996
1565.2,0.007583872,0.001694226,0.002078428
1565.3999,0.0039709453,0.001102335,0.00087325973
1565.6,0.0016341174,0.0007042872,0.00015188343
1565.8,0.0011290067,0.00057898037,0.00010676046
1565.9999,0.0025835992,0.00076550455,0.00073101115
1566.2,0.0056301896,0.0012515414,0.0018692085
1566.4,0.009541731,0.0019393743,0.0032739332
1566.6001,0.013409212,0.0026433358,0.004606271
1566.7999,0.01627678,0.0031531258,0.0054903626
1567,0.017368786,0.0033235364,0.005673426
1567.2,0.01639351,0.003125167,0.005147786
1567.3999,0.013644641,0.0026344561,0.0041045537
1567.6,0.009815313,0.0019875832,0.002804076
1567.8,0.005790641,0.0013351773,0.0015129792
1568,0.0025536707,0.0008192142,0.00051077397
1568.2,0.0010001194,0.0005614722,0.000061930834
1568.3999,0.0015900992,0.0006355844,0.00031351612
1568.6,0.004141285,0.001026893,0.0012060009
1568.7999,0.007954684,0.0016253544,0.002492711
1569,0.012058503,0.0022697798,0.0038419864
1569.2,0.015392654,0.002801465,0.0049286718
1569.4,0.017056067,0.0030911458,0.005490202
1569.5999,0.016637957,0.003057417,0.0053858296
1569.7999,0.014346658,0.0026975828,0.004649772
